IncidentID,AgencyORI,AgencyName,IncidentStatusDesc,County,RdwyNumber,Street,RoadwayName,StreetSfx,StreetDir,IntersectionRdwy,IntersectionRdwyName,BetweenStRdwy1,BetweenStRdwyName1,BetweenStRdwy2,BetweenStRdwyName2,Latitude,Longitude,Milepoint,CollisionDate,CollisionTime,UnitsInvolved,MotorVehiclesInvolved,NumberKilled,NumberInjured,Weather,RdwyConditionCode,HitandRun,DirAnalysisCode,MannerofCollision,RdwyCharacter,LightCondition,RampFromRdwyId,RampToRdwyId,AcceptedDate,IsSecondaryCollision,OwnerBadge,IncidentStatus,InjurySeverityCde,KABCO Code,KABCO,Environmental_Factors,Human_Factors,Vehicular_Factors
27859604,0870100,MT. STERLING POLICE DEPARTMENT,Accepted,MONTGOMERY,,,COMMONWEALTH,DR,,,,,,,,38.06736906,-83.95553531,0.006,3/8/2021,1106,3,3,0,0,CLEAR,DRY,FALSE,REAR END IN TRAFFIC LANES BOTH VEHICLES MOVING,REAR END,STRAIGHT & LEVEL,DAYLIGHT,,,44263.61606,FALSE,115,Accepted,5,5,O,,"DISTRACTION, INATTENTION",
27867897,0870000,MONTGOMERY CTY SHERIFF DEPT,Accepted,MONTGOMERY,KY0011,,MAYSVILLE,RD,,,,,,,,38.10393566,-83.95209877,10.772,3/6/2021,0,1,1,0,1,CLEAR,DRY,FALSE,COLLISION WITH FIXED OBJECT NON - INTERSECTION - FIRST EVENT COLLISION 09 - 32 EXCLUDING 16,SINGLE VEHICLE,STRAIGHT & LEVEL,DARK-HWY NOT LIGHTED,,,44265.42898,FALSE,234,Accepted,5,4,C,,"ALCOHOL INVOLVEMENT, NOT UNDER PROPER CONTROL",
27867904,0870000,MONTGOMERY CTY SHERIFF DEPT,Accepted,MONTGOMERY,US0460,,CAMARGO,RD,,,,,,,,37.99342452,-83.8860278,15.144,3/6/2021,1620,2,2,0,0,CLEAR,DRY,FALSE,1 VEHICLE ENTERING/LEAVING ENTRANCE,ANGLE,STRAIGHT & LEVEL,DAYLIGHT,,,44265.42933,FALSE,292,Accepted,5,5,O,,INATTENTION,
27868063,0870000,MONTGOMERY CTY SHERIFF DEPT,Accepted,MONTGOMERY,,,OLD OWINGSVILLE,RD,,,,,,,,38.07150235,-83.91683969,1.089,3/5/2021,2006,2,2,0,0,CLEAR,DRY,FALSE,REAR END IN TRAFFIC LANES BOTH VEHICLES MOVING,REAR END,STRAIGHT & LEVEL,DARK-HWY NOT LIGHTED,,,44265.44974,FALSE,292,Accepted,5,5,O,,INATTENTION,
27868068,0870000,MONTGOMERY CTY SHERIFF DEPT,Accepted,MONTGOMERY,US0060,,WINCHESTER,RD,,,,,,,,38.05289624,-83.96589724,3.792,3/9/2021,1803,2,2,0,0,CLEAR,DRY,FALSE,SIDESWIPE COLLISION - OPPOSITE DIRECTION,SIDESWIPE-OPPOSITE DIRECTION,STRAIGHT & HILLCREST,DAYLIGHT,,,44265.45019,FALSE,246,Accepted,5,5,O,,"FAILED TO KEEP PROPER LANE, NOT UNDER PROPER CONTROL",
27869288,0870100,MT. STERLING POLICE DEPARTMENT,Accepted,MONTGOMERY,US0060,424,MAIN,ST,W,,,,,,,38.05428446,-83.95201282,4.561,3/9/2021,1209,2,2,0,2,CLEAR,DRY,FALSE,HEAD-ON COLLISION,HEAD ON,STRAIGHT & LEVEL,DAYLIGHT,,,44265.66386,FALSE,153,Accepted,3,3,B,,"DRUG INVOLVEMENT, EXCEEDED STATED SPEED LIMIT, FAILED TO KEEP PROPER LANE",
27874202,0870000,MONTGOMERY CTY SHERIFF DEPT,Accepted,MONTGOMERY,,,WESTFIELD,WAY,,,,,,,,38.04138236,-83.9723934,0.087,2/27/2021,1442,1,1,0,0,CLEAR,DRY,FALSE,COLLISION WITH NON-FIXED OBJECT ,SINGLE VEHICLE,STRAIGHT & LEVEL,DAYLIGHT,,,44266.71229,FALSE,226,Accepted,5,5,O,,MISJUDGE CLEARANCE,
27874206,0870000,MONTGOMERY CTY SHERIFF DEPT,Accepted,MONTGOMERY,US0460,,MAIN,ST,,,,,,,,37.97566541,-83.84884292,17.554,3/9/2021,746,2,2,0,1,CLEAR,DRY,FALSE,1 VEHICLE ENTERING/LEAVING ENTRANCE,ANGLE,STRAIGHT & LEVEL,DAYLIGHT,,,44266.71234,FALSE,226,Accepted,4,4,C,GLARE (SUN),FAILED TO YIELD RIGHT OF WAY,
27879075,0870100,MT. STERLING POLICE DEPARTMENT,Accepted,MONTGOMERY,US0460,,CAMARGO,RD,,,WILLIN,,,,,38.04107679,-83.9341257,10.761,2/27/2021,1502,2,2,0,0,CLOUDY,DRY,FALSE,ANGLE COLLISION - OTHER,ANGLE,STRAIGHT & LEVEL,DAYLIGHT,,,44268.03278,FALSE,128,Accepted,5,5,O,,INATTENTION,
27883936,0870100,MT. STERLING POLICE DEPARTMENT,Accepted,MONTGOMERY,KY0686,,INDIAN MOUND,DR,,US0060,WINCHESTER,,,,,38.05387655,-83.95658576,1.658,3/13/2021,1910,2,2,0,0,CLEAR,DRY,TRUE,HEAD-ON COLLISION,HEAD ON,STRAIGHT & LEVEL,DARK-HWY LIGHTED/ON,,,44269.73039,FALSE,152,Accepted,5,5,O,OTHER,OTHER,
27893379,0870100,MT. STERLING POLICE DEPARTMENT,Accepted,MONTGOMERY,US0460,517,MAYSVILLE,ST,N,,,,,,,38.0693724,-83.94647371,8.627,3/12/2021,937,2,2,0,0,RAINING,WET,FALSE,SIDESWIPE COLLISION - SAME DIRECTION,SIDESWIPE-SAME DIRECTION,STRAIGHT & HILLCREST,DAYLIGHT,,,44271.80869,FALSE,155,Accepted,5,5,O,,MISJUDGE CLEARANCE,
27893382,0870100,MT. STERLING POLICE DEPARTMENT,Accepted,MONTGOMERY,,,RICHMOND,AVE,,,ESTILL TERACE,,,,,38.04809604,-83.94838061,0.469,3/7/2021,1102,2,2,0,1,CLEAR,DRY,FALSE,COLLISION WITH FIXED OBJECT IN INTERSECTION - FIRST EVENT COLLISION 09 - 32,ANGLE,STRAIGHT & LEVEL,DAYLIGHT,,,44271.80874,FALSE,155,Accepted,5,3,B,VIEW OBSTRUCTED/LIMITED DUE TO RDWY,FAILED TO YIELD RIGHT OF WAY,
27893385,0870100,MT. STERLING POLICE DEPARTMENT,Accepted,MONTGOMERY,US0460,,APPERSON,HTS,,,,,,,,38.04958276,-83.94069832,10.037,3/15/2021,1102,1,1,0,0,RAINING,WET,FALSE,COLLISION WITH FIXED OBJECT NON - INTERSECTION - FIRST EVENT COLLISION 09 - 32 EXCLUDING 16,SINGLE VEHICLE,STRAIGHT & LEVEL,DAYLIGHT,,,44271.80879,FALSE,156,Accepted,5,5,O,SLIPPERY SURFACE,NOT UNDER PROPER CONTROL,"BRAKES DEFECTIVE, STEERING FAILURE"
27893390,0870100,MT. STERLING POLICE DEPARTMENT,Accepted,MONTGOMERY,KY0686,,INDIAN MOUND,DR,,KY0713,GRASSY LICK,,,,,38.05803319,-83.95596394,1.357,3/8/2021,1508,2,2,0,1,CLEAR,DRY,FALSE,ANGLE COLLISION - OTHER,ANGLE,STRAIGHT & LEVEL,DAYLIGHT,,,44271.80885,FALSE,152,Accepted,4,4,C,,DISREGARD TRAFFIC CONTROL,
27896611,0870000,MONTGOMERY CTY SHERIFF DEPT,Accepted,MONTGOMERY,,,CAMARGO LEVEE,RD,,,,,,,,37.96892803,-83.88476366,1.408,3/12/2021,1416,1,1,0,0,CLOUDY,WET,FALSE,COLLISION WITH FIXED OBJECT NON - INTERSECTION - FIRST EVENT COLLISION 09 - 32 EXCLUDING 16,SINGLE VEHICLE,CURVE & LEVEL,DAYLIGHT,,,44272.55247,FALSE,226,Accepted,5,5,O,SLIPPERY SURFACE,"NOT UNDER PROPER CONTROL, TOO FAST FOR CONDITIONS",
27896613,0870000,MONTGOMERY CTY SHERIFF DEPT,Accepted,MONTGOMERY,,,OLD OWINGSVILLE,RD,,,,,,,,38.07950059,-83.90417004,0.196,2/28/2021,1227,1,1,0,0,CLEAR,DRY,FALSE,OTHER COLLISIONS ON SHOULDER,SINGLE VEHICLE,STRAIGHT & LEVEL,DAYLIGHT,,,44272.55259,FALSE,241,Accepted,5,5,O,,NOT UNDER PROPER CONTROL,
27896619,0870000,MONTGOMERY CTY SHERIFF DEPT,Accepted,MONTGOMERY,KY0011,1004,LEVEE,RD,,,,,,,,38.03809658,-83.94964808,9.033,3/13/2021,628,1,1,0,0,CLEAR,DRY,FALSE,COLLISION WITH FIXED OBJECT NON - INTERSECTION - FIRST EVENT COLLISION 09 - 32 EXCLUDING 16,SINGLE VEHICLE,CURVE & LEVEL,DARK-HWY NOT LIGHTED,,,44272.55286,FALSE,234,Accepted,5,5,O,ANIMALS ACTION,"EXCEEDED STATED SPEED LIMIT, FAILED TO KEEP PROPER LANE, NOT UNDER PROPER CONTROL",
27898599,0870100,MT. STERLING POLICE DEPARTMENT,Accepted,MONTGOMERY,US0460,,CAMARGO,RD,,,,,,,,38.04187122,-83.9342315,10.706,3/17/2021,1209,3,3,0,0,CLOUDY,DRY,TRUE,OTHER ROADWAY OR MID-BLOCK COLLISION,REAR END,STRAIGHT & LEVEL,DAYLIGHT,,,44272.9026,FALSE,156,Accepted,5,5,O,,,
27903274,0870100,MT. STERLING POLICE DEPARTMENT,Accepted,MONTGOMERY,,,VANCE,DR,,,YOUNG,,,,,38.07437479,-83.9514641,0.055,3/12/2021,1948,2,2,0,0,CLEAR,DRY,FALSE,ANGLE COLLISION - OTHER,ANGLE,STRAIGHT & LEVEL,DARK-HWY LIGHTED/ON,,,44273.97754,FALSE,144,Accepted,5,5,O,,INATTENTION,
27903275,0870100,MT. STERLING POLICE DEPARTMENT,Accepted,MONTGOMERY,,,WHITLEDGE,HTS,,,,,,,,38.04621876,-83.95081186,0.084,3/17/2021,39,2,2,0,0,CLEAR,DRY,TRUE,1 VEHICLE PARKED POSITION (NOT PARKING LOT/DRIVEWAY),ANGLE,STRAIGHT & LEVEL,DARK-HWY LIGHTED/OFF,,,44273.97758,FALSE,154,Accepted,5,5,O,,,
27908763,0870100,MT. STERLING POLICE DEPARTMENT,Accepted,MONTGOMERY,,,MAYSVILLE,,N,,I 64 E EXIT 110 OFF RAMP ,,,,,38.07688629,-83.9493257,,3/19/2021,1121,2,2,0,2,CLEAR,DRY,FALSE,ANGLE COLLISION - OTHER,ANGLE,STRAIGHT & LEVEL,DAYLIGHT,,,44275.62661,FALSE,153,Accepted,5,3,B,,INATTENTION,
27915236,0870000,MONTGOMERY CTY SHERIFF DEPT,Accepted,MONTGOMERY,KY0646,407,NEST EGG,RD,,,,,,,,37.96885025,-83.93824738,4.653,3/16/2021,1917,1,1,0,0,CLEAR,DRY,FALSE,RAN OFF ROADWAY (1 VEHICLE WITH/EARTH EMBANKMENT/DITCH),SINGLE VEHICLE,STRAIGHT & LEVEL,DAYLIGHT,,,44277.50729,FALSE,246,Accepted,5,5,O,,DISTRACTION,
27928940,0870000,MONTGOMERY CTY SHERIFF DEPT,Accepted,MONTGOMERY,US0060,,WINCHESTER,RD,,,,,,,,38.05291455,-83.96546005,3.815,2/13/2021,1834,2,2,0,1,CLEAR,DRY,FALSE,REAR END IN TRAFFIC LANES BOTH VEHICLES MOVING,REAR END,STRAIGHT & LEVEL,DARK-HWY NOT LIGHTED,,,44280.46826,FALSE,292,Accepted,3,3,B,,INATTENTION,
27928942,0870000,MONTGOMERY CTY SHERIFF DEPT,Accepted,MONTGOMERY,,,JAMIE RIDGE,DR,,,,,,,,38.07200989,-83.89915923,0.074,3/15/2021,2330,2,2,0,0,CLEAR,DRY,FALSE,1 VEHICLE PARKED POSITION (NOT PARKING LOT/DRIVEWAY),SIDESWIPE-SAME DIRECTION,STRAIGHT & LEVEL,DARK-HWY NOT LIGHTED,,,44280.46837,FALSE,241,Accepted,5,5,O,,INATTENTION,
27928952,0870000,MONTGOMERY CTY SHERIFF DEPT,Accepted,MONTGOMERY,KY0646,,NEST EGG,RD,,,FOUR WINDS,,,,,37.95920656,-83.96937392,6.646,3/17/2021,1813,2,2,0,0,CLOUDY,DRY,FALSE,ANGLE COLLISION - OTHER,ANGLE,STRAIGHT & HILLCREST,DAYLIGHT,,,44280.46875,FALSE,238,Accepted,5,5,O,,MISJUDGE CLEARANCE,
27929024,0870000,MONTGOMERY CTY SHERIFF DEPT,Accepted,MONTGOMERY,US0060,3060,OWINGSVILLE,RD,,,,,,,,38.08604535,-83.89790116,8.533,3/19/2021,156,2,2,0,0,CLEAR,DRY,TRUE,1 VEHICLE PARKED POSITION (NOT PARKING LOT/DRIVEWAY),BACKING,STRAIGHT & LEVEL,DARK-HWY LIGHTED/ON,,,44280.49151,FALSE,231,Accepted,5,5,O,,"INATTENTION, MISJUDGE CLEARANCE",
27929031,0870000,MONTGOMERY CTY SHERIFF DEPT,Accepted,MONTGOMERY,,,OLD OWINGSVILLE,RD,,,,,,,,38.06310244,-83.92960862,2.052,3/20/2021,2051,2,2,0,0,CLEAR,DRY,TRUE,SIDESWIPE COLLISION - OPPOSITE DIRECTION,SIDESWIPE-OPPOSITE DIRECTION,STRAIGHT & GRADE,DARK-HWY NOT LIGHTED,,,44280.49185,FALSE,246,Accepted,5,5,O,,NOT UNDER PROPER CONTROL,
27929032,0870000,MONTGOMERY CTY SHERIFF DEPT,Accepted,MONTGOMERY,US0460,,CAMARGO,RD,,,,,,,,38.02698,-83.92147355,11.985,3/24/2021,2027,2,2,0,1,CLEAR,DRY,FALSE,REAR END IN TRAFFIC LANES BOTH VEHICLES MOVING,REAR END,STRAIGHT & GRADE,DARK-HWY NOT LIGHTED,,,44280.49194,FALSE,246,Accepted,3,3,B,,"ALCOHOL INVOLVEMENT, NOT UNDER PROPER CONTROL",
27932884,0870000,MONTGOMERY CTY SHERIFF DEPT,Accepted,MONTGOMERY,,,TINA,CT,,,,,,,,38.03926597,-83.96409733,0.042,3/24/2021,1207,2,2,0,0,CLEAR,DRY,FALSE,1 VEHICLE PARKED POSITION (NOT PARKING LOT/DRIVEWAY),BACKING,STRAIGHT & LEVEL,DAYLIGHT,,,44281.5374,FALSE,228,Accepted,5,5,O,,,
27932890,0870000,MONTGOMERY CTY SHERIFF DEPT,Accepted,MONTGOMERY,KY0213,,BEDFORD,RD,,,,,,,,38.00714799,-83.83452505,7.727,3/23/2021,1134,2,2,0,1,CLEAR,DRY,FALSE,1 VEHICLE ENTERING/LEAVING ENTRANCE,ANGLE,STRAIGHT & GRADE,DAYLIGHT,,,44281.54004,FALSE,226,Accepted,4,4,C,,FAILED TO YIELD RIGHT OF WAY,
27932891,0870000,MONTGOMERY CTY SHERIFF DEPT,Accepted,MONTGOMERY,KY0713,,GRASSY LICK,RD,,,,,,,,38.05874336,-83.96067425,5.549,3/24/2021,815,1,1,0,0,CLEAR,DRY,FALSE,COLLISION WITH ANIMAL NON INTERSECTION,SINGLE VEHICLE,STRAIGHT & HILLCREST,DAYLIGHT,,,44281.54022,FALSE,226,Accepted,5,5,O,ANIMALS ACTION,,
27932893,0870000,MONTGOMERY CTY SHERIFF DEPT,Accepted,MONTGOMERY,KY0686,,INDIAN MOUND,DR,,,,,,,,38.05460255,-83.91677483,4.846,3/25/2021,1132,2,2,0,0,CLOUDY,DRY,FALSE,1 VEHICLE ENTERING/LEAVING ENTRANCE,ANGLE,STRAIGHT & LEVEL,DAYLIGHT,,,44281.54035,FALSE,226,Accepted,5,5,O,,FAILED TO YIELD RIGHT OF WAY,
27942565,0870000,MONTGOMERY CTY SHERIFF DEPT,Accepted,MONTGOMERY,US0460,,PARIS,RD,,,,,,,,38.09021209,-83.96236488,6.608,3/28/2021,1313,1,1,0,0,CLOUDY,DRY,FALSE,COLLISION WITH FIXED OBJECT NON - INTERSECTION - FIRST EVENT COLLISION 09 - 32 EXCLUDING 16,SINGLE VEHICLE,STRAIGHT & GRADE,DAYLIGHT,,,44284.5151,FALSE,228,Accepted,5,5,O,,,"LOAD SECUREMENT, OVERSIZED LOAD ON VEHICLE"
27942571,0870000,MONTGOMERY CTY SHERIFF DEPT,Accepted,MONTGOMERY,,,OLD OWINGSVILLE,RD,,,,,,,,38.0712789,-83.91986237,1.264,3/28/2021,159,1,1,0,1,RAINING,WET,FALSE,RAN OFF ROADWAY (1 VEHICLE WITH/EARTH EMBANKMENT/DITCH),SINGLE VEHICLE,CURVE & LEVEL,DARK-HWY NOT LIGHTED,,,44284.51546,FALSE,234,Accepted,5,3,B,SLIPPERY SURFACE,ALCOHOL INVOLVEMENT,
27942573,0870000,MONTGOMERY CTY SHERIFF DEPT,Accepted,MONTGOMERY,,702,LORENE,CIR,,,,,,,,38.06531493,-83.95313481,0.014,3/22/2021,2222,2,2,0,0,CLEAR,DRY,FALSE,REAR END IN TRAFFIC LANES BOTH VEHICLES MOVING,REAR END,STRAIGHT & HILLCREST,DARK-HWY NOT LIGHTED,,,44284.51569,FALSE,234,Accepted,5,5,O,,INATTENTION,OTHER
27942574,0870000,MONTGOMERY CTY SHERIFF DEPT,Accepted,MONTGOMERY,KY0646,,WILLOUGHBY TOWN,RD,,,,,,,,37.95270303,-83.89209733,1.823,3/23/2021,1234,1,1,0,1,CLOUDY,DRY,FALSE,OTHER COLLISIONS ON SHOULDER,SINGLE VEHICLE,STRAIGHT & LEVEL,DAYLIGHT,,,44284.51577,FALSE,275,Accepted,4,4,C,,"INATTENTION, NOT UNDER PROPER CONTROL",
27948958,0870100,MT. STERLING POLICE DEPARTMENT,Accepted,MONTGOMERY,KY0686,,INDIAN MOUND,DR,,,,,,,,38.04224292,-83.93414602,3.492,3/19/2021,807,2,2,0,0,CLEAR,DRY,FALSE,OTHER ROADWAY OR MID-BLOCK COLLISION,REAR END,STRAIGHT & LEVEL,DAYLIGHT,,,44285.95925,FALSE,115,Accepted,5,5,O,,INATTENTION,
27956142,0870100,MT. STERLING POLICE DEPARTMENT,Accepted,MONTGOMERY,KY0686,,INDIAN MOUND,DR,,,,,,,,38.07411532,-83.94858346,0.015,3/30/2021,2010,2,2,0,0,CLEAR,DRY,FALSE,SIDESWIPE COLLISION - SAME DIRECTION,SIDESWIPE-SAME DIRECTION,STRAIGHT & LEVEL,DUSK,,,44287.6259,FALSE,129,Accepted,5,5,O,,INATTENTION,
27956148,0870100,MT. STERLING POLICE DEPARTMENT,Accepted,MONTGOMERY,KY0686,,INDIAN MOUND,DR,,,COMMONWEALTH,,,,,38.06734693,-83.95546233,0.719,3/31/2021,1353,2,2,0,0,CLOUDY,DRY,FALSE,ANGLE COLLISION - OTHER,ANGLE,STRAIGHT & LEVEL,DAYLIGHT,,,44287.62634,FALSE,153,Accepted,5,5,O,,INATTENTION,
27968057,0870100,MT. STERLING POLICE DEPARTMENT,Accepted,MONTGOMERY,,,FALCON,DR,,,WINGTIP,,,,,38.07566285,-83.94842838,0.002,4/2/2021,2206,2,2,0,0,CLEAR,DRY,FALSE,ANGLE COLLISION - OTHER,ANGLE,STRAIGHT & LEVEL,DARK-HWY LIGHTED/ON,,,44289.97409,FALSE,154,Accepted,5,5,O,,"FAILED TO YIELD RIGHT OF WAY, INATTENTION",
27968058,0870100,MT. STERLING POLICE DEPARTMENT,Accepted,MONTGOMERY,US0060,,MAIN,ST,W,US0460,BANK,,,,,38.05614115,-83.9432621,5.048,4/3/2021,1540,2,2,0,0,CLEAR,DRY,FALSE,OPPOSING LEFT TURN,OPPOSING LEFT TURN,STRAIGHT & LEVEL,DAYLIGHT,,,44289.97416,FALSE,154,Accepted,5,5,O,,,
27970972,0870100,MT. STERLING POLICE DEPARTMENT,Accepted,MONTGOMERY,US0460,,MAYSVILLE,ST,N,,EVANS,,,,,38.07563122,-83.94886633,8.174,4/3/2021,1054,2,2,0,0,CLEAR,DRY,FALSE,OTHER INTERSECTION COLLISIONS,REAR END,STRAIGHT & LEVEL,DAYLIGHT,,,44291.03967,FALSE,155,Accepted,5,5,O,,INATTENTION,
27982599,0870100,MT. STERLING POLICE DEPARTMENT,Accepted,MONTGOMERY,KY0686,,INDIAN MOUND,DR,,,,,,,,38.07017686,-83.95508999,0.524,4/1/2021,1447,2,2,0,0,CLEAR,DRY,FALSE,SIDESWIPE COLLISION - SAME DIRECTION,SIDESWIPE-SAME DIRECTION,STRAIGHT & LEVEL,DAYLIGHT,,,44293.60525,FALSE,115,Accepted,5,5,O,,INATTENTION,MIRRORS
27982602,0870100,MT. STERLING POLICE DEPARTMENT,Accepted,MONTGOMERY,KY0686,,INDIAN MOUND,DR,,,,,,,,38.04206591,-83.93471375,3.49,3/25/2021,2143,2,2,0,0,CLEAR,DRY,FALSE,SIDESWIPE COLLISION - SAME DIRECTION,SIDESWIPE-SAME DIRECTION,STRAIGHT & LEVEL,DARK-HWY LIGHTED/ON,,,44293.60531,FALSE,145,Accepted,5,5,O,,MISJUDGE CLEARANCE,
27988449,0870100,MT. STERLING POLICE DEPARTMENT,Accepted,MONTGOMERY,KY0713,,LOCUST,ST,E,,FOX,,,,,38.05677144,-83.93493418,6.677,4/8/2021,1002,2,2,0,1,RAINING,WET,FALSE,ANGLE COLLISION - OTHER,ANGLE,STRAIGHT & GRADE,DAYLIGHT,,,44294.93682,FALSE,128,Accepted,5,2,A,,FAILED TO YIELD RIGHT OF WAY,
27990836,0870000,MONTGOMERY CTY SHERIFF DEPT,Accepted,MONTGOMERY,,,PARKVIEW PLACE MOBILE HOME PARK,LOOP,,,,,,,,38.07479156,-83.91294993,0.158,3/29/2021,1547,2,2,0,0,CLEAR,DRY,FALSE,1 VEHICLE PARKED POSITION (NOT PARKING LOT/DRIVEWAY),BACKING,STRAIGHT & LEVEL,DAYLIGHT,,,44295.56928,FALSE,228,Accepted,5,5,O,,,
27991287,0870000,MONTGOMERY CTY SHERIFF DEPT,Accepted,MONTGOMERY,US0460,,CAMARGO,RD,,,,,,,,37.99423924,-83.88803159,15.023,3/30/2021,746,2,2,0,0,CLEAR,DRY,FALSE,1 VEHICLE ENTERING/LEAVING ENTRANCE,ANGLE,STRAIGHT & LEVEL,DAWN,,,44295.64853,FALSE,226,Accepted,5,5,O,GLARE (SUN),FAILED TO YIELD RIGHT OF WAY,
27991291,0870000,MONTGOMERY CTY SHERIFF DEPT,Accepted,MONTGOMERY,KY0686,,INDIAN MOUND,DR,,,OLD OWINGSVILLE,,,,,38.07156722,-83.91680344,6.084,3/29/2021,1556,2,2,0,1,CLEAR,DRY,FALSE,ANGLE COLLISION - OTHER,ANGLE,STRAIGHT & LEVEL,DAYLIGHT,,,44295.64896,FALSE,238,Accepted,5,4,C,,"NOT UNDER PROPER CONTROL, OTHER",
28002577,0870100,MT. STERLING POLICE DEPARTMENT,Accepted,MONTGOMERY,,,SILVER LAKE,DR,,,TWIN LAKE,,,,,38.07866956,-83.95640429,0.441,4/12/2021,532,2,2,0,0,CLOUDY,DRY,FALSE,ANGLE COLLISION - ONE VEHICLE TURNING LEFT,ANGLE,STRAIGHT & GRADE,DARK-HWY LIGHTED/ON,,,44298.69532,FALSE,128,Accepted,5,5,O,,ALCOHOL INVOLVEMENT,
28002579,0870100,MT. STERLING POLICE DEPARTMENT,Accepted,MONTGOMERY,KY0686,,INDIAN MOUND,DR,,,,,,,,38.04187379,-83.93447138,3.499,4/12/2021,1322,1,1,0,0,CLEAR,DRY,FALSE,RAN OFF ROADWAY (1 VEHICLE WITH/EARTH EMBANKMENT/DITCH),SINGLE VEHICLE,STRAIGHT & LEVEL,DAYLIGHT,,,44298.69549,FALSE,156,Accepted,5,5,O,,"NOT UNDER PROPER CONTROL, PHYSICAL DISABILITY",
28006927,0870000,MONTGOMERY CTY SHERIFF DEPT,Accepted,MONTGOMERY,KY0686,,INDIAN MOUND,DR,,,,,,,,38.04218167,-83.95109536,2.58,4/7/2021,1530,2,2,0,0,CLEAR,DRY,FALSE,REAR END IN TRAFFIC LANES BOTH VEHICLES MOVING,REAR END,STRAIGHT & LEVEL,DAYLIGHT,,,44299.67954,FALSE,228,Accepted,5,5,O,,,
28016872,0870000,MONTGOMERY CTY SHERIFF DEPT,Accepted,MONTGOMERY,,1013,RAVEN,AVE,,,,,,,,38.06476736,-83.88094719,0.048,4/3/2021,130,2,2,0,0,CLEAR,DRY,FALSE,1 VEHICLE PARKED POSITION (NOT PARKING LOT/DRIVEWAY),SIDESWIPE-OPPOSITE DIRECTION,STRAIGHT & LEVEL,DARK-HWY NOT LIGHTED,,,44301.74052,FALSE,241,Accepted,5,5,O,,INATTENTION,
28016877,0870000,MONTGOMERY CTY SHERIFF DEPT,Accepted,MONTGOMERY,US0060,,OWINGSVILLE,RD,,,,,,,,38.07482013,-83.91880062,7.181,4/7/2021,2132,2,2,0,0,CLEAR,DRY,FALSE,OTHER ROADWAY OR MID-BLOCK COLLISION,OPPOSING LEFT TURN,STRAIGHT & LEVEL,DARK-HWY NOT LIGHTED,,,44301.74073,FALSE,246,Accepted,5,5,O,,MISJUDGE CLEARANCE,
28016878,0870000,MONTGOMERY CTY SHERIFF DEPT,Accepted,MONTGOMERY,KY0213,,KY213,,,,,,,,,37.97138772,-83.85555935,4.901,4/9/2021,1333,1,1,0,0,CLEAR,DRY,FALSE,COLLISION WITH FIXED OBJECT NON - INTERSECTION - FIRST EVENT COLLISION 09 - 32 EXCLUDING 16,SINGLE VEHICLE,STRAIGHT & LEVEL,DAYLIGHT,,,44301.74078,FALSE,241,Accepted,5,5,O,,INATTENTION,
28022139,0870100,MT. STERLING POLICE DEPARTMENT,Accepted,MONTGOMERY,KY0011,,LEVEE,RD,,,,,,,,38.04825542,-83.94292832,9.808,4/16/2021,1603,3,3,0,0,CLEAR,DRY,FALSE,OTHER ROADWAY OR MID-BLOCK COLLISION,OPPOSING LEFT TURN,STRAIGHT & LEVEL,DAYLIGHT,,,44302.89683,TRUE,149,Accepted,5,5,O,,INATTENTION,
28033326,0870100,MT. STERLING POLICE DEPARTMENT,Accepted,MONTGOMERY,US0460,,MAYSVILLE,ST,N,,,,,,,38.07664269,-83.94923166,8.101,4/16/2021,1008,2,2,0,0,CLEAR,DRY,FALSE,SIDESWIPE COLLISION - SAME DIRECTION,SIDESWIPE-SAME DIRECTION,STRAIGHT & LEVEL,DAYLIGHT,,,44306.09395,FALSE,115,Accepted,5,5,O,,INATTENTION,
28034958,0870000,MONTGOMERY CTY SHERIFF DEPT,Accepted,MONTGOMERY,US0460,,CAMARGO,RD,,,MURPHY,,,,,37.99490963,-83.88983014,14.909,4/12/2021,1652,2,2,0,0,CLEAR,DRY,FALSE,OTHER INTERSECTION COLLISIONS,REAR END,STRAIGHT & LEVEL,DAYLIGHT,,,44306.47013,FALSE,245,Accepted,5,5,O,,INATTENTION,
28034969,0870000,MONTGOMERY CTY SHERIFF DEPT,Accepted,MONTGOMERY,KY0599,2410,KY599,,,,,,,,,37.93349312,-83.83679766,2.926,4/14/2021,1339,2,2,0,0,RAINING,WET,FALSE,SIDESWIPE COLLISION - OPPOSITE DIRECTION,SIDESWIPE-OPPOSITE DIRECTION,CURVE & LEVEL,DAYLIGHT,,,44306.47065,FALSE,246,Accepted,5,5,O,,"MISJUDGE CLEARANCE, NOT UNDER PROPER CONTROL",
28035217,0870000,MONTGOMERY CTY SHERIFF DEPT,Accepted,MONTGOMERY,KY0686,,INDIAN MOUND,DR,,,RICHMOND,,,,,38.04231982,-83.95065071,2.602,4/19/2021,1711,2,2,0,4,CLEAR,DRY,FALSE,SIDESWIPE-SAME DIRECTION,SIDESWIPE-SAME DIRECTION,STRAIGHT & GRADE,DAYLIGHT,,,44306.51685,FALSE,245,Accepted,5,2,A,,FAILED TO YIELD RIGHT OF WAY,