IncidentID,AgencyORI,AgencyName,IncidentStatusDesc,County,RdwyNumber,Street,RoadwayName,StreetSfx,StreetDir,IntersectionRdwy,IntersectionRdwyName,BetweenStRdwy1,BetweenStRdwyName1,BetweenStRdwy2,BetweenStRdwyName2,Latitude,Longitude,Milepoint,CollisionDate,CollisionTime,UnitsInvolved,MotorVehiclesInvolved,NumberKilled,NumberInjured,Weather,RdwyConditionCode,HitandRun,DirAnalysisCode,MannerofCollision,RdwyCharacter,LightCondition,RampFromRdwyId,RampToRdwyId,AcceptedDate,IsSecondaryCollision,OwnerBadge,IncidentStatus,InjurySeverityCde,KABCO Code,KABCO,Environmental_Factors,Human_Factors,Vehicular_Factors
28035234,0870000,MONTGOMERY CTY SHERIFF DEPT,Accepted,MONTGOMERY,,,ARLINGTON,AVE,,,JAMIE RIDGE,,,,,38.07354002,-83.89967903,0.466,4/15/2021,736,2,2,0,0,CLEAR,DRY,FALSE,VEHICLE BACKING IN INTERSECTION,BACKING,STRAIGHT & LEVEL,DAYLIGHT,,,44306.51698,FALSE,231,Accepted,5,5,O,,INATTENTION,
28035310,0870000,MONTGOMERY CTY SHERIFF DEPT,Accepted,MONTGOMERY,US0460,,CAMARGO,RD,,,,,,,,37.99513841,-83.89036023,14.876,4/15/2021,1541,2,2,0,0,CLEAR,DRY,TRUE,1 VEHICLE ENTERING/LEAVING ENTRANCE,ANGLE,STRAIGHT & LEVEL,DAYLIGHT,,,44306.53945,FALSE,226,Accepted,5,5,O,,,
28035312,0870000,MONTGOMERY CTY SHERIFF DEPT,Accepted,MONTGOMERY,,3736,CAMARGO HEIGHTS,DR,,,,,,,,38.00313034,-83.90315492,0.156,4/16/2021,1407,1,1,0,0,CLEAR,DRY,FALSE,COLLISION WITH FIXED OBJECT NON - INTERSECTION - FIRST EVENT COLLISION 09 - 32 EXCLUDING 16,SINGLE VEHICLE,STRAIGHT & GRADE,DAYLIGHT,,,44306.53953,FALSE,226,Accepted,5,5,O,,NOT UNDER PROPER CONTROL,
28035373,0870000,MONTGOMERY CTY SHERIFF DEPT,Accepted,MONTGOMERY,US0060,,OWINGSVILLE,RD,,,,,,,,38.06732026,-83.93107452,6.27,4/14/2021,1051,2,1,0,0,RAINING,WET,FALSE,REAR END IN TRAFFIC LANES BOTH VEHICLES MOVING,REAR END,STRAIGHT & GRADE,DAYLIGHT,,,44306.51651,FALSE,228,Accepted,5,5,O,SLIPPERY SURFACE,,
28040840,0870100,MT. STERLING POLICE DEPARTMENT,Accepted,MONTGOMERY,US0460,338,MAYSVILLE,ST,N,,,,,,,38.06326113,-83.94445572,9.066,4/19/2021,2138,1,1,0,0,CLEAR,DRY,FALSE,,SINGLE VEHICLE,STRAIGHT & LEVEL,DARK-HWY LIGHTED/ON,,,44307.71589,FALSE,130,Accepted,5,5,O,,,BRAKES DEFECTIVE
28043398,0870200,MONTGOMERY CO SCHOOL DIST PD,Accepted,MONTGOMERY,,,TECHNOLOGY CENTER ONE,WAY,,,,,,,,38.04338758,-83.94054499,0.062,4/21/2021,1230,2,2,0,0,CLEAR,DRY,FALSE,1 VEHICLE PARKED POSITION (NOT PARKING LOT/DRIVEWAY),BACKING,STRAIGHT & LEVEL,DAYLIGHT,,,44308.46962,FALSE,700,Accepted,5,5,O,,MISJUDGE CLEARANCE,
28050794,0870000,MONTGOMERY CTY SHERIFF DEPT,Accepted,MONTGOMERY,KY0686,,INDIAN MOUND,DR,,,,,,,,38.04209187,-83.95093786,2.609,4/21/2021,1319,2,2,0,0,CLOUDY,DRY,FALSE,1 VEHICLE ENTERING/LEAVING ENTRANCE,ANGLE,CURVE & LEVEL,DAYLIGHT,,,44310.35126,FALSE,226,Accepted,5,5,O,,FAILED TO YIELD RIGHT OF WAY,
28051926,0870100,MT. STERLING POLICE DEPARTMENT,Accepted,MONTGOMERY,KY0686,215,INDIAN MOUND,DR,,,,,,,,38.04213352,-83.9343641,,4/23/2021,1052,2,2,0,0,CLEAR,DRY,FALSE,SIDESWIPE COLLISION - SAME DIRECTION,SIDESWIPE-SAME DIRECTION,STRAIGHT & LEVEL,DAYLIGHT,,,44310.89997,FALSE,153,Accepted,5,5,O,,MISJUDGE CLEARANCE,
28054591,0870100,MT. STERLING POLICE DEPARTMENT,Accepted,MONTGOMERY,US0460,,CAMARGO,RD,,KY0686,INDIAN MOUND,,,,,38.04194571,-83.93424318,10.701,4/25/2021,1213,2,2,0,0,CLEAR,DRY,FALSE,OTHER INTERSECTION COLLISIONS,REAR END,STRAIGHT & LEVEL,DAYLIGHT,,,44311.94056,FALSE,128,Accepted,5,5,O,,INATTENTION,
28054593,0870100,MT. STERLING POLICE DEPARTMENT,Accepted,MONTGOMERY,US0060,,MAIN,ST,E,,,,,,,38.05655056,-83.9415109,5.16,4/24/2021,1401,2,2,0,0,RAINING,WET,FALSE,OTHER ROADWAY OR MID-BLOCK COLLISION,REAR END,STRAIGHT & LEVEL,DAYLIGHT,,,44311.94064,FALSE,156,Accepted,5,5,O,SLIPPERY SURFACE,INATTENTION,
28055391,0870000,MONTGOMERY CTY SHERIFF DEPT,Accepted,MONTGOMERY,,,FOXGLOVE,DR,,,,,,,,38.06569831,-83.95567376,0.015,4/12/2021,950,2,1,0,0,CLEAR,DRY,FALSE,VEHICLE BACKING NON INTERSECTION,BACKING,STRAIGHT & LEVEL,DAYLIGHT,,,44312.12671,FALSE,232,Accepted,5,5,O,,INATTENTION,
28058821,0870000,MONTGOMERY CTY SHERIFF DEPT,Accepted,MONTGOMERY,US0460,4675,CAMARGO,RD,,,,,,,,37.99168851,-83.88107715,15.44,4/24/2021,1641,2,2,0,0,RAINING,WET,FALSE,REAR END IN TRAFFIC LANES BOTH VEHICLES MOVING,REAR END,CURVE & GRADE,DAYLIGHT,,,44312.76182,FALSE,246,Accepted,5,5,O,,FOLLOWING TOO CLOSE,
28058822,0870000,MONTGOMERY CTY SHERIFF DEPT,Accepted,MONTGOMERY,KY0213,1035,KY213,,,,,,,,,37.9669498,-83.85830811,4.556,4/22/2021,548,1,1,0,0,CLEAR,DRY,FALSE,COLLISION WITH FIXED OBJECT NON - INTERSECTION - FIRST EVENT COLLISION 09 - 32 EXCLUDING 16,SINGLE VEHICLE,STRAIGHT & LEVEL,DARK-HWY NOT LIGHTED,,,44312.76188,FALSE,231,Accepted,5,5,O,,,STEERING FAILURE
28058823,0870000,MONTGOMERY CTY SHERIFF DEPT,Accepted,MONTGOMERY,KY0713,,SPENCER,PIKE,,,,,,,,38.02032989,-83.77569271,16.717,4/20/2021,629,1,1,0,0,CLOUDY,DRY,FALSE,COLLISION WITH ANIMAL NON INTERSECTION,SINGLE VEHICLE,CURVE & LEVEL,DAWN,,,44312.76196,FALSE,234,Accepted,5,5,O,ANIMALS ACTION,,
28064481,0870000,MONTGOMERY CTY SHERIFF DEPT,Accepted,MONTGOMERY,US0460,,MAIN,ST,,KY0213,KY213,,,,,37.97638166,-83.85099089,17.436,4/26/2021,1705,2,2,0,1,CLEAR,DRY,FALSE,ANGLE COLLISION - ONE VEHICLE TURNING LEFT,ANGLE,STRAIGHT & LEVEL,DAYLIGHT,,,44313.99349,FALSE,245,Accepted,4,4,C,,FAILED TO YIELD RIGHT OF WAY,
28064482,0870000,MONTGOMERY CTY SHERIFF DEPT,Accepted,MONTGOMERY,KY0011,,LEVEE,RD,,,,,,,,38.00866421,-83.9477753,6.946,4/27/2021,407,1,1,0,0,CLEAR,DRY,TRUE,RAN OFF ROADWAY (1 VEHICLE WITH/EARTH EMBANKMENT/DITCH),SINGLE VEHICLE,STRAIGHT & HILLCREST,DARK-HWY NOT LIGHTED,,,44313.99355,FALSE,234,Accepted,5,5,O,,"ALCOHOL INVOLVEMENT, NOT UNDER PROPER CONTROL",
28069303,0870100,MT. STERLING POLICE DEPARTMENT,Accepted,MONTGOMERY,US0460,,APPERSON,HTS,,,,,,,,38.05102305,-83.94202901,9.909,4/28/2021,1803,2,2,0,0,CLEAR,DRY,FALSE,REAR END IN TRAFFIC LANES BOTH VEHICLES MOVING,REAR END,STRAIGHT & LEVEL,DAYLIGHT,,,44315.17238,FALSE,149,Accepted,5,5,O,,CELL PHONE,
28076260,0870100,MT. STERLING POLICE DEPARTMENT,Accepted,MONTGOMERY,,,LOWES PARKING LOT,,,,,,,,,38.06790129,-83.95240209,,4/29/2021,1535,2,2,0,0,RAINING,WET,FALSE,,BACKING,STRAIGHT & LEVEL,DAYLIGHT,,,44316.85378,FALSE,121,Accepted,5,5,O,,INATTENTION,
28078107,0870100,MT. STERLING POLICE DEPARTMENT,Accepted,MONTGOMERY,,,EVANS,AVE,,,NORTHVIEW,,,,,38.07547504,-83.94915473,0.039,4/1/2021,2035,2,2,0,0,CLOUDY,DRY,FALSE,ANGLE COLLISION - OTHER,ANGLE,STRAIGHT & LEVEL,DARK-HWY LIGHTED/ON,,,44317.66104,FALSE,129,Accepted,5,5,O,,INATTENTION,
28078929,0870100,MT. STERLING POLICE DEPARTMENT,Accepted,MONTGOMERY,KY0686,,INDIAN MOUND,DR,,,,,,,,38.05382418,-83.95623921,1.659,4/30/2021,1626,2,2,0,0,CLEAR,DRY,FALSE,1 VEHICLE ENTERING/LEAVING ENTRANCE,ANGLE,STRAIGHT & LEVEL,DAYLIGHT,,,44317.89767,FALSE,156,Accepted,5,5,O,,"DISREGARD TRAFFIC CONTROL, INATTENTION",
28086102,0870100,MT. STERLING POLICE DEPARTMENT,Accepted,MONTGOMERY,,,SYCAMORE,ST,N,,HOLT,,,,,38.05982264,-83.94645976,0.236,4/24/2021,1505,2,2,0,0,RAINING,WET,FALSE,ANGLE COLLISION - OTHER,ANGLE,CURVE & LEVEL,DAYLIGHT,,,44319.63035,FALSE,155,Accepted,5,5,O,,OTHER,
28090328,0870100,MT. STERLING POLICE DEPARTMENT,Accepted,MONTGOMERY,US0460,,CAMARGO,RD,,,,,,,,38.03315921,-83.92857259,11.402,5/3/2021,552,2,2,0,0,RAINING,WET,FALSE,REAR END IN TRAFFIC LANES BOTH VEHICLES MOVING,REAR END,STRAIGHT & LEVEL,DARK-HWY LIGHTED/OFF,,,44320.6128,FALSE,139,Accepted,5,5,O,SLIPPERY SURFACE,"EMOTIONAL, FOLLOWING TOO CLOSE",
28094791,0870100,MT. STERLING POLICE DEPARTMENT,Accepted,MONTGOMERY,KY0686,804,INDIAN MOUND,DR,,,,,,,,38.06869179,-83.95516854,0.627,2/21/2021,1452,2,2,0,0,CLEAR,DRY,FALSE,SIDESWIPE COLLISION - SAME DIRECTION,SIDESWIPE-SAME DIRECTION,STRAIGHT & LEVEL,DAYLIGHT,,,44321.60521,FALSE,115,Accepted,5,5,O,,INATTENTION,
28094797,0870100,MT. STERLING POLICE DEPARTMENT,Accepted,MONTGOMERY,US0460,,CAMARGO,RD,,,,,,,,38.04190015,-83.93424685,10.674,5/3/2021,1400,2,2,0,0,RAINING,WET,FALSE,OTHER ROADWAY OR MID-BLOCK COLLISION,REAR END,STRAIGHT & LEVEL,DAYLIGHT,,,44321.60541,FALSE,115,Accepted,5,5,O,SLIPPERY SURFACE,"INATTENTION, NOT UNDER PROPER CONTROL",
28104634,0870100,MT. STERLING POLICE DEPARTMENT,Accepted,MONTGOMERY,US0460,,MAYSVILLE,ST,N,,,,,,,38.05782471,-83.94255836,9.465,5/7/2021,609,1,1,0,0,CLEAR,DRY,FALSE,COLLISION WITH FIXED OBJECT NON - INTERSECTION - FIRST EVENT COLLISION 09 - 32 EXCLUDING 16,SINGLE VEHICLE,STRAIGHT & LEVEL,DARK-HWY LIGHTED/ON,,,44323.95933,FALSE,155,Accepted,5,5,O,,NOT UNDER PROPER CONTROL,
28110620,0870100,MT. STERLING POLICE DEPARTMENT,Accepted,MONTGOMERY,,,STONE TRACE,DR,,,,,,,,38.08021201,-83.95012548,0.027,5/8/2021,1808,2,2,0,0,CLEAR,DRY,FALSE,1 VEHICLE ENTERING/LEAVING ENTRANCE,ANGLE,STRAIGHT & LEVEL,DAYLIGHT,,,44326.04901,FALSE,149,Accepted,5,5,O,,INATTENTION,
28113556,0870100,MT. STERLING POLICE DEPARTMENT,Accepted,MONTGOMERY,US0460,,MAYSVILLE,ST,N,,EVANS,,,,,38.07553477,-83.94885029,8.181,5/7/2021,932,2,2,0,0,CLEAR,DRY,FALSE,ANGLE COLLISION - OTHER,ANGLE,STRAIGHT & LEVEL,DAYLIGHT,,,44326.61578,FALSE,128,Accepted,5,5,O,,INATTENTION,
28114113,0870000,MONTGOMERY CTY SHERIFF DEPT,Accepted,MONTGOMERY,KY0713,5846,SPENCER,PIKE,,,,,,,,38.0300363,-83.84728169,12.312,4/29/2021,1813,1,1,0,0,CLOUDY,WET,FALSE,RAN OFF ROADWAY (1 VEHICLE WITH/EARTH EMBANKMENT/DITCH),SINGLE VEHICLE,CURVE & LEVEL,DAYLIGHT,,,44326.69073,FALSE,238,Accepted,5,5,O,SHOULDERS DEFECTIVE/DROP-OFF,,
28114538,0870000,MONTGOMERY CTY SHERIFF DEPT,Accepted,MONTGOMERY,,,ARLINGTON,AVE,,,DERBY,,,,,38.07569947,-83.90168707,0.273,5/2/2021,1344,2,2,0,4,CLOUDY,DRY,FALSE,OPPOSING LEFT TURN,OPPOSING LEFT TURN,STRAIGHT & LEVEL,DAYLIGHT,,,44326.76537,FALSE,228,Accepted,4,4,C,,FAILED TO YIELD RIGHT OF WAY,
28114544,0870000,MONTGOMERY CTY SHERIFF DEPT,Accepted,MONTGOMERY,KY1991,,HINKSTON,PIKE,,,MIDLAND,,,,,38.08258916,-83.92571704,1.726,5/3/2021,1254,2,2,0,0,CLOUDY,DRY,FALSE,ANGLE COLLISION - OTHER,ANGLE,STRAIGHT & LEVEL,DAYLIGHT,,,44326.76573,FALSE,228,Accepted,5,5,O,,MISJUDGE CLEARANCE,
28114545,0870000,MONTGOMERY CTY SHERIFF DEPT,Accepted,MONTGOMERY,KY0686,,INDIAN MOUND,DR,,,,,,,,38.05927829,-83.95523417,1.279,5/1/2021,1452,2,2,0,0,CLEAR,DRY,FALSE,1 VEHICLE PARKED POSITION (NOT PARKING LOT/DRIVEWAY),BACKING,STRAIGHT & LEVEL,DAYLIGHT,,,44326.76579,FALSE,226,Accepted,5,5,O,,FAILED TO YIELD RIGHT OF WAY,
28114557,0870000,MONTGOMERY CTY SHERIFF DEPT,Accepted,MONTGOMERY,US0060,,OWINGSVILLE,RD,,,,,,,,38.08738945,-83.89902736,8.582,5/4/2021,1505,2,2,0,0,CLOUDY,DRY,FALSE,REAR END IN TRAFFIC LANES BOTH VEHICLES MOVING,REAR END,STRAIGHT & LEVEL,DAYLIGHT,,,44326.76622,FALSE,228,Accepted,5,5,O,,,
28114560,0870000,MONTGOMERY CTY SHERIFF DEPT,Accepted,MONTGOMERY,,164,LEE,CT,,,,,,,,38.04263507,-83.96490167,0.149,5/5/2021,2246,2,2,0,0,CLEAR,DRY,FALSE,1 VEHICLE PARKED POSITION (NOT PARKING LOT/DRIVEWAY),BACKING,STRAIGHT & LEVEL,DARK (UNKNOWN ROADWAY LIGHTING),,,44326.76638,FALSE,246,Accepted,5,5,O,,MISJUDGE CLEARANCE,
28114561,0870000,MONTGOMERY CTY SHERIFF DEPT,Accepted,MONTGOMERY,KY0686,,INDIAN MOUND,DR,,,,,,,,38.0745051,-83.91859602,6.314,5/6/2021,1721,2,2,0,0,CLEAR,DRY,FALSE,REAR END IN TRAFFIC LANES BOTH VEHICLES MOVING,REAR END,STRAIGHT & LEVEL,DAYLIGHT,,,44326.76643,FALSE,246,Accepted,5,5,O,,"FOLLOWING TOO CLOSE, NOT UNDER PROPER CONTROL",
28114564,0870000,MONTGOMERY CTY SHERIFF DEPT,Accepted,MONTGOMERY,KY0011,,LEVEE,RD,,,,,,,,38.03393637,-83.94999168,8.776,4/23/2021,1456,2,2,0,2,CLEAR,DRY,FALSE,1 VEHICLE ENTERING/LEAVING ENTRANCE,ANGLE,STRAIGHT & LEVEL,DAYLIGHT,,,44326.76656,FALSE,241,Accepted,5,3,B,,INATTENTION,
28114565,0870000,MONTGOMERY CTY SHERIFF DEPT,Accepted,MONTGOMERY,KY0686,,KY686 CROSSOVER,,,,,,,,,38.04321494,-83.95255933,0.009,4/24/2021,1204,2,2,0,0,RAINING,WET,FALSE,1 VEHICLE ENTERING/LEAVING ENTRANCE,ANGLE,STRAIGHT & LEVEL,DAYLIGHT,,,44326.76662,FALSE,241,Accepted,5,5,O,,INATTENTION,
28114568,0870000,MONTGOMERY CTY SHERIFF DEPT,Accepted,MONTGOMERY,KY1991,,HINKSTON,PIKE,,,,,,,,38.08102952,-83.92877191,1.529,4/15/2021,30,1,1,0,1,CLEAR,DRY,FALSE,COLLISION WITH FIXED OBJECT NON - INTERSECTION - FIRST EVENT COLLISION 09 - 32 EXCLUDING 16,SINGLE VEHICLE,STRAIGHT & GRADE,DARK-HWY NOT LIGHTED,,,44326.76682,FALSE,248,Accepted,4,4,C,,"ALCOHOL INVOLVEMENT, NOT UNDER PROPER CONTROL",
28114570,0870000,MONTGOMERY CTY SHERIFF DEPT,Accepted,MONTGOMERY,KY0011,,LEVEE,RD,,,,,,,,37.96799573,-83.93852953,3.851,4/21/2021,504,1,1,0,0,SNOWING,WET,FALSE,RAN OFF ROADWAY (1 VEHICLE WITH/EARTH EMBANKMENT/DITCH),SINGLE VEHICLE,CURVE & LEVEL,DARK-HWY NOT LIGHTED,,,44326.76698,FALSE,248,Accepted,5,5,O,,NOT UNDER PROPER CONTROL,
28114573,0870000,MONTGOMERY CTY SHERIFF DEPT,Accepted,MONTGOMERY,,,CECIL,RD,,,,,,,,38.15048471,-83.99695841,1.056,4/26/2021,1454,1,1,0,0,SNOWING,ICE,FALSE,COLLISION WITH FIXED OBJECT NON - INTERSECTION - FIRST EVENT COLLISION 09 - 32 EXCLUDING 16,SINGLE VEHICLE,CURVE & GRADE,DAYLIGHT,,,44326.76711,FALSE,248,Accepted,5,5,O,SLIPPERY SURFACE,NOT UNDER PROPER CONTROL,
28117199,0870000,MONTGOMERY CTY SHERIFF DEPT,Accepted,MONTGOMERY,KY1331,5187,HOWARDS MILL,RD,,,,,,,,38.06365595,-83.83914156,3.963,4/23/2021,2344,1,1,0,0,RAINING,WET,FALSE,RAN OFF ROADWAY (1 VEHICLE WITH/EARTH EMBANKMENT/DITCH),SINGLE VEHICLE,STRAIGHT & LEVEL,DARK-HWY NOT LIGHTED,,,44327.41809,FALSE,246,Accepted,5,5,O,SLIPPERY SURFACE,NOT UNDER PROPER CONTROL,
28117233,0870000,MONTGOMERY CTY SHERIFF DEPT,Accepted,MONTGOMERY,KY0686,,INDIAN MOUND,DR,,,,,,,,38.04223127,-83.95049421,2.611,5/8/2021,953,2,2,0,0,CLEAR,DRY,FALSE,SIDESWIPE COLLISION - SAME DIRECTION,SIDESWIPE-SAME DIRECTION,STRAIGHT & LEVEL,DAYLIGHT,,,44327.42075,FALSE,226,Accepted,5,5,O,,FAILED TO YIELD RIGHT OF WAY,
28117241,0870000,MONTGOMERY CTY SHERIFF DEPT,Accepted,MONTGOMERY,,2618,MCCORMICK,RD,,,,,,,,37.99701846,-83.88703549,0.204,5/8/2021,1636,1,1,0,0,CLEAR,DRY,FALSE,COLLISION WITH FIXED OBJECT NON - INTERSECTION - FIRST EVENT COLLISION 09 - 32 EXCLUDING 16,SINGLE VEHICLE,STRAIGHT & LEVEL,DAYLIGHT,,,44327.4214,FALSE,246,Accepted,5,5,O,,DRUG INVOLVEMENT,
28117565,0870000,MONTGOMERY CTY SHERIFF DEPT,Accepted,MONTGOMERY,US0060,3060,OWINGSVILLE,RD,,,,,,,,38.08527641,-83.89978995,8.531,5/6/2021,1416,2,1,0,0,CLEAR,DRY,FALSE,VEHICLE BACKING NON INTERSECTION,BACKING,STRAIGHT & LEVEL,DAYLIGHT,,,44327.41952,FALSE,226,Accepted,5,5,O,,FAILED TO YIELD RIGHT OF WAY,
28131708,0870100,MT. STERLING POLICE DEPARTMENT,Accepted,MONTGOMERY,,,QUEEN,ST,N,,HIGH,,,,,38.05823086,-83.93952468,0.081,5/8/2021,430,2,2,0,0,CLEAR,DRY,FALSE,ANGLE COLLISION - OTHER,ANGLE,STRAIGHT & LEVEL,DARK-HWY LIGHTED/ON,,,44330.63246,FALSE,144,Accepted,5,5,O,,INATTENTION,
28131713,0870100,MT. STERLING POLICE DEPARTMENT,Accepted,MONTGOMERY,US0460,,MAYSVILLE,ST,N,CS1092,JOHNSON,,,,,38.06274074,-83.94432171,9.103,5/12/2021,1605,2,2,0,0,CLEAR,DRY,FALSE,OTHER ROADWAY OR MID-BLOCK COLLISION,REAR END,STRAIGHT & LEVEL,DAYLIGHT,,,44330.63258,FALSE,154,Accepted,5,5,O,,DISTRACTION,
28131714,0870100,MT. STERLING POLICE DEPARTMENT,Accepted,MONTGOMERY,KY0686,,INDIAN MOUND,DR,,,RICHMOND,,,,,38.04231682,-83.95064974,2.602,5/7/2021,1333,3,3,0,1,CLEAR,DRY,FALSE,ANGLE COLLISION - OTHER,ANGLE,STRAIGHT & LEVEL,DAYLIGHT,,,44330.63263,FALSE,155,Accepted,5,4,C,,"FAILED TO YIELD RIGHT OF WAY, INATTENTION, NOT UNDER PROPER CONTROL",
28141126,0870000,MONTGOMERY CTY SHERIFF DEPT,Accepted,MONTGOMERY,KY0213,213S,KY213,,,,,,,,,37.93904543,-83.86295108,2.543,5/6/2021,713,1,1,0,1,CLEAR,DRY,FALSE,RAN OFF ROADWAY (1 VEHICLE WITH/EARTH EMBANKMENT/DITCH),SINGLE VEHICLE,STRAIGHT & LEVEL,DAYLIGHT,,,44333.5065,FALSE,248,Accepted,5,4,C,,FELL ASLEEP,
28141522,0870000,MONTGOMERY CTY SHERIFF DEPT,Accepted,MONTGOMERY,KY0646,,NEST EGG,RD,,,,,,,,37.9691533,-83.93868524,4.685,5/12/2021,1605,2,2,0,0,CLEAR,DRY,FALSE,SIDESWIPE COLLISION - OPPOSITE DIRECTION,SIDESWIPE-OPPOSITE DIRECTION,STRAIGHT & LEVEL,DAYLIGHT,,,44333.5992,FALSE,246,Accepted,5,5,O,,MISJUDGE CLEARANCE,
28141523,0870000,MONTGOMERY CTY SHERIFF DEPT,Accepted,MONTGOMERY,,1616,OLD OWINGSVILLE,RD,,,,,,,,38.07095099,-83.92067184,1.319,5/12/2021,1728,1,1,0,0,CLEAR,DRY,FALSE,RAN OFF ROADWAY (1 VEHICLE WITH/EARTH EMBANKMENT/DITCH),SINGLE VEHICLE,CURVE & LEVEL,DAYLIGHT,,,44333.59926,FALSE,246,Accepted,5,5,O,,"FAILED TO KEEP PROPER LANE, NOT UNDER PROPER CONTROL",
28143108,0870100,MT. STERLING POLICE DEPARTMENT,Accepted,MONTGOMERY,,,INDIAN MOUND,DR,,,MT AYR,,,,,38.07416507,-83.94815677,,5/15/2021,1356,2,2,0,2,CLEAR,DRY,FALSE,ANGLE COLLISION - ONE VEHICLE TURNING RIGHT,ANGLE,STRAIGHT & LEVEL,DAYLIGHT,,,44333.91695,FALSE,153,Accepted,5,4,C,,"DISREGARD TRAFFIC CONTROL, INATTENTION",
28143110,0870100,MT. STERLING POLICE DEPARTMENT,Accepted,MONTGOMERY,US0460,1005,MAYSVILLE,RD,,,,,,,,38.07935129,-83.94948761,7.911,5/14/2021,1405,2,2,0,0,CLEAR,DRY,FALSE,1 VEHICLE ENTERING/LEAVING ENTRANCE,ANGLE,STRAIGHT & LEVEL,DAYLIGHT,,,44333.91716,FALSE,115,Accepted,5,5,O,,INATTENTION,
28147275,0870100,MT. STERLING POLICE DEPARTMENT,Accepted,MONTGOMERY,,,EVANS,AVE,,,,,,,,38.07549016,-83.94916163,0.04,5/13/2021,1650,2,2,0,0,CLEAR,DRY,FALSE,1 VEHICLE ENTERING/LEAVING ENTRANCE,ANGLE,STRAIGHT & LEVEL,DAYLIGHT,,,44334.87608,FALSE,156,Accepted,5,5,O,,"FAILED TO YIELD RIGHT OF WAY, INATTENTION",
28147278,0870100,MT. STERLING POLICE DEPARTMENT,Accepted,MONTGOMERY,,,LOCUST,ST,W,,,,,,,38.05516412,-83.94203531,0.188,5/18/2021,1822,1,1,0,0,CLEAR,DRY,FALSE,COLLISION WITH FIXED OBJECT NON - INTERSECTION - FIRST EVENT COLLISION 09 - 32 EXCLUDING 16,SINGLE VEHICLE,STRAIGHT & LEVEL,DAYLIGHT,,,44334.87618,FALSE,156,Accepted,5,5,O,,"CELL PHONE, DISTRACTION, INATTENTION",
28151964,0870100,MT. STERLING POLICE DEPARTMENT,Accepted,MONTGOMERY,US0460,,MAYSVILLE,ST,N,I 0064,I64 E EXIT110 OFF RAMP TO US460,,,,,38.07669558,-83.9492873,8.097,5/17/2021,1736,2,2,0,0,CLEAR,DRY,FALSE,OTHER INTERSECTION COLLISIONS,REAR END,STRAIGHT & LEVEL,DAYLIGHT,,,44335.8408,FALSE,154,Accepted,5,5,O,,INATTENTION,
28159216,0870100,MT. STERLING POLICE DEPARTMENT,Accepted,MONTGOMERY,,1223,CAMARGO,RD,,,,,,,,38.03408989,-83.92574052,,5/20/2021,854,2,2,0,1,CLEAR,DRY,FALSE,COLLISION WITH FIXED OBJECT NON - INTERSECTION - FIRST EVENT COLLISION 09 - 32 EXCLUDING 16,REAR END,STRAIGHT & LEVEL,DAYLIGHT,,,44337.63668,FALSE,153,Accepted,5,2,A,,INATTENTION,
28168481,0870000,MONTGOMERY CTY SHERIFF DEPT,Accepted,MONTGOMERY,KY0213,,KY213,,,,,,,,,37.95024051,-83.86307673,3.349,5/18/2021,441,1,1,0,0,RAINING,WET,FALSE,OTHER COLLISIONS ON SHOULDER,SINGLE VEHICLE,STRAIGHT & LEVEL,DARK-HWY NOT LIGHTED,,,44340.45367,FALSE,231,Accepted,5,5,O,SLIPPERY SURFACE,TOO FAST FOR CONDITIONS,
28178949,0870000,MONTGOMERY CTY SHERIFF DEPT,Accepted,MONTGOMERY,KY0213,,BEDFORD,RD,,,,,,,,37.97742089,-83.85357395,5.336,5/20/2021,1255,2,2,0,0,CLEAR,DRY,FALSE,VEHICLE BACKING NON INTERSECTION,BACKING,STRAIGHT & LEVEL,DAYLIGHT,,,44342.50557,FALSE,226,Accepted,5,5,O,,FAILED TO YIELD RIGHT OF WAY,
28178953,0870000,MONTGOMERY CTY SHERIFF DEPT,Accepted,MONTGOMERY,KY1991,,HINKSTON,PIKE,,,,,,,,38.09403845,-83.92445873,2.549,5/20/2021,1319,1,1,0,1,CLOUDY,DRY,FALSE,COLLISION WITH FIXED OBJECT NON - INTERSECTION - FIRST EVENT COLLISION 09 - 32 EXCLUDING 16,SINGLE VEHICLE,CURVE & GRADE,DAYLIGHT,,,44342.50582,FALSE,228,Accepted,3,3,B,ANIMALS ACTION,,
28178955,0870000,MONTGOMERY CTY SHERIFF DEPT,Accepted,MONTGOMERY,KY0011,,MAYSVILLE,RD,,,,,,,,38.15115316,-83.95504648,14.527,5/17/2021,1001,2,2,0,0,CLEAR,DRY,FALSE,SIDESWIPE COLLISION - SAME DIRECTION,SIDESWIPE-SAME DIRECTION,STRAIGHT & LEVEL,DAYLIGHT,,,44342.50592,FALSE,241,Accepted,5,5,O,,INATTENTION,
28178956,0870000,MONTGOMERY CTY SHERIFF DEPT,Accepted,MONTGOMERY,KY0599,,KY599,,,,,,,,,37.96731195,-83.84193686,5.631,5/17/2021,1538,1,1,0,0,CLEAR,DRY,FALSE,OTHER COLLISIONS ON SHOULDER,SINGLE VEHICLE,STRAIGHT & HILLCREST,DAYLIGHT,,,44342.50598,FALSE,241,Accepted,5,5,O,,,