IncidentID,AgencyORI,AgencyName,IncidentStatusDesc,County,RdwyNumber,Street,RoadwayName,StreetSfx,StreetDir,IntersectionRdwy,IntersectionRdwyName,BetweenStRdwy1,BetweenStRdwyName1,BetweenStRdwy2,BetweenStRdwyName2,Latitude,Longitude,Milepoint,CollisionDate,CollisionTime,UnitsInvolved,MotorVehiclesInvolved,NumberKilled,NumberInjured,Weather,RdwyConditionCode,HitandRun,DirAnalysisCode,MannerofCollision,RdwyCharacter,LightCondition,RampFromRdwyId,RampToRdwyId,AcceptedDate,IsSecondaryCollision,OwnerBadge,IncidentStatus,InjurySeverityCde,KABCO Code,KABCO,Environmental_Factors,Human_Factors,Vehicular_Factors
28178959,0870000,MONTGOMERY CTY SHERIFF DEPT,Accepted,MONTGOMERY,US0460,,MAIN,ST,,KY0213,KY213,,,,,37.97637433,-83.85098686,17.436,5/23/2021,1430,3,3,0,3,CLEAR,DRY,FALSE,REAR END - ONE VEHICLE TURNING RIGHT,REAR END,STRAIGHT & LEVEL,DAYLIGHT,,,44342.50619,FALSE,228,Accepted,5,3,B,,,
28178966,0870000,MONTGOMERY CTY SHERIFF DEPT,Accepted,MONTGOMERY,US0460,,MAIN,ST,,,,,,,,37.97420258,-83.84413784,17.812,5/25/2021,1830,2,2,0,0,CLEAR,DRY,FALSE,REAR END IN TRAFFIC LANES BOTH VEHICLES MOVING,REAR END,STRAIGHT & LEVEL,DAYLIGHT,,,44342.50954,FALSE,246,Accepted,5,5,O,,"DISTRACTION, FOLLOWING TOO CLOSE",
28179624,0870100,MT. STERLING POLICE DEPARTMENT,Accepted,MONTGOMERY,,,COMMONWEALTH,DR,,,,,,,,38.06781604,-83.95948136,,5/25/2021,1442,2,2,0,0,CLEAR,DRY,FALSE,VEHICLE BACKING NON INTERSECTION,BACKING,CURVE & LEVEL,DAYLIGHT,,,44342.63097,FALSE,153,Accepted,5,5,O,,"DISTRACTION, IMPROPER BACKING, INATTENTION",
28185774,0870100,MT. STERLING POLICE DEPARTMENT,Accepted,MONTGOMERY,US0460,,MAYSVILLE,ST,N,,,,,,,38.0571102,-83.94232545,9.51,5/27/2021,1637,2,2,0,0,CLEAR,DRY,FALSE,OTHER ROADWAY OR MID-BLOCK COLLISION,REAR END,STRAIGHT & LEVEL,DAYLIGHT,,,44343.98306,FALSE,152,Accepted,5,5,O,BACKUP DUE TO REGULAR CONGESTION,OTHER,
28187941,0870000,MONTGOMERY CTY SHERIFF DEPT,Accepted,MONTGOMERY,KY0213,2225,KY213,,,,,,,,,37.9564879,-83.86100131,3.807,5/18/2021,2204,1,1,0,0,CLEAR,DRY,FALSE,RAN OFF ROADWAY (1 VEHICLE WITH/EARTH EMBANKMENT/DITCH),SINGLE VEHICLE,STRAIGHT & LEVEL,DARK-HWY NOT LIGHTED,,,44344.45044,FALSE,246,Accepted,5,5,O,,ALCOHOL INVOLVEMENT,
28189833,0870100,MT. STERLING POLICE DEPARTMENT,Accepted,MONTGOMERY,,1201,INDIAN MOUND DRIVE,,,,,,,,,38.05366394,-83.95713188,,5/27/2021,2246,2,2,0,0,CLOUDY,DRY,FALSE,,BACKING,STRAIGHT & LEVEL,DARK-HWY LIGHTED/ON,,,44344.9474,FALSE,121,Accepted,5,5,O,,MISJUDGE CLEARANCE,
28196711,0870000,MONTGOMERY CTY SHERIFF DEPT,Accepted,MONTGOMERY,US0460,,MAIN,ST,,,,,,,,37.96309392,-83.80095744,20.312,5/26/2021,1550,2,2,0,0,RAINING,WET,FALSE,REAR END IN TRAFFIC LANES BOTH VEHICLES MOVING,REAR END,CURVE & GRADE,DAYLIGHT,,,44347.41825,FALSE,246,Accepted,5,5,O,SLIPPERY SURFACE,NOT UNDER PROPER CONTROL,
28196716,0870000,MONTGOMERY CTY SHERIFF DEPT,Accepted,MONTGOMERY,,,MIDLAND,TRL,,,BRIDGES,,,,,38.07725345,-83.92026158,0.197,5/24/2021,525,2,2,0,0,CLEAR,DRY,FALSE,REAR END - ONE VEHICLE TURNING LEFT,REAR END,CURVE & HILLCREST,DARK-HWY NOT LIGHTED,,,44347.41882,FALSE,234,Accepted,5,5,O,,NOT UNDER PROPER CONTROL,BRAKES DEFECTIVE
28199108,0870100,MT. STERLING POLICE DEPARTMENT,Accepted,MONTGOMERY,US0460,690,MAYSVILLE,ST,N,,,,,,,38.07348363,-83.94832642,8.329,5/31/2021,1818,2,2,0,0,CLEAR,DRY,FALSE,,BACKING,STRAIGHT & LEVEL,DAYLIGHT,,,44348.02696,FALSE,121,Accepted,5,5,O,,MISJUDGE CLEARANCE,
28202799,0870000,MONTGOMERY CTY SHERIFF DEPT,Accepted,MONTGOMERY,,7752,TAPP,LN,,,,,,,,38.02742055,-83.7961426,0.06,5/26/2021,2225,1,1,0,1,RAINING,WET,FALSE,RAN OFF ROADWAY (1 VEHICLE WITH/EARTH EMBANKMENT/DITCH),SINGLE VEHICLE,CURVE & LEVEL,DARK-HWY NOT LIGHTED,,,44348.64114,FALSE,246,Accepted,2,2,A,SLIPPERY SURFACE,"DISTRACTION, INATTENTION, NOT UNDER PROPER CONTROL",TIRES
28202802,0870000,MONTGOMERY CTY SHERIFF DEPT,Accepted,MONTGOMERY,US0060,3052,OWINGSVILLE,RD,,,,,,,,38.08367985,-83.900841,8.308,5/26/2021,1835,2,2,0,0,CLEAR,DRY,FALSE,OTHER ROADWAY OR MID-BLOCK COLLISION,OPPOSING LEFT TURN,CURVE & GRADE,DAYLIGHT,,,44348.64119,FALSE,246,Accepted,5,5,O,,MISJUDGE CLEARANCE,
28202814,0870000,MONTGOMERY CTY SHERIFF DEPT,Accepted,MONTGOMERY,KY1331,,OLD OWINGSVILLE,RD,,,,,,,,38.08243807,-83.90140859,0.038,5/28/2021,1048,2,2,0,0,RAINING,WET,FALSE,REAR END IN TRAFFIC LANES BOTH VEHICLES MOVING,REAR END,STRAIGHT & LEVEL,DAYLIGHT,,,44348.64354,FALSE,226,Accepted,5,5,O,,FAILED TO YIELD RIGHT OF WAY,
28207277,0870100,MT. STERLING POLICE DEPARTMENT,Accepted,MONTGOMERY,US0060,,WINCHESTER,RD,,,,,,,,38.05377682,-83.95653523,4.313,6/1/2021,748,2,2,0,0,CLOUDY,DRY,FALSE,REAR END IN TRAFFIC LANES BOTH VEHICLES MOVING,REAR END,STRAIGHT & LEVEL,DAYLIGHT,,,44349.60154,FALSE,139,Accepted,5,5,O,,INATTENTION,
28218268,0870100,MT. STERLING POLICE DEPARTMENT,Accepted,MONTGOMERY,KY0686,,INDIAN MOUND,DR,,,,,,,,38.0634761,-83.95534945,0.988,6/3/2021,1715,2,2,0,0,RAINING,WET,FALSE,OTHER ROADWAY OR MID-BLOCK COLLISION,REAR END,STRAIGHT & LEVEL,DAYLIGHT,,,44352.04829,FALSE,156,Accepted,5,5,O,,INATTENTION,
28218270,0870100,MT. STERLING POLICE DEPARTMENT,Accepted,MONTGOMERY,,200,SUMMIT,DR,,,,,,,,38.05214007,-83.95577544,0.049,6/3/2021,1741,1,1,0,0,CLEAR,DRY,TRUE,COLLISION WITH FIXED OBJECT NON - INTERSECTION - FIRST EVENT COLLISION 09 - 32 EXCLUDING 16,SINGLE VEHICLE,STRAIGHT & LEVEL,DAYLIGHT,,,44352.04839,FALSE,154,Accepted,5,5,O,,"EMOTIONAL, INATTENTION, NOT UNDER PROPER CONTROL",
28219661,0870100,MT. STERLING POLICE DEPARTMENT,Accepted,MONTGOMERY,US0460,,CAMARGO,RD,,,,,,,,38.03507658,-83.93075746,11.222,5/29/2021,2100,2,2,0,0,CLOUDY,DRY,FALSE,,SIDESWIPE-SAME DIRECTION,STRAIGHT & LEVEL,DARK-HWY LIGHTED/ON,,,44352.63714,FALSE,130,Accepted,5,5,O,OTHER,"DISTRACTION, INATTENTION, PHYSICAL DISABILITY",
28235253,0870000,MONTGOMERY CTY SHERIFF DEPT,Accepted,MONTGOMERY,US0060,,OWINGSVILLE,RD,,,,,,,,38.12682682,-83.87680382,11.744,6/1/2021,650,1,1,0,0,CLEAR,DRY,FALSE,COLLISION WITH ANIMAL NON INTERSECTION,SINGLE VEHICLE,STRAIGHT & LEVEL,DAYLIGHT,,,44356.62417,FALSE,231,Accepted,5,5,O,ANIMALS ACTION,,
28235256,0870000,MONTGOMERY CTY SHERIFF DEPT,Accepted,MONTGOMERY,KY0686,,INDIAN MOUND,DR,,,MIDLAND,,,,,38.07475565,-83.91864474,6.331,5/21/2021,746,2,2,0,0,CLEAR,DRY,FALSE,OTHER INTERSECTION COLLISIONS,REAR END,STRAIGHT & LEVEL,DAYLIGHT,,,44356.62427,FALSE,275,Accepted,5,5,O,,NOT UNDER PROPER CONTROL,
28235257,0870000,MONTGOMERY CTY SHERIFF DEPT,Accepted,MONTGOMERY,US0060,,WINCHESTER,RD,,,,,,,,38.05310453,-83.96325661,3.937,5/28/2021,1402,2,2,0,1,RAINING,WET,FALSE,REAR END IN TRAFFIC LANES BOTH VEHICLES MOVING,REAR END,STRAIGHT & GRADE,DAYLIGHT,,,44356.62434,FALSE,226,Accepted,4,4,C,SLIPPERY SURFACE,FAILED TO YIELD RIGHT OF WAY,
28235258,0870000,MONTGOMERY CTY SHERIFF DEPT,Accepted,MONTGOMERY,US0460,,MAIN,ST,,,,,,,,37.96313835,-83.80100068,20.309,6/2/2021,1513,2,2,0,0,RAINING,WET,FALSE,REAR END IN TRAFFIC LANES BOTH VEHICLES MOVING,REAR END,STRAIGHT & GRADE,DAYLIGHT,,,44356.6245,FALSE,226,Accepted,5,5,O,SLIPPERY SURFACE,FAILED TO YIELD RIGHT OF WAY,
28235265,0870000,MONTGOMERY CTY SHERIFF DEPT,Accepted,MONTGOMERY,KY3363,,SAWMILL,RD,,KY0011,LEVEE,,,,,37.92553447,-83.91330293,0.002,6/1/2021,1239,2,2,0,0,CLEAR,DRY,FALSE,HEAD-ON COLLISION,HEAD ON,STRAIGHT & HILLCREST,DAYLIGHT,,,44356.62476,FALSE,275,Accepted,5,5,O,,"INATTENTION, NOT UNDER PROPER CONTROL, TURNING IMPROPERLY",
28235266,0870000,MONTGOMERY CTY SHERIFF DEPT,Accepted,MONTGOMERY,US0460,,MAIN,ST,,,,,,,,37.96315787,-83.80101636,20.308,6/2/2021,1614,2,2,0,0,RAINING,WET,FALSE,REAR END IN TRAFFIC LANES BOTH VEHICLES MOVING,REAR END,CURVE & GRADE,DAYLIGHT,,,44356.62484,FALSE,246,Accepted,5,5,O,SLIPPERY SURFACE,"MISJUDGE CLEARANCE, NOT UNDER PROPER CONTROL",
28235273,0870000,MONTGOMERY CTY SHERIFF DEPT,Accepted,MONTGOMERY,US0460,,MAIN,ST,,,,,,,,37.9501333,-83.77566583,21.994,6/3/2021,601,1,1,0,0,RAINING,WET,FALSE,RAN OFF ROADWAY (1 VEHICLE WITH/EARTH EMBANKMENT/DITCH),SINGLE VEHICLE,STRAIGHT & LEVEL,DARK-HWY NOT LIGHTED,,,44356.62595,FALSE,248,Accepted,5,5,O,SLIPPERY SURFACE,ALCOHOL INVOLVEMENT,
28235276,0870000,MONTGOMERY CTY SHERIFF DEPT,Accepted,MONTGOMERY,KY0011,,LEVEE,RD,,,,,,,,38.01128955,-83.95051578,7.19,6/6/2021,1036,1,1,0,2,CLOUDY,WET,FALSE,RAN OFF ROADWAY (1 VEHICLE WITH/EARTH EMBANKMENT/DITCH),SINGLE VEHICLE,CURVE & GRADE,DAYLIGHT,,,44356.62645,FALSE,228,Accepted,3,3,B,SLIPPERY SURFACE,,
28235279,0870000,MONTGOMERY CTY SHERIFF DEPT,Accepted,MONTGOMERY,,1197,PREWITT,PIKE,,,,,,,,38.03148821,-83.98009161,1.243,6/6/2021,1608,1,1,0,0,CLOUDY,WET,FALSE,RAN OFF ROADWAY (1 VEHICLE WITH/EARTH EMBANKMENT/DITCH),SINGLE VEHICLE,STRAIGHT & GRADE,DAYLIGHT,,,44356.62696,FALSE,238,Accepted,5,5,O,SLIPPERY SURFACE,NOT UNDER PROPER CONTROL,
28235282,0870000,MONTGOMERY CTY SHERIFF DEPT,Accepted,MONTGOMERY,US0460,,CAMARGO,RD,,,ROBIN,,,,,38.00008266,-83.89802734,14.305,6/7/2021,1252,2,2,0,0,CLOUDY,DRY,FALSE,ANGLE COLLISION - OTHER,ANGLE,STRAIGHT & LEVEL,DAYLIGHT,,,44356.62742,FALSE,228,Accepted,5,5,O,,"DISTRACTION, INATTENTION",
28235285,0870000,MONTGOMERY CTY SHERIFF DEPT,Accepted,MONTGOMERY,KY0713,9271,SPENCER,PIKE,,,,,,,,38.02284607,-83.78842594,15.947,6/6/2021,1712,1,1,0,0,CLEAR,DRY,FALSE,COLLISION WITH FIXED OBJECT NON - INTERSECTION - FIRST EVENT COLLISION 09 - 32 EXCLUDING 16,SINGLE VEHICLE,STRAIGHT & LEVEL,DAYLIGHT,,,44356.62785,FALSE,249,Accepted,5,5,O,,OVERCORRECTING/OVERSTEERING,
28235288,0870000,MONTGOMERY CTY SHERIFF DEPT,Accepted,MONTGOMERY,KY0713,,SPENCER,PIKE,,,,,,,,38.03058526,-83.84574321,12.389,6/7/2021,1646,2,2,0,0,CLEAR,DRY,FALSE,SIDESWIPE COLLISION - OPPOSITE DIRECTION,SIDESWIPE-OPPOSITE DIRECTION,CURVE & LEVEL,DAYLIGHT,,,44356.62823,FALSE,249,Accepted,5,5,O,,MISJUDGE CLEARANCE,
28235292,0870000,MONTGOMERY CTY SHERIFF DEPT,Accepted,MONTGOMERY,KY0011,3232,LEVEE,RD,,,,,,,,38.01141999,-83.95066045,7.2,6/6/2021,155,1,1,0,1,CLOUDY,DRY,FALSE,COLLISION WITH FIXED OBJECT NON - INTERSECTION - FIRST EVENT COLLISION 09 - 32 EXCLUDING 16,SINGLE VEHICLE,CURVE & GRADE,DARK-HWY NOT LIGHTED,,,44356.62829,FALSE,234,Accepted,3,3,B,,NOT UNDER PROPER CONTROL,TIRES
28235344,0870000,MONTGOMERY CTY SHERIFF DEPT,Accepted,MONTGOMERY,US0060,,WINCHESTER,RD,,,,,,,,38.03143758,-84.02552541,0.066,6/8/2021,1717,2,2,0,0,RAINING,WET,FALSE,REAR END IN TRAFFIC LANES BOTH VEHICLES MOVING,REAR END,STRAIGHT & GRADE,DAYLIGHT,,,44356.63184,FALSE,246,Accepted,5,5,O,,"DISTRACTION, FOLLOWING TOO CLOSE, NOT UNDER PROPER CONTROL",
28236999,0870100,MT. STERLING POLICE DEPARTMENT,Accepted,MONTGOMERY,,,QUEEN,ST,N,US0060,MAIN,,,,,38.05708729,-83.93913515,,6/9/2021,748,2,2,0,0,RAINING,WET,FALSE,ANGLE COLLISION - OTHER,ANGLE,STRAIGHT & GRADE,DAYLIGHT,,,44356.99659,FALSE,128,Accepted,5,5,O,,INATTENTION,
28237001,0870100,MT. STERLING POLICE DEPARTMENT,Accepted,MONTGOMERY,KY0686,,INDIAN MOUND,DR,,,MT STERLING,,,,,38.07341152,-83.95114072,0.172,6/8/2021,1500,2,2,0,2,RAINING,WET,FALSE,ANGLE COLLISION - OTHER,ANGLE,STRAIGHT & LEVEL,DAYLIGHT,,,44356.99665,FALSE,155,Accepted,5,3,B,SLIPPERY SURFACE,FAILED TO YIELD RIGHT OF WAY,
28240108,0870100,MT. STERLING POLICE DEPARTMENT,Accepted,MONTGOMERY,KY0686,,INDIAN MOUND,DR,,,COMMONWEALTH,,,,,38.06741633,-83.9554289,0.716,6/6/2021,1916,2,2,0,0,CLOUDY,DRY,FALSE,,REAR END,STRAIGHT & LEVEL,DAYLIGHT,,,44357.71148,FALSE,121,Accepted,5,5,O,,INATTENTION,
28243074,0870000,MONTGOMERY CTY SHERIFF DEPT,Accepted,MONTGOMERY,US0460,,PARIS,RD,,,,,,,,38.09850008,-83.99910082,4.413,6/10/2021,800,1,1,0,0,CLOUDY,WET,FALSE,RAN OFF ROADWAY (1 VEHICLE WITH/EARTH EMBANKMENT/DITCH),SINGLE VEHICLE,CURVE & GRADE,DAYLIGHT,,,44358.55158,FALSE,228,Accepted,5,5,O,SLIPPERY SURFACE,,
28243075,0870000,MONTGOMERY CTY SHERIFF DEPT,Accepted,MONTGOMERY,KY0011,,LEVEE,RD,,,,,,,,37.98139634,-83.94054122,4.891,6/10/2021,924,2,2,0,0,RAINING,WET,FALSE,1 VEHICLE ENTERING/LEAVING ENTRANCE,ANGLE,STRAIGHT & LEVEL,DAYLIGHT,,,44358.55164,FALSE,228,Accepted,5,5,O,"VIEW OBSTRUCTED/LIMITED DUE TO RDWY, SLIPPERY SURFACE",,
28243481,0870100,MT. STERLING POLICE DEPARTMENT,Accepted,MONTGOMERY,KY0686,,INDIAN MOUND,DR,,,,,,,,38.04193032,-83.93435538,3.494,6/1/2021,1245,2,2,0,0,CLEAR,DRY,FALSE,OTHER ROADWAY OR MID-BLOCK COLLISION,REAR END,STRAIGHT & LEVEL,DAYLIGHT,,,44358.63145,FALSE,115,Accepted,5,5,O,,INATTENTION,
28243483,0870100,MT. STERLING POLICE DEPARTMENT,Accepted,MONTGOMERY,,,YOUNG,LN,,,,,,,,38.07537911,-83.94999654,0.006,6/1/2021,1415,2,2,0,0,CLEAR,DRY,FALSE,VEHICLE BACKING NON INTERSECTION,BACKING,STRAIGHT & LEVEL,DAYLIGHT,,,44358.63156,FALSE,115,Accepted,5,5,O,,INATTENTION,
28246366,0870100,MT. STERLING POLICE DEPARTMENT,Accepted,MONTGOMERY,,315,FOX,ST,,,,,,,,38.05456677,-83.93411725,0.146,6/5/2021,2111,2,2,0,0,CLEAR,DRY,FALSE,1 VEHICLE PARKED POSITION (NOT PARKING LOT/DRIVEWAY),BACKING,STRAIGHT & HILLCREST,DAYLIGHT,,,44359.63407,FALSE,145,Accepted,5,5,O,,INATTENTION,
28265059,0870000,MONTGOMERY CTY SHERIFF DEPT,Accepted,MONTGOMERY,US0060,,WINCHESTER,RD,,,,,,,,38.03139945,-84.02561017,0.061,5/18/2021,736,2,2,0,0,CLOUDY,WET,FALSE,OTHER ROADWAY OR MID-BLOCK COLLISION,REAR END,STRAIGHT & HILLCREST,DAWN,,,44364.36917,FALSE,234,Accepted,5,5,O,SLIPPERY SURFACE,NOT UNDER PROPER CONTROL,
28265068,0870000,MONTGOMERY CTY SHERIFF DEPT,Accepted,MONTGOMERY,US0060,4575,WINCHESTER,RD,,,,,,,,38.03180247,-84.02474207,0.116,6/1/2021,727,2,2,0,1,CLEAR,DRY,FALSE,SIDESWIPE COLLISION - OPPOSITE DIRECTION,SIDESWIPE-OPPOSITE DIRECTION,STRAIGHT & HILLCREST,DAWN,,,44364.36929,FALSE,234,Accepted,5,3,B,,"FATIGUE, FELL ASLEEP",
28265081,0870000,MONTGOMERY CTY SHERIFF DEPT,Accepted,MONTGOMERY,,204,AMYS,CT,,,,,,,,38.06856335,-83.93014917,0.02,6/6/2021,1511,2,2,0,0,CLEAR,DRY,FALSE,1 VEHICLE PARKED POSITION (NOT PARKING LOT/DRIVEWAY),BACKING,STRAIGHT & HILLCREST,DARK (UNKNOWN ROADWAY LIGHTING),,,44364.37013,FALSE,275,Accepted,5,5,O,,"IMPROPER BACKING, NOT UNDER PROPER CONTROL",
28271281,0870100,MT. STERLING POLICE DEPARTMENT,Accepted,MONTGOMERY,,,REFFITT,ALY,,,HARRISON,,,,,38.06245218,-83.9417817,0.121,6/12/2021,2130,1,1,0,0,CLEAR,DRY,FALSE,COLLISION WITH FIXED OBJECT IN INTERSECTION - FIRST EVENT COLLISION 09 - 32,SINGLE VEHICLE,STRAIGHT & LEVEL,DAYLIGHT,,,44365.8624,FALSE,145,Accepted,5,5,O,DEBRIS IN ROADWAY,,
28274423,0870100,MT. STERLING POLICE DEPARTMENT,Accepted,MONTGOMERY,US0060,,WINCHESTER,RD,,KY0686,INDIAN MOUND,,,,,38.05372952,-83.95657866,4.314,6/19/2021,1928,2,2,0,0,CLEAR,DRY,FALSE,OTHER INTERSECTION COLLISIONS,REAR END,STRAIGHT & LEVEL,DAYLIGHT,,,44367.04827,FALSE,154,Accepted,5,5,O,,"EMOTIONAL, INATTENTION",
28277280,0870000,MONTGOMERY CTY SHERIFF DEPT,Accepted,MONTGOMERY,KY1050,,KY1050,,,,,,,,,37.95565211,-83.82447434,6.121,6/3/2021,2230,1,1,0,1,RAINING,WET,FALSE,RAN OFF ROADWAY (1 VEHICLE WITH/EARTH EMBANKMENT/DITCH),SINGLE VEHICLE,STRAIGHT & LEVEL,DARK-HWY NOT LIGHTED,,,44368.12634,FALSE,232,Accepted,5,3,B,ANIMALS ACTION,OVERCORRECTING/OVERSTEERING,
28279988,0870100,MT. STERLING POLICE DEPARTMENT,Accepted,MONTGOMERY,KY0686,,INDIAN MOUND,DR,,,,,,,,38.04190192,-83.93434407,3.492,6/19/2021,1951,2,2,0,0,CLEAR,DRY,FALSE,OTHER ROADWAY OR MID-BLOCK COLLISION,REAR END,STRAIGHT & LEVEL,DAYLIGHT,,,44368.63011,FALSE,144,Accepted,5,5,O,,INATTENTION,
28287524,0870000,MONTGOMERY CTY SHERIFF DEPT,Accepted,MONTGOMERY,US0460,,CAMARGO,RD,,KY0646,TONKIN,,,,,38.02278229,-83.91673514,12.441,6/20/2021,1608,2,2,0,0,CLEAR,DRY,FALSE,SIDESWIPE-SAME DIRECTION,SIDESWIPE-SAME DIRECTION,STRAIGHT & LEVEL,DAYLIGHT,,,44370.51761,FALSE,249,Accepted,5,5,O,,"INATTENTION, TURNING IMPROPERLY",
28287530,0870000,MONTGOMERY CTY SHERIFF DEPT,Accepted,MONTGOMERY,,,FOGG,PIKE,,,HELENA,,,,,38.03575301,-83.97082149,1.415,6/22/2021,1625,2,2,0,0,CLEAR,DRY,FALSE,ANGLE COLLISION - OTHER,ANGLE,STRAIGHT & HILLCREST,DAYLIGHT,,,44370.5178,FALSE,238,Accepted,5,5,O,,FAILED TO YIELD RIGHT OF WAY,
28293497,0870100,MT. STERLING POLICE DEPARTMENT,Accepted,MONTGOMERY,KY0686,,INDIAN MOUND,DR,,,COMMONWEALTH,,,,,38.06723754,-83.95549526,0.713,6/23/2021,2107,2,2,0,0,CLEAR,DRY,FALSE,,REAR END,STRAIGHT & LEVEL,DUSK,,,44371.98104,FALSE,121,Accepted,5,5,O,,INATTENTION,
28293498,0870100,MT. STERLING POLICE DEPARTMENT,Accepted,MONTGOMERY,,499,INDIAN MOUND DRIVE,,,,,,,,,38.07042532,-83.95658808,,6/24/2021,1936,2,2,0,0,CLEAR,DRY,FALSE,,BACKING,STRAIGHT & LEVEL,DAYLIGHT,,,44371.98109,FALSE,121,Accepted,5,5,O,,INATTENTION,
28296338,0870000,MONTGOMERY CTY SHERIFF DEPT,Accepted,MONTGOMERY,KY0713,,SPENCER,PIKE,,,,,,,,38.04791135,-83.905069,8.614,6/19/2021,1423,1,1,0,0,CLEAR,DRY,FALSE,RAN OFF ROADWAY (1 VEHICLE WITH/EARTH EMBANKMENT/DITCH),SINGLE VEHICLE,CURVE & LEVEL,DAYLIGHT,,,44372.65158,FALSE,226,Accepted,5,5,O,,NOT UNDER PROPER CONTROL,
28296342,0870000,MONTGOMERY CTY SHERIFF DEPT,Accepted,MONTGOMERY,KY0011,4618,LEVEE,RD,,,,,,,,37.98101862,-83.94042486,4.863,6/24/2021,238,1,1,0,0,CLEAR,DRY,FALSE,RAN OFF ROADWAY (1 VEHICLE WITH/EARTH EMBANKMENT/DITCH),SINGLE VEHICLE,CURVE & LEVEL,DARK-HWY NOT LIGHTED,,,44372.65173,FALSE,246,Accepted,5,5,O,,NOT UNDER PROPER CONTROL,
28296346,0870000,MONTGOMERY CTY SHERIFF DEPT,Accepted,MONTGOMERY,US0460,,CAMARGO,RD,,,,,,,,38.0038853,-83.90222549,13.95,6/24/2021,910,2,2,0,0,CLEAR,DRY,FALSE,OTHER COLLISIONS ON SHOULDER,SIDESWIPE-SAME DIRECTION,STRAIGHT & GRADE,DAYLIGHT,,,44372.65183,FALSE,228,Accepted,5,5,O,,,
28296347,0870000,MONTGOMERY CTY SHERIFF DEPT,Accepted,MONTGOMERY,KY0213,,KY213,,,,,,,,,37.97327764,-83.85401647,5.054,6/20/2021,1522,2,2,0,0,CLEAR,DRY,FALSE,REAR END IN TRAFFIC LANES BOTH VEHICLES MOVING,REAR END,STRAIGHT & LEVEL,DAYLIGHT,,,44372.65194,FALSE,241,Accepted,5,5,O,,INATTENTION,MIRRORS
28296556,0870100,MT. STERLING POLICE DEPARTMENT,Accepted,MONTGOMERY,US0460,611,MAYSVILLE,ST,N,,,,,,,38.07158318,-83.94703366,,6/18/2021,1928,2,2,0,0,CLEAR,DRY,FALSE,,BACKING,STRAIGHT & LEVEL,DAYLIGHT,,,44372.70097,FALSE,121,Accepted,5,5,O,,MISJUDGE CLEARANCE,
28296560,0870100,MT. STERLING POLICE DEPARTMENT,Accepted,MONTGOMERY,KY0686,,INDIAN MOUND,DR,,,,,,,,38.05378311,-83.9562547,1.658,6/17/2021,2044,2,2,0,0,CLEAR,DRY,FALSE,REAR END IN TRAFFIC LANES BOTH VEHICLES MOVING,REAR END,STRAIGHT & LEVEL,DAYLIGHT,,,44372.70104,FALSE,149,Accepted,5,5,O,,INATTENTION,
28296580,0870100,MT. STERLING POLICE DEPARTMENT,Accepted,MONTGOMERY,KY0686,,INDIAN MOUND,DR,,US0060,WINCHESTER,,,,,38.05374563,-83.95650853,1.659,6/25/2021,957,2,2,0,1,CLEAR,DRY,FALSE,OPPOSING LEFT TURN,OPPOSING LEFT TURN,STRAIGHT & LEVEL,DAYLIGHT,,,44372.70544,FALSE,115,Accepted,5,3,B,,INATTENTION,
28303081,0870100,MT. STERLING POLICE DEPARTMENT,Accepted,MONTGOMERY,US0460,,MAYSVILLE,ST,N,,EVANS,,,,,38.07557814,-83.94877185,8.184,6/26/2021,1926,2,2,0,0,CLEAR,DRY,FALSE,ANGLE COLLISION - ONE VEHICLE TURNING LEFT,ANGLE,STRAIGHT & LEVEL,DAYLIGHT,,,44374.9706,FALSE,154,Accepted,5,5,O,,"FAILED TO YIELD RIGHT OF WAY, FATIGUE",
28310276,0870000,MONTGOMERY CTY SHERIFF DEPT,Accepted,MONTGOMERY,KY0713,2424,SPENCER,PIKE,,,,,,,,38.05053233,-83.90940105,8.311,6/25/2021,39,1,1,0,0,CLEAR,DRY,FALSE,OTHER ROADWAY OR MID-BLOCK COLLISION,SINGLE VEHICLE,STRAIGHT & LEVEL,DARK-HWY NOT LIGHTED,,,44376.53228,FALSE,231,Accepted,5,5,O,,"EXCEEDED STATED SPEED LIMIT, INATTENTION, NOT UNDER PROPER CONTROL",
28312037,0870100,MT. STERLING POLICE DEPARTMENT,Accepted,MONTGOMERY,,,CHENAULT,LN,,,,,,,,38.04782631,-83.95722387,0.016,6/28/2021,2321,1,1,0,1,CLEAR,DRY,FALSE,OCCUPANT FELL FROM MOVING VEHICLE,SINGLE VEHICLE,STRAIGHT & HILLCREST,DARK-HWY LIGHTED/ON,,,44376.85658,FALSE,129,Accepted,2,2,A,,ALCOHOL INVOLVEMENT,
28319935,0870000,MONTGOMERY CTY SHERIFF DEPT,Accepted,MONTGOMERY,,5021,CHILES,HWY,,,,,,,,38.10841959,-84.05369798,1.046,6/6/2021,651,1,1,0,0,CLEAR,DRY,FALSE,RAN OFF ROADWAY (1 VEHICLE WITH/EARTH EMBANKMENT/DITCH),SINGLE VEHICLE,STRAIGHT & LEVEL,DAYLIGHT,,,44378.70099,FALSE,248,Accepted,5,5,O,,NOT UNDER PROPER CONTROL,