IncidentID,AgencyORI,AgencyName,IncidentStatusDesc,County,RdwyNumber,Street,RoadwayName,StreetSfx,StreetDir,IntersectionRdwy,IntersectionRdwyName,BetweenStRdwy1,BetweenStRdwyName1,BetweenStRdwy2,BetweenStRdwyName2,Latitude,Longitude,Milepoint,CollisionDate,CollisionTime,UnitsInvolved,MotorVehiclesInvolved,NumberKilled,NumberInjured,Weather,RdwyConditionCode,HitandRun,DirAnalysisCode,MannerofCollision,RdwyCharacter,LightCondition,RampFromRdwyId,RampToRdwyId,AcceptedDate,IsSecondaryCollision,OwnerBadge,IncidentStatus,InjurySeverityCde,KABCO Code,KABCO,Environmental_Factors,Human_Factors,Vehicular_Factors
28319936,0870000,MONTGOMERY CTY SHERIFF DEPT,Accepted,MONTGOMERY,US0060,3384,WINCHESTER,RD,,,,,,,,38.03838427,-84.00777095,1.165,6/30/2021,728,2,2,0,2,CLEAR,DRY,FALSE,SIDESWIPE COLLISION - OPPOSITE DIRECTION,SIDESWIPE-OPPOSITE DIRECTION,CURVE & GRADE,DAYLIGHT,,,44378.70105,FALSE,248,Accepted,5,4,C,GLARE (SUN),NOT UNDER PROPER CONTROL,
28320579,0870100,MT. STERLING POLICE DEPARTMENT,Accepted,MONTGOMERY,KY0686,,INDIAN MOUND,DR,,,REESE,,,,,38.06732462,-83.95516716,0.722,6/29/2021,1811,3,3,0,1,CLEAR,DRY,FALSE,,OPPOSING LEFT TURN,STRAIGHT & LEVEL,DAYLIGHT,,,44378.87604,FALSE,121,Accepted,5,3,B,,INATTENTION,MIRRORS
28320580,0870100,MT. STERLING POLICE DEPARTMENT,Accepted,MONTGOMERY,US0460,,MAYSVILLE,RD,,,,,,,,38.08152793,-83.94989292,7.754,6/24/2021,1645,2,2,0,0,CLEAR,DRY,FALSE,1 VEHICLE ENTERING/LEAVING ENTRANCE,ANGLE,STRAIGHT & LEVEL,DAYLIGHT,,,44378.87609,FALSE,149,Accepted,5,5,O,,"INATTENTION, MISJUDGE CLEARANCE",
28320585,0870100,MT. STERLING POLICE DEPARTMENT,Accepted,MONTGOMERY,US0060,,MAIN,ST,W,KY0686,INDIAN MOUND,,,,,38.05385566,-83.95624036,4.324,7/1/2021,603,2,2,0,0,RAINING,WET,FALSE,ANGLE COLLISION - OTHER,ANGLE,STRAIGHT & LEVEL,DAWN,,,44378.87638,FALSE,155,Accepted,5,5,O,SLIPPERY SURFACE,TOO FAST FOR CONDITIONS,
28320587,0870100,MT. STERLING POLICE DEPARTMENT,Accepted,MONTGOMERY,KY0686,,INDIAN MOUND,DR,,,,,,,,38.04214847,-83.93431459,3.513,7/1/2021,1456,2,2,0,1,RAINING,WET,FALSE,1 VEHICLE ENTERING/LEAVING ENTRANCE,ANGLE,STRAIGHT & LEVEL,DAYLIGHT,,,44378.87643,FALSE,156,Accepted,5,4,C,SLIPPERY SURFACE,DISREGARD TRAFFIC CONTROL,
28324416,0870100,MT. STERLING POLICE DEPARTMENT,Accepted,MONTGOMERY,KY0686,,INDIAN MOUND,DR,,,VANCE,,,,,38.07364259,-83.9512316,0.17,7/1/2021,1830,3,3,0,1,RAINING,WET,FALSE,ANGLE COLLISION - OTHER,ANGLE,STRAIGHT & LEVEL,DAYLIGHT,,,44379.98198,FALSE,154,Accepted,5,4,C,,INATTENTION,
28324417,0870100,MT. STERLING POLICE DEPARTMENT,Accepted,MONTGOMERY,US0460,550,MAYSVILLE,ST,N,,,,,,,38.06906106,-83.94638485,8.649,7/1/2021,1050,2,2,0,0,RAINING,WET,FALSE,1 VEHICLE ENTERING/LEAVING ENTRANCE,ANGLE,STRAIGHT & GRADE,DAYLIGHT,,,44379.98205,FALSE,155,Accepted,5,5,O,,MISJUDGE CLEARANCE,
28324418,0870100,MT. STERLING POLICE DEPARTMENT,Accepted,MONTGOMERY,,,YOUNG,LN,,,VANCE,,,,,38.07437785,-83.95146081,0.282,7/1/2021,1350,3,3,0,0,RAINING,WET,FALSE,ANGLE COLLISION - OTHER,ANGLE,STRAIGHT & GRADE,DAYLIGHT,,,44379.98209,FALSE,128,Accepted,5,5,O,,"DISREGARD TRAFFIC CONTROL, INATTENTION",
28325825,0870100,MT. STERLING POLICE DEPARTMENT,Accepted,MONTGOMERY,US0460,694,MAYSVILLE,ST,N,,,,,,,38.07383299,-83.94823882,8.303,7/2/2021,2137,2,2,0,0,CLEAR,DRY,FALSE,,REAR END,STRAIGHT & LEVEL,DARK-HWY LIGHTED/ON,,,44380.64243,FALSE,130,Accepted,5,5,O,,"INATTENTION, NOT UNDER PROPER CONTROL",
28325827,0870100,MT. STERLING POLICE DEPARTMENT,Accepted,MONTGOMERY,,409,SCOTT,ST,,,,,,,,38.05504798,-83.93632269,,7/3/2021,714,2,2,0,0,CLEAR,DRY,TRUE,1 VEHICLE PARKED POSITION (NOT PARKING LOT/DRIVEWAY),SIDESWIPE-OPPOSITE DIRECTION,STRAIGHT & HILLCREST,DAYLIGHT,,,44380.64249,FALSE,153,Accepted,5,5,O,,,
28338015,0870100,MT. STERLING POLICE DEPARTMENT,Accepted,MONTGOMERY,US0060,,MAIN,ST,W,,,,,,,38.05640716,-83.94206982,5.128,7/6/2021,1018,2,2,0,0,CLEAR,DRY,TRUE,1 VEHICLE ENTERING/LEAVING ENTRANCE,ANGLE,STRAIGHT & LEVEL,DAYLIGHT,,,44383.94206,FALSE,156,Accepted,5,5,O,,"INATTENTION, DISREGARD TRAFFIC CONTROL",
28340065,0870000,MONTGOMERY CTY SHERIFF DEPT,Accepted,MONTGOMERY,US0460,,MAIN,ST,,,,,,,,37.95547909,-83.78785605,21.229,7/1/2021,1145,1,1,0,0,RAINING,FLOODED,FALSE,RAN OFF ROADWAY (1 VEHICLE WITH/EARTH EMBANKMENT/DITCH),SINGLE VEHICLE,STRAIGHT & LEVEL,DAYLIGHT,,,44384.46389,FALSE,226,Accepted,5,5,O,"SLIPPERY SURFACE, WATER POOLING",NOT UNDER PROPER CONTROL,
28340066,0870000,MONTGOMERY CTY SHERIFF DEPT,Accepted,MONTGOMERY,,,ASHGROVE,DR,,,,,,,,38.04495655,-83.95203251,0.246,7/1/2021,1443,2,2,0,1,RAINING,WET,FALSE,1 VEHICLE ENTERING/LEAVING ENTRANCE,ANGLE,STRAIGHT & LEVEL,DAYLIGHT,,,44384.46396,FALSE,226,Accepted,5,4,C,SLIPPERY SURFACE,FAILED TO YIELD RIGHT OF WAY,
28340068,0870000,MONTGOMERY CTY SHERIFF DEPT,Accepted,MONTGOMERY,KY0213,1330,KY213,,,,,,,,,37.96569394,-83.85814861,4.471,7/2/2021,1611,2,2,0,1,CLEAR,DRY,FALSE,REAR END IN TRAFFIC LANES BOTH VEHICLES MOVING,REAR END,STRAIGHT & LEVEL,DAYLIGHT,,,44384.46407,FALSE,249,Accepted,3,3,B,,INATTENTION,
28340071,0870000,MONTGOMERY CTY SHERIFF DEPT,Accepted,MONTGOMERY,KY0011,,MAYSVILLE,RD,,,,,,,,38.129418,-83.95879353,12.983,7/2/2021,501,1,1,0,0,CLEAR,DRY,FALSE,COLLISION WITH ANIMAL NON INTERSECTION,SINGLE VEHICLE,STRAIGHT & LEVEL,DARK-HWY NOT LIGHTED,,,44384.46422,FALSE,231,Accepted,5,5,O,ANIMALS ACTION,,
28340075,0870000,MONTGOMERY CTY SHERIFF DEPT,Accepted,MONTGOMERY,US0060,,OWINGSVILLE,RD,,I 0064,I64 E EXIT113 OFF RAMP TO US60,,,,,38.08727136,-83.89909214,8.573,7/5/2021,1618,2,2,0,0,CLEAR,DRY,FALSE,OTHER INTERSECTION COLLISIONS,REAR END,STRAIGHT & LEVEL,DAYLIGHT,,,44384.46438,FALSE,245,Accepted,5,5,O,,OTHER,
28340186,0870000,MONTGOMERY CTY SHERIFF DEPT,Accepted,MONTGOMERY,US0460,,MAIN,ST,,,,,,,,37.98198662,-83.86661525,16.499,7/6/2021,1236,2,2,0,0,CLEAR,DRY,FALSE,REAR END IN TRAFFIC LANES BOTH VEHICLES MOVING,REAR END,STRAIGHT & LEVEL,DAYLIGHT,,,44384.48377,FALSE,226,Accepted,5,5,O,,FAILED TO YIELD RIGHT OF WAY,
28342353,0870100,MT. STERLING POLICE DEPARTMENT,Accepted,MONTGOMERY,KY0686,,INDIAN MOUND,DR,,,,,,,,38.07398464,-83.94850598,0.013,7/6/2021,1237,2,2,0,0,CLEAR,DRY,FALSE,OTHER ROADWAY OR MID-BLOCK COLLISION,REAR END,STRAIGHT & LEVEL,DAYLIGHT,,,44384.92696,FALSE,155,Accepted,5,5,O,,INATTENTION,
28346691,0870100,MT. STERLING POLICE DEPARTMENT,Accepted,MONTGOMERY,US0460,,CAMARGO,RD,,,,,,,,38.04192981,-83.93425298,10.699,7/8/2021,1634,2,2,0,0,CLEAR,DRY,FALSE,REAR END IN TRAFFIC LANES BOTH VEHICLES MOVING,REAR END,STRAIGHT & LEVEL,DAYLIGHT,,,44385.91194,FALSE,156,Accepted,5,5,O,,"DISREGARD TRAFFIC CONTROL, DISTRACTION, INATTENTION",
28357334,0870000,MONTGOMERY CTY SHERIFF DEPT,Accepted,MONTGOMERY,KY0011,,LEVEE,RD,,,,,,,,38.04737132,-83.94347409,9.739,7/10/2021,1118,2,2,0,0,CLOUDY,WET,FALSE,1 VEHICLE ENTERING/LEAVING ENTRANCE,ANGLE,STRAIGHT & GRADE,DAYLIGHT,,,44389.27386,FALSE,226,Accepted,5,5,O,SLIPPERY SURFACE,FAILED TO YIELD RIGHT OF WAY,
28357344,0870000,MONTGOMERY CTY SHERIFF DEPT,Accepted,MONTGOMERY,,,OAK GROVE,DR,,,,,,,,38.09853173,-83.89959074,0.134,7/6/2021,1507,2,2,0,0,CLEAR,DRY,FALSE,1 VEHICLE ENTERING/LEAVING ENTRANCE,ANGLE,STRAIGHT & LEVEL,DAYLIGHT,,,44389.27397,FALSE,275,Accepted,5,5,O,,"INATTENTION, TURNING IMPROPERLY",
28357351,0870000,MONTGOMERY CTY SHERIFF DEPT,Accepted,MONTGOMERY,KY1331,,HOWARDS MILL,RD,,,HARPERS RIDGE,,,,,38.06591513,-83.8538196,3.111,7/10/2021,2007,1,1,0,0,CLOUDY,DRY,FALSE,COLLISION WITH FIXED OBJECT IN INTERSECTION - FIRST EVENT COLLISION 09 - 32,SINGLE VEHICLE,STRAIGHT & LEVEL,DAYLIGHT,,,44389.27412,FALSE,249,Accepted,5,5,O,,,"TIRE FAILURE, TIRES"
28360725,0870100,MT. STERLING POLICE DEPARTMENT,Accepted,MONTGOMERY,,,FLOYD,DR,,,,,,,,38.0326841,-83.9476912,0.109,7/11/2021,1552,2,2,0,0,CLEAR,DRY,TRUE,1 VEHICLE PARKED POSITION (NOT PARKING LOT/DRIVEWAY),ANGLE,STRAIGHT & LEVEL,DAYLIGHT,,,44389.85119,FALSE,152,Accepted,5,5,O,,MISJUDGE CLEARANCE,
28363792,0870000,MONTGOMERY CTY SHERIFF DEPT,Accepted,MONTGOMERY,US0460,8060,MAIN,ST,,,,,,,,37.97585833,-83.84939675,17.523,7/12/2021,1735,2,2,0,0,CLEAR,DRY,FALSE,OTHER COLLISIONS ON SHOULDER,OPPOSING LEFT TURN,STRAIGHT & LEVEL,DAYLIGHT,,,44390.63681,FALSE,245,Accepted,5,5,O,,FAILED TO YIELD RIGHT OF WAY,
28366748,KSP0800,"KY STATE POLICE, POST 08",Accepted,MONTGOMERY,KY0713,,SPENCER,PIKE,,,,,,,,38.02577861,-83.83692107,13.008,7/11/2021,2242,1,1,0,0,RAINING,WET,FALSE,RAN OFF ROADWAY (1 VEHICLE WITH/EARTH EMBANKMENT/DITCH),SINGLE VEHICLE,CURVE & GRADE,DARK-HWY NOT LIGHTED,,,44391.41624,FALSE,106,Accepted,5,5,O,SLIPPERY SURFACE,TOO FAST FOR CONDITIONS,
28369756,0870100,MT. STERLING POLICE DEPARTMENT,Accepted,MONTGOMERY,,,LARKIN BAY,,,,,,,,,38.04958525,-83.95296707,0.036,7/13/2021,1756,2,2,0,0,CLOUDY,DRY,FALSE,REAR END IN TRAFFIC LANES BOTH VEHICLES MOVING,REAR END,STRAIGHT & LEVEL,DAYLIGHT,,,44392.02598,FALSE,156,Accepted,5,5,O,,INATTENTION,
28376581,0870000,MONTGOMERY CTY SHERIFF DEPT,Accepted,MONTGOMERY,US0460,,CAMARGO,RD,,,,,,,,38.00519614,-83.90307199,13.835,7/13/2021,2141,2,2,0,1,CLEAR,DRY,FALSE,REAR END IN TRAFFIC LANES BOTH VEHICLES MOVING,REAR END,STRAIGHT & GRADE,DARK-HWY NOT LIGHTED,,,44393.73409,FALSE,246,Accepted,3,3,B,,"INATTENTION, NOT UNDER PROPER CONTROL",
28376587,0870000,MONTGOMERY CTY SHERIFF DEPT,Accepted,MONTGOMERY,US0060,,WINCHESTER,RD,,,,,,,,38.05342686,-83.96064817,4.081,7/13/2021,1200,1,1,0,1,RAINING,WATER (STANDING OR MOVING),FALSE,COLLISION WITH FIXED OBJECT NON - INTERSECTION - FIRST EVENT COLLISION 09 - 32 EXCLUDING 16,SINGLE VEHICLE,STRAIGHT & LEVEL,DAYLIGHT,,,44393.73422,FALSE,228,Accepted,5,3,B,WATER POOLING,,
28376589,0870000,MONTGOMERY CTY SHERIFF DEPT,Accepted,MONTGOMERY,,,OLD OWINGSVILLE,RD,,,,,,,,38.06694689,-83.92529843,1.696,7/14/2021,1150,2,2,0,0,CLOUDY,DRY,FALSE,SIDESWIPE COLLISION - OPPOSITE DIRECTION,SIDESWIPE-OPPOSITE DIRECTION,STRAIGHT & LEVEL,DAYLIGHT,,,44393.73431,FALSE,228,Accepted,5,5,O,,,
28376590,0870000,MONTGOMERY CTY SHERIFF DEPT,Accepted,MONTGOMERY,KY0686,,INDIAN MOUND,DR,,,STAG,,,,,38.07341348,-83.91788737,6.224,7/14/2021,1511,2,2,0,0,CLOUDY,DRY,FALSE,OTHER INTERSECTION COLLISIONS,REAR END,STRAIGHT & GRADE,DAYLIGHT,,,44393.73437,FALSE,228,Accepted,5,5,O,,,
28381873,0870100,MT. STERLING POLICE DEPARTMENT,Accepted,MONTGOMERY,KY0686,1201,INDIAN MOUND,DR,,US0060,WINCHESTER,,,,,38.05380268,-83.95665743,1.658,7/16/2021,1821,2,2,0,0,CLEAR,DRY,FALSE,,BACKING,STRAIGHT & LEVEL,DAYLIGHT,,,44395.9363,FALSE,121,Accepted,5,5,O,,INATTENTION,
28381875,0870100,MT. STERLING POLICE DEPARTMENT,Accepted,MONTGOMERY,,,WALMART,DR,,,,,,,,38.06816095,-83.95617384,0.057,7/16/2021,1840,2,2,0,0,CLEAR,DRY,FALSE,VEHICLE BACKING NON INTERSECTION,BACKING,STRAIGHT & LEVEL,DAYLIGHT,,,44395.93641,FALSE,152,Accepted,5,5,O,,MISJUDGE CLEARANCE,
28381876,0870100,MT. STERLING POLICE DEPARTMENT,Accepted,MONTGOMERY,,,WALMART,DR,,,,,,,,38.06805954,-83.95585647,0.049,7/16/2021,1910,2,2,0,0,CLEAR,DRY,TRUE,1 VEHICLE PARKED POSITION (NOT PARKING LOT/DRIVEWAY),BACKING,STRAIGHT & LEVEL,DAYLIGHT,,,44395.93646,FALSE,152,Accepted,5,5,O,,,
28381877,0870100,MT. STERLING POLICE DEPARTMENT,Accepted,MONTGOMERY,US0060,,MAIN,ST,W,,SYCAMORE,,,,,38.0557658,-83.94500024,4.965,7/12/2021,1218,2,2,0,0,RAINING,WET,FALSE,OTHER INTERSECTION COLLISIONS,REAR END,STRAIGHT & LEVEL,DAYLIGHT,,,44395.93651,FALSE,155,Accepted,5,5,O,SLIPPERY SURFACE,,
28381879,0870100,MT. STERLING POLICE DEPARTMENT,Accepted,MONTGOMERY,KY0686,,INDIAN MOUND,DR,,,,,,,,38.05679303,-83.95597036,1.45,7/14/2021,1502,2,1,0,1,CLEAR,WET,FALSE,COLLISION WITH PEDESTRIAN NON - INTERSECTION,SINGLE VEHICLE,STRAIGHT & LEVEL,DAYLIGHT,,,44395.93656,FALSE,155,Accepted,5,2,A,,,
28384605,0870000,MONTGOMERY CTY SHERIFF DEPT,Accepted,MONTGOMERY,,,OLD OWINGSVILLE,RD,,,,,,,,38.07089184,-83.92094818,1.329,7/14/2021,1016,2,2,0,0,CLEAR,DRY,FALSE,SIDESWIPE COLLISION - OPPOSITE DIRECTION,SIDESWIPE-OPPOSITE DIRECTION,STRAIGHT & LEVEL,DAYLIGHT,,,44396.56455,FALSE,226,Accepted,5,5,O,,,
28384619,0870000,MONTGOMERY CTY SHERIFF DEPT,Accepted,MONTGOMERY,US0460,,MAIN,ST,,,,,,,,37.97780341,-83.85547032,17.228,7/16/2021,1153,2,2,0,0,RAINING,WET,FALSE,REAR END IN TRAFFIC LANES BOTH VEHICLES MOVING,REAR END,STRAIGHT & LEVEL,DAYLIGHT,,,44396.56506,FALSE,241,Accepted,5,5,O,,INATTENTION,
28384624,0870000,MONTGOMERY CTY SHERIFF DEPT,Accepted,MONTGOMERY,,,OAK GROVE,DR,,,,,,,,38.09279352,-83.90427117,0.734,6/28/2021,1539,2,2,0,0,CLEAR,DRY,FALSE,SIDESWIPE COLLISION - OPPOSITE DIRECTION,SIDESWIPE-OPPOSITE DIRECTION,STRAIGHT & LEVEL,DAYLIGHT,,,44396.56529,FALSE,241,Accepted,5,5,O,,MISJUDGE CLEARANCE,
28385271,0870100,MT. STERLING POLICE DEPARTMENT,Accepted,MONTGOMERY,,121,SYCAMORE,ST,N,,,,,,,38.057703,-83.94571872,0.388,7/19/2021,1035,2,2,0,0,CLEAR,DRY,TRUE,1 VEHICLE PARKED POSITION (NOT PARKING LOT/DRIVEWAY),ANGLE,STRAIGHT & GRADE,UNKNOWN,,,44396.64869,FALSE,128,Accepted,5,5,O,,,
28399362,0870100,MT. STERLING POLICE DEPARTMENT,Accepted,MONTGOMERY,,,SYCAMORE,ST,N,,,,,,,38.06114807,-83.94684957,0.143,7/21/2021,2132,1,1,0,0,CLEAR,DRY,FALSE,COLLISION WITH FIXED OBJECT NON - INTERSECTION - FIRST EVENT COLLISION 09 - 32 EXCLUDING 16,SINGLE VEHICLE,STRAIGHT & LEVEL,DARK-HWY LIGHTED/ON,,,44400.04509,FALSE,152,Accepted,5,5,O,,OTHER,
28399364,0870100,MT. STERLING POLICE DEPARTMENT,Accepted,MONTGOMERY,,,WALMART,DR,,,,,,,,38.06931481,-83.9559235,0.135,7/14/2021,1757,2,2,0,0,CLEAR,DRY,TRUE,1 VEHICLE PARKED POSITION (NOT PARKING LOT/DRIVEWAY),ANGLE,STRAIGHT & LEVEL,DAYLIGHT,,,44400.04516,FALSE,152,Accepted,5,5,O,,MISJUDGE CLEARANCE,
28419526,0870100,MT. STERLING POLICE DEPARTMENT,Accepted,MONTGOMERY,,,ROLLNG,HLS,,,MAYSVILLE,,,,,38.08292069,-83.94950649,,7/26/2021,1213,2,2,0,0,CLEAR,DRY,FALSE,SIDESWIPE-SAME DIRECTION,SIDESWIPE-SAME DIRECTION,STRAIGHT & LEVEL,DAYLIGHT,,,44403.95931,FALSE,153,Accepted,5,5,O,,"FAILED TO YIELD RIGHT OF WAY, INATTENTION, OTHER",
28437865,0870000,MONTGOMERY CTY SHERIFF DEPT,Accepted,MONTGOMERY,US0460,10780,MAIN,ST,,,,,,,,37.96355773,-83.80135049,20.28,7/16/2021,1750,1,1,0,0,CLEAR,WET,FALSE,RAN OFF ROADWAY (1 VEHICLE WITH/EARTH EMBANKMENT/DITCH),SINGLE VEHICLE,CURVE & GRADE,DAYLIGHT,,,44404.64917,FALSE,246,Accepted,5,5,O,SLIPPERY SURFACE,"NOT UNDER PROPER CONTROL, OVERCORRECTING/OVERSTEERING",
28437869,0870000,MONTGOMERY CTY SHERIFF DEPT,Accepted,MONTGOMERY,,515,MELANIE,LN,,,,,,,,38.07087876,-83.9200734,0.022,7/10/2021,1326,2,2,0,0,CLEAR,DRY,FALSE,VEHICLE BACKING NON INTERSECTION,BACKING,STRAIGHT & HILLCREST,DAYLIGHT,,,44404.64927,FALSE,275,Accepted,5,5,O,,INATTENTION,
28437871,0870000,MONTGOMERY CTY SHERIFF DEPT,Accepted,MONTGOMERY,US0460,4675,CAMARGO,RD,,,,,,,,37.99037055,-83.87965553,15.557,7/22/2021,1650,2,2,0,0,CLEAR,DRY,FALSE,SIDESWIPE COLLISION - SAME DIRECTION,SIDESWIPE-SAME DIRECTION,STRAIGHT & LEVEL,DAYLIGHT,,,44404.64941,FALSE,246,Accepted,5,5,O,,,
28437872,0870000,MONTGOMERY CTY SHERIFF DEPT,Accepted,MONTGOMERY,,2056,OSBORNE,RD,,,,,,,,38.06499921,-83.90059991,1.3,7/17/2021,2317,1,1,0,0,CLEAR,DRY,FALSE,RAN OFF ROADWAY (1 VEHICLE WITH/EARTH EMBANKMENT/DITCH),SINGLE VEHICLE,STRAIGHT & GRADE,DARK-HWY NOT LIGHTED,,,44404.64946,FALSE,246,Accepted,5,5,O,,NOT UNDER PROPER CONTROL,
28437878,0870000,MONTGOMERY CTY SHERIFF DEPT,Accepted,MONTGOMERY,KY0011,2650,LEVEE,RD,,,,,,,,38.02014004,-83.94922872,7.81,7/24/2021,1637,2,2,0,0,CLEAR,DRY,FALSE,SIDESWIPE COLLISION - SAME DIRECTION,SIDESWIPE-SAME DIRECTION,STRAIGHT & LEVEL,DAYLIGHT,,,44404.64968,FALSE,245,Accepted,5,5,O,,IMPROPER PASSING,
28437880,0870000,MONTGOMERY CTY SHERIFF DEPT,Accepted,MONTGOMERY,KY0213,,KY213,,,,,,,,,37.93373538,-83.86525548,2.152,7/18/2021,858,1,1,0,1,CLEAR,DRY,FALSE,OTHER COLLISIONS ON SHOULDER,SINGLE VEHICLE,STRAIGHT & GRADE,DAYLIGHT,,,44404.64985,FALSE,275,Accepted,5,4,C,,"FAILED TO KEEP PROPER LANE, INATTENTION, NOT UNDER PROPER CONTROL",
28437883,0870000,MONTGOMERY CTY SHERIFF DEPT,Accepted,MONTGOMERY,KY0011,,LEVEE,RD,,KY0646,KIDDVILLE,,,,,38.00882192,-83.94796989,6.962,7/24/2021,1625,1,1,0,1,CLEAR,DRY,FALSE,OTHER INTERSECTION COLLISIONS,SINGLE VEHICLE,STRAIGHT & LEVEL,DAYLIGHT,,,44404.65008,FALSE,249,Accepted,3,3,B,,,
28437884,0870000,MONTGOMERY CTY SHERIFF DEPT,Accepted,MONTGOMERY,KY0713,8936,SPENCER,PIKE,,,,,,,,38.02288795,-83.79274435,15.721,7/22/2021,1723,1,1,0,0,CLEAR,DRY,FALSE,COLLISION WITH FIXED OBJECT NON - INTERSECTION - FIRST EVENT COLLISION 09 - 32 EXCLUDING 16,SINGLE VEHICLE,CURVE & LEVEL,DAYLIGHT,,,44404.65015,FALSE,238,Accepted,5,5,O,SHOULDERS DEFECTIVE/DROP-OFF,NOT UNDER PROPER CONTROL,
28437885,0870000,MONTGOMERY CTY SHERIFF DEPT,Accepted,MONTGOMERY,KY0713,,GRASSY LICK,RD,,,,,,,,38.05938884,-83.96428372,5.339,7/21/2021,2119,1,1,0,0,CLEAR,DRY,FALSE,COLLISION WITH ANIMAL NON INTERSECTION,SINGLE VEHICLE,STRAIGHT & GRADE,DARK-HWY NOT LIGHTED,,,44404.6502,FALSE,238,Accepted,5,5,O,ANIMALS ACTION,,
28446952,0870000,MONTGOMERY CTY SHERIFF DEPT,Accepted,MONTGOMERY,,4501,DONALDSON,RD,,,,,,,,38.08196329,-84.02793767,0.448,7/28/2021,152,1,1,0,0,CLEAR,DRY,FALSE,RAN OFF ROADWAY (1 VEHICLE WITH/EARTH EMBANKMENT/DITCH),SINGLE VEHICLE,STRAIGHT & LEVEL,DARK-HWY NOT LIGHTED,,,44406.743,FALSE,234,Accepted,5,5,O,,,
28446954,0870000,MONTGOMERY CTY SHERIFF DEPT,Accepted,MONTGOMERY,KY0686,,INDIAN MOUND,DR,,KY0713,HIGH,,,,,38.0580226,-83.95587156,1.352,7/26/2021,1158,3,3,0,0,CLEAR,DRY,FALSE,OTHER INTERSECTION COLLISIONS,REAR END,STRAIGHT & LEVEL,DAYLIGHT,,,44406.74311,FALSE,241,Accepted,5,5,O,,INATTENTION,
28446955,0870000,MONTGOMERY CTY SHERIFF DEPT,Accepted,MONTGOMERY,KY0011,,LEVEE,RD,,,FULLER,,,,,38.03645021,-83.94997825,8.923,7/25/2021,1327,2,2,0,1,CLOUDY,DRY,FALSE,NON-COLLISION OBJECT COLLISION,OPPOSING LEFT TURN,STRAIGHT & LEVEL,DAYLIGHT,,,44406.74317,FALSE,228,Accepted,5,2,A,,FAILED TO YIELD RIGHT OF WAY,
28446957,0870000,MONTGOMERY CTY SHERIFF DEPT,Accepted,MONTGOMERY,US0460,,CAMARGO,RD,,,,,,,,37.9875865,-83.87612872,15.83,7/27/2021,1247,2,2,0,2,CLEAR,DRY,FALSE,OTHER ROADWAY OR MID-BLOCK COLLISION,REAR END,STRAIGHT & GRADE,DAYLIGHT,,,44406.74325,FALSE,228,Accepted,5,3,B,,,
28446961,0870000,MONTGOMERY CTY SHERIFF DEPT,Accepted,MONTGOMERY,,,CLARENCE,DR,,US0060,OWINGSVILLE,,,,,38.09258424,-83.89770102,0.002,7/20/2021,1647,2,2,0,0,CLEAR,DRY,FALSE,OTHER INTERSECTION COLLISIONS,REAR END,STRAIGHT & LEVEL,DAYLIGHT,,,44406.74339,FALSE,238,Accepted,5,5,O,BACKUP DUE TO REGULAR CONGESTION,INATTENTION,
28446962,0870000,MONTGOMERY CTY SHERIFF DEPT,Accepted,MONTGOMERY,US0460,12295,MAIN,ST,,,,,,,,37.95208611,-83.78153413,21.644,7/15/2021,1728,1,1,0,1,CLEAR,DRY,FALSE,RAN OFF ROADWAY (1 VEHICLE WITH/EARTH EMBANKMENT/DITCH),SINGLE VEHICLE,STRAIGHT & LEVEL,DAYLIGHT,,,44406.74345,FALSE,238,Accepted,5,3,B,,NOT UNDER PROPER CONTROL,
28446963,0870000,MONTGOMERY CTY SHERIFF DEPT,Accepted,MONTGOMERY,US0460,1095,PARIS,RD,,,,,,,,38.09681935,-83.97549818,5.745,7/20/2021,2315,1,1,0,0,CLEAR,DRY,FALSE,COLLISION WITH FIXED OBJECT NON - INTERSECTION - FIRST EVENT COLLISION 09 - 32 EXCLUDING 16,SINGLE VEHICLE,CURVE & LEVEL,DARK-HWY NOT LIGHTED,,,44406.74355,FALSE,238,Accepted,5,5,O,,"DRUG INVOLVEMENT, NOT UNDER PROPER CONTROL, TOO FAST FOR CONDITIONS",
28453248,0870100,MT. STERLING POLICE DEPARTMENT,Accepted,MONTGOMERY,KY0686,,INDIAN MOUND,DR,,US0060,WINCHESTER,,,,,38.05367655,-83.95652226,1.658,7/26/2021,1547,2,2,0,0,CLEAR,DRY,FALSE,OTHER INTERSECTION COLLISIONS,REAR END,STRAIGHT & LEVEL,DAYLIGHT,,,44408.71041,FALSE,152,Accepted,5,5,O,,,
28453250,0870100,MT. STERLING POLICE DEPARTMENT,Accepted,MONTGOMERY,US0460,,MAYSVILLE,ST,N,,,,,,,38.05639946,-83.9420644,9.549,7/27/2021,1425,2,2,0,0,CLEAR,DRY,FALSE,REAR END IN TRAFFIC LANES BOTH VEHICLES MOVING,REAR END,STRAIGHT & GRADE,DAYLIGHT,,,44408.7105,FALSE,139,Accepted,5,5,O,,INATTENTION,