IncidentID,AgencyORI,AgencyName,IncidentStatusDesc,County,RdwyNumber,Street,RoadwayName,StreetSfx,StreetDir,IntersectionRdwy,IntersectionRdwyName,BetweenStRdwy1,BetweenStRdwyName1,BetweenStRdwy2,BetweenStRdwyName2,Latitude,Longitude,Milepoint,CollisionDate,CollisionTime,UnitsInvolved,MotorVehiclesInvolved,NumberKilled,NumberInjured,Weather,RdwyConditionCode,HitandRun,DirAnalysisCode,MannerofCollision,RdwyCharacter,LightCondition,RampFromRdwyId,RampToRdwyId,AcceptedDate,IsSecondaryCollision,OwnerBadge,IncidentStatus,InjurySeverityCde,KABCO Code,KABCO,Environmental_Factors,Human_Factors,Vehicular_Factors
28453252,0870100,MT. STERLING POLICE DEPARTMENT,Accepted,MONTGOMERY,,,LOCUST,ST,W,US0460,BANK,,,,,38.0550802,-83.94251446,0.214,7/28/2021,1539,2,2,0,0,CLEAR,DRY,FALSE,OTHER INTERSECTION COLLISIONS,REAR END,STRAIGHT & LEVEL,DAYLIGHT,,,44408.71059,FALSE,154,Accepted,5,5,O,,INATTENTION,
28455675,0870100,MT. STERLING POLICE DEPARTMENT,Accepted,MONTGOMERY,,,WINN,ST,,,,,,,,38.06328677,-83.94681955,0.121,7/31/2021,1604,2,2,0,0,CLEAR,DRY,FALSE,1 VEHICLE PARKED POSITION (NOT PARKING LOT/DRIVEWAY),BACKING,STRAIGHT & LEVEL,DAYLIGHT,,,44409.71128,FALSE,129,Accepted,5,5,O,,MISJUDGE CLEARANCE,
28458399,0870000,MONTGOMERY CTY SHERIFF DEPT,Accepted,MONTGOMERY,US0060,4400,OWINGSVILLE,RD,,,,,,,,38.11297774,-83.88936281,10.534,7/21/2021,752,1,1,0,1,CLEAR,DRY,FALSE,RAN OFF ROADWAY (1 VEHICLE WITH/EARTH EMBANKMENT/DITCH),SINGLE VEHICLE,STRAIGHT & LEVEL,DAYLIGHT,,,44410.4251,FALSE,226,Accepted,5,4,C,,OTHER,
28459388,0870100,MT. STERLING POLICE DEPARTMENT,Accepted,MONTGOMERY,US0460,,CAMARGO,RD,,,,,,,,38.04177335,-83.9343036,10.672,8/1/2021,1345,2,2,0,0,CLEAR,DRY,FALSE,1 VEHICLE ENTERING/LEAVING ENTRANCE,ANGLE,STRAIGHT & GRADE,DAYLIGHT,,,44410.64048,FALSE,149,Accepted,5,5,O,,,BRAKES DEFECTIVE
28467579,0870000,MONTGOMERY CTY SHERIFF DEPT,Accepted,MONTGOMERY,KY0713,,SPENCER,PIKE,,,OSBORNE,,,,,38.04687021,-83.90292557,8.708,8/1/2021,2044,1,1,0,1,CLEAR,DRY,FALSE,COLLISION WITH FIXED OBJECT IN INTERSECTION - FIRST EVENT COLLISION 09 - 32,SINGLE VEHICLE,STRAIGHT & LEVEL,DARK-HWY NOT LIGHTED,,,44412.5875,FALSE,249,Accepted,5,3,B,,OVERCORRECTING/OVERSTEERING,
28467580,0870000,MONTGOMERY CTY SHERIFF DEPT,Accepted,MONTGOMERY,KY0213,,BEDFORD,RD,,,,,,,,37.99695927,-83.83856659,6.973,8/1/2021,2201,2,2,0,3,CLEAR,DRY,FALSE,SIDESWIPE COLLISION - OPPOSITE DIRECTION,SIDESWIPE-OPPOSITE DIRECTION,STRAIGHT & LEVEL,DARK-HWY NOT LIGHTED,,,44412.58758,FALSE,249,Accepted,3,3,B,,INATTENTION,
28467583,0870000,MONTGOMERY CTY SHERIFF DEPT,Accepted,MONTGOMERY,KY0686,,INDIAN MOUND,DR,,,,,,,,38.04180476,-83.95042931,2.622,7/21/2021,1341,1,1,0,1,CLEAR,DRY,FALSE,COLLISION WITH FIXED OBJECT NON - INTERSECTION - FIRST EVENT COLLISION 09 - 32 EXCLUDING 16,SINGLE VEHICLE,CURVE & LEVEL,DAYLIGHT,,,44412.58776,FALSE,241,Accepted,4,4,C,,NOT UNDER PROPER CONTROL,
28473439,0870100,MT. STERLING POLICE DEPARTMENT,Accepted,MONTGOMERY,KY0686,,INDIAN MOUND,DR,,,PATSY,,,,,38.07092083,-83.95487932,0.467,8/5/2021,1027,2,2,0,0,CLEAR,DRY,FALSE,OTHER INTERSECTION COLLISIONS,REAR END,STRAIGHT & LEVEL,DAYLIGHT,,,44413.93449,FALSE,128,Accepted,5,5,O,,DISTRACTION,
28475825,0870000,MONTGOMERY CTY SHERIFF DEPT,Accepted,MONTGOMERY,,,CLARENCE,DR,,US0060,OWINGSVILLE,,,,,38.0925764,-83.89766546,,7/29/2021,1105,2,2,0,0,CLEAR,DRY,TRUE,OTHER INTERSECTION COLLISIONS,REAR END,STRAIGHT & LEVEL,DAYLIGHT,,,44414.49628,FALSE,228,Accepted,5,5,O,,INATTENTION,
28475922,0870000,MONTGOMERY CTY SHERIFF DEPT,Accepted,MONTGOMERY,KY0713,,GRASSY LICK,RD,,,,,,,,38.0801181,-84.0188001,1.801,8/4/2021,1804,1,1,0,0,RAINING,WET,FALSE,COLLISION WITH FIXED OBJECT NON - INTERSECTION - FIRST EVENT COLLISION 09 - 32 EXCLUDING 16,SINGLE VEHICLE,CURVE & GRADE,DAYLIGHT,,,44414.52666,FALSE,238,Accepted,5,5,O,,"NOT UNDER PROPER CONTROL, OVERCORRECTING/OVERSTEERING, TOO FAST FOR CONDITIONS",
28475927,0870000,MONTGOMERY CTY SHERIFF DEPT,Accepted,MONTGOMERY,US0460,,CAMARGO,RD,,,,,,,,37.99723374,-83.89454101,14.592,8/5/2021,1717,2,2,0,2,CLEAR,DRY,FALSE,HEAD-ON COLLISION,HEAD ON,STRAIGHT & LEVEL,DAYLIGHT,,,44414.52689,FALSE,238,Accepted,5,4,C,,"FAILED TO YIELD RIGHT OF WAY, INATTENTION",
28479095,0870100,MT. STERLING POLICE DEPARTMENT,Accepted,MONTGOMERY,KY0686,,INDIAN MOUND,DR,,,,,,,,38.06012998,-83.95568399,1.218,7/27/2021,1149,2,2,0,0,CLEAR,DRY,TRUE,1 VEHICLE PARKED POSITION (NOT PARKING LOT/DRIVEWAY),BACKING,,DAYLIGHT,,,44415.63321,FALSE,149,Accepted,5,5,O,,MISJUDGE CLEARANCE,
28487019,0870100,MT. STERLING POLICE DEPARTMENT,Accepted,MONTGOMERY,US0460,,APPERSON,HTS,,KY0011,LEVEE,,,,,38.05024606,-83.94148735,9.972,8/6/2021,1557,2,2,0,0,CLOUDY,DRY,FALSE,,ANGLE,STRAIGHT & LEVEL,DAYLIGHT,,,44417.86607,FALSE,121,Accepted,5,5,O,,INATTENTION,
28495023,0870100,MT. STERLING POLICE DEPARTMENT,Accepted,MONTGOMERY,US0460,,MAYSVILLE,ST,N,I 0064,I64 E EXIT110 ON RAMP FROM US460,,,,,38.07693441,-83.9491365,8.079,8/11/2021,1147,1,1,0,0,CLEAR,DRY,FALSE,NON-COLLISION OBJECT COLLISION,SINGLE VEHICLE,STRAIGHT & LEVEL,DAYLIGHT,,,44419.73734,FALSE,128,Accepted,5,5,O,OTHER,,
28498263,0870100,MT. STERLING POLICE DEPARTMENT,Accepted,MONTGOMERY,KY0011,,LEVEE,RD,,KY0686,INDIAN MOUND,,,,,38.04123213,-83.9477675,9.222,8/10/2021,1711,4,4,0,0,CLEAR,DRY,FALSE,OTHER INTERSECTION COLLISIONS,REAR END,STRAIGHT & LEVEL,DAYLIGHT,,,44420.54791,FALSE,154,Accepted,5,5,O,,INATTENTION,
28504134,0870100,MT. STERLING POLICE DEPARTMENT,Accepted,MONTGOMERY,KY0686,,INDIAN MOUND,DR,,,,,,,,38.07389512,-83.94873443,0.028,8/13/2021,746,2,2,0,0,CLEAR,DRY,FALSE,SIDESWIPE COLLISION - SAME DIRECTION,SIDESWIPE-SAME DIRECTION,STRAIGHT & LEVEL,DAYLIGHT,,,44421.84112,FALSE,139,Accepted,5,5,O,,INATTENTION,
28507350,0870100,MT. STERLING POLICE DEPARTMENT,Accepted,MONTGOMERY,US0460,,MAYSVILLE,ST,N,,,,,,,38.07435527,-83.9484148,8.262,8/11/2021,2039,2,2,0,0,CLEAR,DRY,FALSE,OTHER ROADWAY OR MID-BLOCK COLLISION,REAR END,STRAIGHT & LEVEL,DUSK,,,44422.95402,FALSE,144,Accepted,5,5,O,,INATTENTION,
28518753,0870100,MT. STERLING POLICE DEPARTMENT,Accepted,MONTGOMERY,,904,SHOEMOORE,DR,,,,,,,,38.073021,-83.9416263,0.041,8/15/2021,806,2,2,0,0,CLOUDY,DRY,FALSE,1 VEHICLE PARKED POSITION (NOT PARKING LOT/DRIVEWAY),HEAD ON,STRAIGHT & LEVEL,DAYLIGHT,,,44423.93078,FALSE,155,Accepted,5,5,O,,"DRUG INVOLVEMENT, EXCEEDED STATED SPEED LIMIT, MEDICATION",
28524843,0870000,MONTGOMERY CTY SHERIFF DEPT,Accepted,MONTGOMERY,KY0686,,INDIAN MOUND,DR,,,,,,,,38.05787421,-83.9561495,1.377,8/10/2021,1243,2,2,0,0,CLOUDY,DRY,FALSE,1 VEHICLE ENTERING/LEAVING ENTRANCE,ANGLE,STRAIGHT & LEVEL,DAYLIGHT,,,44424.63477,FALSE,226,Accepted,5,5,O,,FAILED TO YIELD RIGHT OF WAY,
28524844,0870000,MONTGOMERY CTY SHERIFF DEPT,Accepted,MONTGOMERY,US0460,8060,MAIN,ST,,,,,,,,37.97587979,-83.84877999,17.552,8/6/2021,1412,2,2,0,0,CLEAR,DRY,FALSE,REAR END IN TRAFFIC LANES BOTH VEHICLES MOVING,REAR END,STRAIGHT & LEVEL,DAYLIGHT,,,44424.63488,FALSE,226,Accepted,5,5,O,,FAILED TO YIELD RIGHT OF WAY,
28530577,0870100,MT. STERLING POLICE DEPARTMENT,Accepted,MONTGOMERY,US0460,,MAYSVILLE,ST,N,,,,,,,38.07628545,-83.94913454,8.127,8/16/2021,1356,2,2,0,0,RAINING,WET,FALSE,REAR END IN TRAFFIC LANES BOTH VEHICLES MOVING,REAR END,STRAIGHT & LEVEL,DAYLIGHT,,,44425.92352,FALSE,139,Accepted,5,5,O,SLIPPERY SURFACE,INATTENTION,BRAKES DEFECTIVE
28532506,0870000,MONTGOMERY CTY SHERIFF DEPT,Accepted,MONTGOMERY,US0060,,WINCHESTER,RD,,,PREWITT,,,,,38.04891047,-83.97795114,3.072,8/7/2021,2306,2,2,0,0,CLEAR,DRY,TRUE,OPPOSITE DIRECTION - BOTH VEHICLES GOING STRAIGHT AHEAD,SIDESWIPE-OPPOSITE DIRECTION,STRAIGHT & LEVEL,DARK-HWY NOT LIGHTED,,,44426.45101,FALSE,245,Accepted,5,5,O,,"ALCOHOL INVOLVEMENT, FAILED TO KEEP PROPER LANE",
28532507,0870000,MONTGOMERY CTY SHERIFF DEPT,Accepted,MONTGOMERY,KY0686,,INDIAN MOUND,DR,,,,,,,,38.05808841,-83.95611621,1.362,8/4/2021,1634,3,3,0,1,CLEAR,DRY,FALSE,1 VEHICLE ENTERING/LEAVING ENTRANCE,ANGLE,STRAIGHT & LEVEL,DAYLIGHT,,,44426.45127,FALSE,246,Accepted,5,3,B,,NOT UNDER PROPER CONTROL,BRAKES DEFECTIVE
28532514,0870000,MONTGOMERY CTY SHERIFF DEPT,Accepted,MONTGOMERY,KY0011,,LEVEE,RD,,,BRANHAM CEMETERY,,,,,37.93373892,-83.92171409,1.178,8/11/2021,1550,1,1,0,2,CLEAR,DRY,FALSE,COLLISION WITH FIXED OBJECT IN INTERSECTION - FIRST EVENT COLLISION 09 - 32,SINGLE VEHICLE,STRAIGHT & LEVEL,DAYLIGHT,,,44426.45171,FALSE,245,Accepted,2,2,A,,"ALCOHOL INVOLVEMENT, FAILED TO KEEP PROPER LANE, OVERCORRECTING/OVERSTEERING",
28532519,0870000,MONTGOMERY CTY SHERIFF DEPT,Accepted,MONTGOMERY,US0460,,MAIN,ST,,,,,,,,37.95646909,-83.79199613,20.992,8/6/2021,1424,1,1,0,0,CLEAR,DRY,FALSE,RAN OFF ROADWAY (1 VEHICLE WITH/EARTH EMBANKMENT/DITCH),SINGLE VEHICLE,CURVE & LEVEL,DAYLIGHT,,,44426.45206,FALSE,226,Accepted,5,5,O,,NOT UNDER PROPER CONTROL,
28532525,0870000,MONTGOMERY CTY SHERIFF DEPT,Accepted,MONTGOMERY,,2607,OLD OWINGSVILLE,RD,,,,,,,,38.07399447,-83.91127307,0.747,8/9/2021,758,1,1,0,0,CLEAR,DRY,FALSE,COLLISION WITH ANIMAL NON INTERSECTION,SINGLE VEHICLE,STRAIGHT & LEVEL,DAYLIGHT,,,44426.45308,FALSE,275,Accepted,5,5,O,ANIMALS ACTION,,
28532530,0870000,MONTGOMERY CTY SHERIFF DEPT,Accepted,MONTGOMERY,KY0686,,INDIAN MOUND,DR,,,,,,,,38.07345141,-83.9179394,6.222,8/5/2021,2104,2,2,0,0,CLEAR,DRY,FALSE,REAR END IN TRAFFIC LANES BOTH VEHICLES MOVING,REAR END,STRAIGHT & LEVEL,DARK-HWY NOT LIGHTED,,,44426.45343,FALSE,246,Accepted,5,5,O,,NOT UNDER PROPER CONTROL,
28532536,0870000,MONTGOMERY CTY SHERIFF DEPT,Accepted,MONTGOMERY,US0460,,CAMARGO,RD,,,,,,,,37.98896352,-83.87755083,15.708,8/9/2021,1304,1,1,0,0,CLEAR,DRY,FALSE,OCCUPANT FELL FROM MOVING VEHICLE,SINGLE VEHICLE,CURVE & LEVEL,DAYLIGHT,,,44426.45393,FALSE,275,Accepted,5,5,O,,,
28532537,0870000,MONTGOMERY CTY SHERIFF DEPT,Accepted,MONTGOMERY,US0460,,CAMARGO,RD,,,,,,,,38.03638273,-83.93188824,11.113,8/9/2021,1406,1,1,0,0,RAINING,WET,FALSE,OCCUPANT FELL FROM MOVING VEHICLE,SINGLE VEHICLE,STRAIGHT & LEVEL,DAYLIGHT,,,44426.45408,FALSE,275,Accepted,5,5,O,OTHER,,
28532538,0870000,MONTGOMERY CTY SHERIFF DEPT,Accepted,MONTGOMERY,US0460,2359,CAMARGO,RD,,,,,,,,38.01426978,-83.90930148,13.115,8/9/2021,1454,1,1,0,0,RAINING,WET,FALSE,COLLISION WITH FIXED OBJECT NON - INTERSECTION - FIRST EVENT COLLISION 09 - 32 EXCLUDING 16,SINGLE VEHICLE,STRAIGHT & GRADE,DAYLIGHT,,,44426.45417,FALSE,275,Accepted,5,5,O,,NOT UNDER PROPER CONTROL,OTHER
28532719,0870000,MONTGOMERY CTY SHERIFF DEPT,Accepted,MONTGOMERY,KY0011,9211,LEVEE,RD,,,,,,,,37.93390578,-83.92194877,1.127,8/17/2021,1840,2,2,0,0,CLEAR,DRY,FALSE,1 VEHICLE ENTERING/LEAVING ENTRANCE,ANGLE,STRAIGHT & LEVEL,DAYLIGHT,,,44426.48932,FALSE,249,Accepted,5,5,O,,"FAILED TO YIELD RIGHT OF WAY, INATTENTION, NOT UNDER PROPER CONTROL",BRAKES DEFECTIVE
28536920,0870000,MONTGOMERY CTY SHERIFF DEPT,Accepted,MONTGOMERY,US0460,,MAIN,ST,,,,,,,,37.95214052,-83.78161619,21.638,8/17/2021,511,1,1,0,0,CLOUDY,DRY,FALSE,COLLISION WITH ANIMAL NON INTERSECTION,SINGLE VEHICLE,STRAIGHT & LEVEL,DARK-HWY NOT LIGHTED,,,44427.49231,FALSE,231,Accepted,5,5,O,ANIMALS ACTION,,
28536923,0870000,MONTGOMERY CTY SHERIFF DEPT,Accepted,MONTGOMERY,US0060,3060,OWINGSVILLE,RD,,,,,,,,38.0847957,-83.90025541,8.391,8/18/2021,651,2,2,0,0,CLEAR,DRY,FALSE,OTHER ROADWAY OR MID-BLOCK COLLISION,REAR END,STRAIGHT & LEVEL,DAWN,,,44427.4925,FALSE,231,Accepted,5,5,O,,INATTENTION,
28546296,0870000,MONTGOMERY CTY SHERIFF DEPT,Accepted,MONTGOMERY,KY0713,3197,SPENCER,PIKE,,,,,,,,38.04276463,-83.89579037,9.245,8/7/2021,850,1,1,0,0,CLOUDY,DRY,FALSE,COLLISION WITH FIXED OBJECT NON - INTERSECTION - FIRST EVENT COLLISION 09 - 32 EXCLUDING 16,SINGLE VEHICLE,CURVE & LEVEL,DAYLIGHT,,,44430.12693,FALSE,232,Accepted,5,5,O,ANIMALS ACTION,OVERCORRECTING/OVERSTEERING,
28548851,0870100,MT. STERLING POLICE DEPARTMENT,Accepted,MONTGOMERY,KY0686,,INDIAN MOUND,DR,,,PATSY,,,,,38.07095242,-83.9548705,0.463,8/22/2021,1323,3,3,0,0,CLEAR,DRY,FALSE,ANGLE COLLISION - OTHER,ANGLE,STRAIGHT & LEVEL,DAYLIGHT,,,44431.02486,FALSE,128,Accepted,5,5,O,,FAILED TO YIELD RIGHT OF WAY,
28550407,0870200,MONTGOMERY CO SCHOOL DIST PD,Accepted,MONTGOMERY,KY0011,,LEVEE,RD,,,WOODFORD,,,,,38.04662741,-83.94395339,9.68,8/19/2021,800,2,2,0,0,CLEAR,DRY,FALSE,ANGLE COLLISION - ONE VEHICLE TURNING LEFT,ANGLE,STRAIGHT & LEVEL,DAYLIGHT,,,44431.41068,FALSE,700,Accepted,5,5,O,,MISJUDGE CLEARANCE,
28551948,0870000,MONTGOMERY CTY SHERIFF DEPT,Accepted,MONTGOMERY,,,OLD OWINGSVILLE,RD,,,,,,,,38.07870056,-83.90490679,0.264,8/20/2021,1402,2,2,0,0,CLEAR,DRY,FALSE,REAR END IN TRAFFIC LANES BOTH VEHICLES MOVING,REAR END,STRAIGHT & LEVEL,DAYLIGHT,,,44431.64524,FALSE,226,Accepted,5,5,O,,FAILED TO YIELD RIGHT OF WAY,
28551950,0870000,MONTGOMERY CTY SHERIFF DEPT,Accepted,MONTGOMERY,,,ASHGROVE,DR,,,,,,,,38.04493263,-83.95202449,0.247,8/21/2021,1229,1,1,0,0,CLEAR,DRY,FALSE,COLLISION WITH FIXED OBJECT NON - INTERSECTION - FIRST EVENT COLLISION 09 - 32 EXCLUDING 16,SINGLE VEHICLE,STRAIGHT & LEVEL,DAYLIGHT,,,44431.64531,FALSE,226,Accepted,5,5,O,,NOT UNDER PROPER CONTROL,
28551955,0870000,MONTGOMERY CTY SHERIFF DEPT,Accepted,MONTGOMERY,KY1331,,HOWARDS MILL,RD,,,,,,,,38.06349646,-83.82983252,4.483,8/21/2021,2156,1,1,0,2,CLEAR,DRY,FALSE,OTHER ROADWAY OR MID-BLOCK COLLISION,SINGLE VEHICLE,CURVE & LEVEL,DARK-HWY NOT LIGHTED,,,44431.64556,FALSE,249,Accepted,4,3,B,,"DISTRACTION, INATTENTION, OVERCORRECTING/OVERSTEERING",
28559424,0870200,MONTGOMERY CO SCHOOL DIST PD,Accepted,MONTGOMERY,,,MCNABB MIDDLE SCHOOL,DR,,,,,,,,38.04149344,-83.93935466,0.154,8/20/2021,1540,2,2,0,0,CLEAR,DRY,FALSE,SIDESWIPE COLLISION - SAME DIRECTION,SIDESWIPE-SAME DIRECTION,CURVE & LEVEL,DAYLIGHT,,,44433.36836,FALSE,730,Accepted,5,5,O,,MISJUDGE CLEARANCE,
28559861,0870000,MONTGOMERY CTY SHERIFF DEPT,Accepted,MONTGOMERY,US0460,3307,CAMARGO,RD,,,,,,,,38.00059787,-83.8986237,14.255,8/23/2021,2101,1,1,0,1,CLEAR,DRY,FALSE,COLLISION WITH FIXED OBJECT NON - INTERSECTION - FIRST EVENT COLLISION 09 - 32 EXCLUDING 16,SINGLE VEHICLE,STRAIGHT & GRADE,DARK-HWY NOT LIGHTED,,,44433.43867,FALSE,245,Accepted,5,4,C,,FAILED TO KEEP PROPER LANE,STEERING FAILURE
28561495,0870100,MT. STERLING POLICE DEPARTMENT,Accepted,MONTGOMERY,KY0686,499,INDIAN MOUND,DR,,,COMMONWEALTH ,,,,,38.06748383,-83.955459,,8/24/2021,1354,2,2,0,0,CLEAR,DRY,FALSE,OTHER INTERSECTION COLLISIONS,REAR END,STRAIGHT & LEVEL,DAYLIGHT,,,44433.74287,FALSE,153,Accepted,5,5,O,,"DISTRACTION, INATTENTION",
28564701,0870000,MONTGOMERY CTY SHERIFF DEPT,Accepted,MONTGOMERY,KY1050,,KY1050,,,,,,,,,37.96136348,-83.82929362,6.604,8/25/2021,1136,1,1,0,0,CLEAR,DRY,FALSE,RAN OFF ROADWAY (1 VEHICLE WITH/EARTH EMBANKMENT/DITCH),SINGLE VEHICLE,STRAIGHT & LEVEL,DAYLIGHT,,,44434.52435,FALSE,228,Accepted,5,5,O,,,STEERING FAILURE
28564707,0870000,MONTGOMERY CTY SHERIFF DEPT,Accepted,MONTGOMERY,KY0011,,LEVEE,RD,,,,,,,,37.98184923,-83.94064587,4.924,8/20/2021,2230,2,2,0,0,CLEAR,DRY,TRUE,SIDESWIPE COLLISION - OPPOSITE DIRECTION,SIDESWIPE-OPPOSITE DIRECTION,STRAIGHT & LEVEL,DARK-HWY NOT LIGHTED,,,44434.52453,FALSE,238,Accepted,5,5,O,,"DRUG INVOLVEMENT, NOT UNDER PROPER CONTROL",
28564709,0870000,MONTGOMERY CTY SHERIFF DEPT,Accepted,MONTGOMERY,US0060,,OWINGSVILLE,RD,,,,,,,,38.11709216,-83.88581067,10.882,8/25/2021,1657,1,1,0,0,CLOUDY,WET,FALSE,RAN OFF ROADWAY (1 VEHICLE WITH/EARTH EMBANKMENT/DITCH),SINGLE VEHICLE,CURVE & GRADE,DAYLIGHT,,,44434.52464,FALSE,238,Accepted,5,5,O,SLIPPERY SURFACE,"OVERCORRECTING/OVERSTEERING, TOO FAST FOR CONDITIONS",
28564711,0870000,MONTGOMERY CTY SHERIFF DEPT,Accepted,MONTGOMERY,US0460,,MAIN,ST,,KY0213,KY213,,,,,37.97637895,-83.85099167,17.436,8/25/2021,1513,2,2,0,1,CLOUDY,DRY,FALSE,ANGLE COLLISION - OTHER,ANGLE,STRAIGHT & LEVEL,DAYLIGHT,,,44434.52473,FALSE,228,Accepted,2,2,A,,FAILED TO YIELD RIGHT OF WAY,
28566690,0870100,MT. STERLING POLICE DEPARTMENT,Accepted,MONTGOMERY,,,HIGH,ST,E,,,,,,,38.05755129,-83.94245391,0.001,8/8/2021,1641,2,2,0,0,CLEAR,DRY,FALSE,1 VEHICLE ENTERING/LEAVING ENTRANCE,ANGLE,STRAIGHT & LEVEL,DAYLIGHT,,,44434.94396,FALSE,156,Accepted,5,5,O,,"DISREGARD TRAFFIC CONTROL, DRUG INVOLVEMENT, NOT UNDER PROPER CONTROL",
28569567,0870000,MONTGOMERY CTY SHERIFF DEPT,Accepted,MONTGOMERY,,4013,OLD OWINGSVILLE,RD,,,,,,,,38.08173474,-83.90181413,0.004,8/26/2021,220,1,1,0,0,CLEAR,DRY,FALSE,COLLISION WITH FIXED OBJECT NON - INTERSECTION - FIRST EVENT COLLISION 09 - 32 EXCLUDING 16,SINGLE VEHICLE,CURVE & LEVEL,DARK-HWY LIGHTED/ON,,,44435.66009,FALSE,248,Accepted,5,5,O,,NOT UNDER PROPER CONTROL,
28569603,0870000,MONTGOMERY CTY SHERIFF DEPT,Accepted,MONTGOMERY,,,TAPP,LN,,,,,,,,38.03373901,-83.79933712,0.526,8/20/2021,803,2,2,0,2,FOG,DRY,FALSE,HEAD-ON COLLISION,HEAD ON,STRAIGHT & GRADE,DAYLIGHT,,,44435.66593,FALSE,275,Accepted,5,3,B,"VIEW OBSTRUCTED, LIMITED DUE TO WEATHER CONDITIONS","NOT UNDER PROPER CONTROL, TOO FAST FOR CONDITIONS",
28570526,0870100,MT. STERLING POLICE DEPARTMENT,Accepted,MONTGOMERY,KY0686,,INDIAN MOUND,DR,,,,,,,,38.05398937,-83.95648315,1.645,8/27/2021,1151,2,2,0,0,CLEAR,DRY,FALSE,OTHER ROADWAY OR MID-BLOCK COLLISION,REAR END,STRAIGHT & LEVEL,DAYLIGHT,,,44435.88244,FALSE,128,Accepted,5,5,O,,DISTRACTION,
28572336,0870100,MT. STERLING POLICE DEPARTMENT,Accepted,MONTGOMERY,KY0686,,INDIAN MOUND,DR,,KY0011,LEVEE,,,,,38.04126394,-83.94749373,2.77,8/27/2021,1535,2,2,0,0,CLEAR,DRY,FALSE,OTHER INTERSECTION COLLISIONS,REAR END,STRAIGHT & LEVEL,DAYLIGHT,,,44436.63104,FALSE,154,Accepted,5,5,O,,INATTENTION,
28575699,0870100,MT. STERLING POLICE DEPARTMENT,Accepted,MONTGOMERY,US0460,,MAYSVILLE,ST,N,,,,,,,38.06270595,-83.9442946,9.106,8/24/2021,1300,2,2,0,0,CLEAR,DRY,FALSE,REAR END IN TRAFFIC LANES BOTH VEHICLES MOVING,REAR END,STRAIGHT & LEVEL,DAYLIGHT,,,44437.88286,FALSE,139,Accepted,5,5,O,,INATTENTION,
28575700,0870100,MT. STERLING POLICE DEPARTMENT,Accepted,MONTGOMERY,,810,INDIAN MOUND,DR,,,MAPLETON ELEMENTARY SCHOOL,,,,,38.06189568,-83.9555491,,8/29/2021,1738,2,2,0,0,CLEAR,DRY,FALSE,OPPOSING LEFT TURN,OPPOSING LEFT TURN,STRAIGHT & LEVEL,DAYLIGHT,,,44437.88291,FALSE,153,Accepted,5,5,O,,"FAILED TO YIELD RIGHT OF WAY, INATTENTION",
28578161,0870000,MONTGOMERY CTY SHERIFF DEPT,Accepted,MONTGOMERY,KY0213,,KY213,,,,,,,,,37.92935748,-83.86474094,1.844,8/13/2021,1030,1,1,0,2,CLEAR,DRY,FALSE,OTHER COLLISIONS ON SHOULDER,SINGLE VEHICLE,STRAIGHT & GRADE,DAYLIGHT,,,44438.46283,FALSE,241,Accepted,4,4,C,,NOT UNDER PROPER CONTROL,
28578162,0870000,MONTGOMERY CTY SHERIFF DEPT,Accepted,MONTGOMERY,US0060,,WINCHESTER,RD,,,,,,,,38.04608876,-83.98773549,2.475,8/27/2021,725,1,1,0,0,CLEAR,DRY,FALSE,RAN OFF ROADWAY (1 VEHICLE WITH/EARTH EMBANKMENT/DITCH),SINGLE VEHICLE,CURVE & GRADE,DAYLIGHT,,,44438.46295,FALSE,226,Accepted,5,5,O,,NOT UNDER PROPER CONTROL,
28580242,0870100,MT. STERLING POLICE DEPARTMENT,Accepted,MONTGOMERY,,116,MADISON,SPGS,,,DARLEY,,,,,38.04992883,-83.95385346,0.103,8/29/2021,1757,2,2,0,0,CLEAR,DRY,FALSE,,BACKING,STRAIGHT & LEVEL,DAYLIGHT,,,44438.84956,FALSE,121,Accepted,5,5,O,IMPROPERLY PARKED VEHICLE(S),INATTENTION,
28588994,0870100,MT. STERLING POLICE DEPARTMENT,Accepted,MONTGOMERY,,,MT STERLING,PLZ,,,,,,,,38.07353173,-83.95117596,0.227,8/31/2021,1735,2,2,0,0,RAINING,WET,FALSE,REAR END IN TRAFFIC LANES BOTH VEHICLES MOVING,REAR END,STRAIGHT & LEVEL,DAYLIGHT,,,44440.94419,FALSE,156,Accepted,5,5,O,SLIPPERY SURFACE,INATTENTION,
28600514,0870100,MT. STERLING POLICE DEPARTMENT,Accepted,MONTGOMERY,US0060,,MAIN,ST,W,KY0686,INDIAN MOUND,,,,,38.05385256,-83.95620776,4.326,9/3/2021,1530,2,2,0,0,CLEAR,DRY,FALSE,OTHER INTERSECTION COLLISIONS,REAR END,STRAIGHT & LEVEL,DAYLIGHT,,,44444.12706,FALSE,152,Accepted,5,5,O,,MISJUDGE CLEARANCE,