IncidentID,AgencyORI,AgencyName,IncidentStatusDesc,County,RdwyNumber,Street,RoadwayName,StreetSfx,StreetDir,IntersectionRdwy,IntersectionRdwyName,BetweenStRdwy1,BetweenStRdwyName1,BetweenStRdwy2,BetweenStRdwyName2,Latitude,Longitude,Milepoint,CollisionDate,CollisionTime,UnitsInvolved,MotorVehiclesInvolved,NumberKilled,NumberInjured,Weather,RdwyConditionCode,HitandRun,DirAnalysisCode,MannerofCollision,RdwyCharacter,LightCondition,RampFromRdwyId,RampToRdwyId,AcceptedDate,IsSecondaryCollision,OwnerBadge,IncidentStatus,InjurySeverityCde,KABCO Code,KABCO,Environmental_Factors,Human_Factors,Vehicular_Factors
28600515,0870100,MT. STERLING POLICE DEPARTMENT,Accepted,MONTGOMERY,,,CLEAR WATER,WAY,,,,,,,,38.04969856,-83.95209093,0.026,9/3/2021,1552,2,2,0,0,CLEAR,DRY,TRUE,1 VEHICLE PARKED POSITION (NOT PARKING LOT/DRIVEWAY),ANGLE,STRAIGHT & LEVEL,DAYLIGHT,,,44444.12725,FALSE,152,Accepted,5,5,O,,,
28603187,0870000,MONTGOMERY CTY SHERIFF DEPT,Accepted,MONTGOMERY,,7225,CAMARGO LEVEE,RD,,,,,,,,37.96030109,-83.89062293,2.137,8/25/2021,1740,2,1,0,0,CLEAR,DRY,FALSE,OTHER ROADWAY OR MID-BLOCK COLLISION,REAR END,CURVE & LEVEL,DAYLIGHT,,,44445.12684,FALSE,232,Accepted,5,5,O,,OTHER,
28604110,0870000,MONTGOMERY CTY SHERIFF DEPT,Accepted,MONTGOMERY,KY0713,,SPENCER,PIKE,,,,,,,,38.02649694,-83.79564554,15.428,8/25/2021,1448,1,1,0,1,CLEAR,DRY,FALSE,RAN OFF ROADWAY (1 VEHICLE WITH/EARTH EMBANKMENT/DITCH),SINGLE VEHICLE,CURVE & LEVEL,DAYLIGHT,,,44445.46378,FALSE,226,Accepted,5,4,C,,"ALCOHOL INVOLVEMENT, NOT UNDER PROPER CONTROL",
28604111,0870000,MONTGOMERY CTY SHERIFF DEPT,Accepted,MONTGOMERY,US0460,,MAIN,ST,,KY0213,KY213,,,,,37.97636795,-83.8510155,17.437,8/30/2021,1457,2,2,0,0,RAINING,WET,FALSE,ANGLE COLLISION - OTHER,ANGLE,STRAIGHT & LEVEL,DAYLIGHT,,,44445.46385,FALSE,241,Accepted,5,5,O,,INATTENTION,
28604112,0870000,MONTGOMERY CTY SHERIFF DEPT,Accepted,MONTGOMERY,KY0011,,LEVEE,RD,,,,,,,,37.94747337,-83.93260923,2.326,9/4/2021,1335,1,1,0,0,CLEAR,DRY,FALSE,COLLISION WITH FIXED OBJECT NON - INTERSECTION - FIRST EVENT COLLISION 09 - 32 EXCLUDING 16,SINGLE VEHICLE,STRAIGHT & LEVEL,DAYLIGHT,,,44445.46389,FALSE,241,Accepted,5,5,O,,NOT UNDER PROPER CONTROL,
28604113,0870000,MONTGOMERY CTY SHERIFF DEPT,Accepted,MONTGOMERY,US0460,,CAMARGO,RD,,,,,,,,37.9952095,-83.89071948,14.855,9/2/2021,1117,2,2,0,0,CLEAR,DRY,FALSE,1 VEHICLE ENTERING/LEAVING ENTRANCE,ANGLE,STRAIGHT & LEVEL,DAYLIGHT,,,44445.46395,FALSE,228,Accepted,5,5,O,,FAILED TO YIELD RIGHT OF WAY,
28604114,0870000,MONTGOMERY CTY SHERIFF DEPT,Accepted,MONTGOMERY,KY0646,,WILLOUGHBY TOWN,RD,,,,,,,,37.94438899,-83.87679176,0.723,9/2/2021,1357,1,1,0,1,CLEAR,DRY,FALSE,RAN OFF ROADWAY (1 VEHICLE WITH/EARTH EMBANKMENT/DITCH),SINGLE VEHICLE,CURVE & GRADE,DAYLIGHT,,,44445.46402,FALSE,228,Accepted,5,3,B,,"DISTRACTION, INATTENTION",
28604115,0870000,MONTGOMERY CTY SHERIFF DEPT,Accepted,MONTGOMERY,US0060,,OWINGSVILLE,RD,,,,,,,,38.11926705,-83.88482495,11.039,8/31/2021,1106,1,1,0,0,RAINING,WET,FALSE,COLLISION WITH FIXED OBJECT NON - INTERSECTION - FIRST EVENT COLLISION 09 - 32 EXCLUDING 16,SINGLE VEHICLE,CURVE & HILLCREST,DAYLIGHT,,,44445.46407,FALSE,275,Accepted,5,5,O,SLIPPERY SURFACE,"INATTENTION, NOT UNDER PROPER CONTROL, TOO FAST FOR CONDITIONS",
28604119,0870000,MONTGOMERY CTY SHERIFF DEPT,Accepted,MONTGOMERY,US0460,9960,MAIN,ST,,,,,,,,37.96535668,-83.81665309,19.429,9/5/2021,318,1,1,0,0,CLOUDY,DRY,FALSE,COLLISION WITH FIXED OBJECT NON - INTERSECTION - FIRST EVENT COLLISION 09 - 32 EXCLUDING 16,SINGLE VEHICLE,STRAIGHT & GRADE,DARK-HWY NOT LIGHTED,,,44445.46428,FALSE,234,Accepted,5,5,O,,CELL PHONE,
28604121,0870000,MONTGOMERY CTY SHERIFF DEPT,Accepted,MONTGOMERY,,,CAMARGO LEVEE,RD,,,,,,,,37.99016404,-83.88329395,0.28,9/5/2021,1301,2,2,0,0,CLOUDY,WET,FALSE,SIDESWIPE COLLISION - OPPOSITE DIRECTION,SIDESWIPE-OPPOSITE DIRECTION,STRAIGHT & LEVEL,DAYLIGHT,,,44445.46437,FALSE,228,Accepted,5,5,O,SLIPPERY SURFACE,,
28605804,0870100,MT. STERLING POLICE DEPARTMENT,Accepted,MONTGOMERY,KY0713,,HIGH,ST,W,,,,,,,38.0575195,-83.95194817,6.02,9/5/2021,1710,2,2,0,0,CLEAR,DRY,FALSE,VEHICLE BACKING NON INTERSECTION,BACKING,STRAIGHT & LEVEL,DAYLIGHT,,,44445.92038,FALSE,152,Accepted,5,5,O,,MISJUDGE CLEARANCE,
28605806,0870100,MT. STERLING POLICE DEPARTMENT,Accepted,MONTGOMERY,,,COMMONWEALTH,DR,,KY0686,INDIAN MOUND,,,,,38.06732814,-83.95543096,0.001,9/6/2021,1146,2,2,0,0,CLEAR,DRY,FALSE,SIDESWIPE-SAME DIRECTION,SIDESWIPE-SAME DIRECTION,STRAIGHT & LEVEL,DAYLIGHT,,,44445.92046,FALSE,128,Accepted,5,5,O,,INATTENTION,
28608439,0870000,MONTGOMERY CTY SHERIFF DEPT,Accepted,MONTGOMERY,,,ASHGROVE,DR,,,,,,,,38.04470618,-83.95133608,0.288,9/5/2021,1706,2,2,0,0,CLEAR,DRY,FALSE,SIDESWIPE COLLISION - SAME DIRECTION,SIDESWIPE-SAME DIRECTION,STRAIGHT & LEVEL,DAYLIGHT,,,44446.4414,FALSE,249,Accepted,5,5,O,,INATTENTION,
28608441,0870000,MONTGOMERY CTY SHERIFF DEPT,Accepted,MONTGOMERY,KY0646,,NEST EGG,RD,,KY0011,LEVEE,,,,,37.96862601,-83.93785516,4.625,9/3/2021,714,2,2,0,1,FOG,DRY,FALSE,HEAD-ON COLLISION,HEAD ON,STRAIGHT & LEVEL,DAYLIGHT,,,44446.44151,FALSE,231,Accepted,5,3,B,,"INATTENTION, TURNING IMPROPERLY",
28640450,0870000,MONTGOMERY CTY SHERIFF DEPT,Accepted,MONTGOMERY,KY1050,255,KY1050,,,,,,,,,37.96576212,-83.82853951,6.887,9/1/2021,247,1,1,0,1,RAINING,WET,FALSE,COLLISION WITH FIXED OBJECT NON - INTERSECTION - FIRST EVENT COLLISION 09 - 32 EXCLUDING 16,SINGLE VEHICLE,STRAIGHT & LEVEL,DARK-HWY NOT LIGHTED,,,44448.62419,FALSE,248,Accepted,5,4,C,SLIPPERY SURFACE,NOT UNDER PROPER CONTROL,
28640512,0870000,MONTGOMERY CTY SHERIFF DEPT,Accepted,MONTGOMERY,KY0686,,INDIAN MOUND,DR,,,,,,,,38.04259294,-83.9518501,2.53,9/8/2021,2300,1,1,0,0,CLEAR,DRY,TRUE,COLLISION WITH PEDESTRIAN NON - INTERSECTION,SINGLE VEHICLE,STRAIGHT & LEVEL,DARK-HWY NOT LIGHTED,,,44448.63372,FALSE,231,Accepted,,,,,"FAILED TO KEEP PROPER LANE, INATTENTION, NOT UNDER PROPER CONTROL",
28653102,0870000,MONTGOMERY CTY SHERIFF DEPT,Accepted,MONTGOMERY,KY0646,,NEST EGG,RD,,,,,,,,37.96250021,-83.95905751,6.03,9/8/2021,1319,1,1,0,0,RAINING,WET,FALSE,RAN OFF ROADWAY (1 VEHICLE WITH/EARTH EMBANKMENT/DITCH),SINGLE VEHICLE,CURVE & GRADE,DAYLIGHT,,,44452.42194,FALSE,226,Accepted,5,5,O,SLIPPERY SURFACE,NOT UNDER PROPER CONTROL,
28653111,0870000,MONTGOMERY CTY SHERIFF DEPT,Accepted,MONTGOMERY,KY0686,,INDIAN MOUND,DR,,,,,,,,38.05527314,-83.95635322,1.556,9/3/2021,1653,2,2,0,1,CLEAR,DRY,FALSE,1 VEHICLE ENTERING/LEAVING ENTRANCE,ANGLE,STRAIGHT & LEVEL,DAYLIGHT,,,44452.42291,FALSE,245,Accepted,5,4,C,,FAILED TO YIELD RIGHT OF WAY,
28653125,0870000,MONTGOMERY CTY SHERIFF DEPT,Accepted,MONTGOMERY,US0460,,MAIN,ST,,,REPRESENTATIVE,,,,,37.97431266,-83.84440072,17.795,9/6/2021,1028,2,2,0,0,CLEAR,DRY,FALSE,ANGLE COLLISION - ONE VEHICLE TURNING RIGHT,ANGLE,STRAIGHT & LEVEL,DAYLIGHT,,,44452.42398,FALSE,275,Accepted,5,5,O,,"INATTENTION, NOT UNDER PROPER CONTROL, TURNING IMPROPERLY",
28668765,0870100,MT. STERLING POLICE DEPARTMENT,Accepted,MONTGOMERY,,,MT STERLING,PLZ,,US0460,MAYSVILLE,,,,,38.07262297,-83.94782951,0.004,9/13/2021,1741,2,2,0,0,CLEAR,DRY,FALSE,REAR END - ONE VEHICLE TURNING RIGHT,REAR END,STRAIGHT & LEVEL,DAYLIGHT,,,44456.05346,FALSE,152,Accepted,5,5,O,,MISJUDGE CLEARANCE,
28672034,0870100,MT. STERLING POLICE DEPARTMENT,Accepted,MONTGOMERY,KY0686,,INDIAN MOUND,DR,,,VANCE,,,,,38.07344928,-83.95199946,0.218,9/16/2021,2206,1,1,0,0,CLEAR,DRY,FALSE,,SINGLE VEHICLE,STRAIGHT & LEVEL,DARK-HWY LIGHTED/ON,,,44456.91522,FALSE,121,Accepted,5,5,O,,ALCOHOL INVOLVEMENT,
28672035,0870100,MT. STERLING POLICE DEPARTMENT,Accepted,MONTGOMERY,KY0686,,INDIAN MOUND,DR,,US0460,CAMARGO,,,,,38.04195546,-83.93432881,3.495,9/16/2021,2023,2,2,0,2,CLEAR,DRY,FALSE,OPPOSING LEFT TURN,OPPOSING LEFT TURN,STRAIGHT & LEVEL,DARK-HWY LIGHTED/ON,,,44456.91528,FALSE,145,Accepted,5,3,B,,DISTRACTION,
28674517,0870100,MT. STERLING POLICE DEPARTMENT,Accepted,MONTGOMERY,US0460,,MAYSVILLE,ST,N,,,,,,,38.06289789,-83.9443688,9.092,9/17/2021,1350,2,2,0,0,CLEAR,DRY,FALSE,REAR END IN TRAFFIC LANES BOTH VEHICLES MOVING,REAR END,STRAIGHT & LEVEL,DAYLIGHT,,,44457.8836,FALSE,156,Accepted,5,5,O,,INATTENTION,BRAKES DEFECTIVE
28681303,0870000,MONTGOMERY CTY SHERIFF DEPT,Accepted,MONTGOMERY,KY0686,,INDIAN MOUND,DR,,KY0011,LEVEE,,,,,38.04122616,-83.94781314,2.752,9/14/2021,1151,2,2,0,0,CLEAR,DRY,FALSE,OTHER INTERSECTION COLLISIONS,REAR END,STRAIGHT & LEVEL,DAYLIGHT,,,44459.67591,FALSE,228,Accepted,5,5,O,,,
28681306,0870000,MONTGOMERY CTY SHERIFF DEPT,Accepted,MONTGOMERY,KY0213,,KY213,,,,,,,,,37.94706035,-83.86380112,3.12,9/14/2021,1530,1,1,0,3,CLEAR,DRY,FALSE,COLLISION WITH FIXED OBJECT NON - INTERSECTION - FIRST EVENT COLLISION 09 - 32 EXCLUDING 16,SINGLE VEHICLE,STRAIGHT & LEVEL,DAYLIGHT,,,44459.67607,FALSE,228,Accepted,5,3,B,,NOT UNDER PROPER CONTROL,
28681307,0870000,MONTGOMERY CTY SHERIFF DEPT,Accepted,MONTGOMERY,,,ARLINGTON,AVE,,,,,,,,38.07686769,-83.90298392,0.162,9/15/2021,1030,1,1,0,0,RAINING,WET,FALSE,COLLISION WITH FIXED OBJECT NON - INTERSECTION - FIRST EVENT COLLISION 09 - 32 EXCLUDING 16,SINGLE VEHICLE,STRAIGHT & GRADE,DAYLIGHT,,,44459.67617,FALSE,228,Accepted,5,5,O,ANIMALS ACTION,,TIRES
28681308,0870000,MONTGOMERY CTY SHERIFF DEPT,Accepted,MONTGOMERY,KY3363,,SAWMILL,RD,,KY0646,CREAM ALLEY,,,,,37.95650542,-83.89758619,2.517,9/8/2021,557,2,2,0,0,CLEAR,DRY,FALSE,ANGLE COLLISION - OTHER,ANGLE,STRAIGHT & LEVEL,DARK-HWY LIGHTED/OFF,,,44459.67627,FALSE,248,Accepted,5,5,O,,"DISREGARD TRAFFIC CONTROL, INATTENTION, NOT UNDER PROPER CONTROL",
28681309,0870000,MONTGOMERY CTY SHERIFF DEPT,Accepted,MONTGOMERY,,3029,OLD OWINGSVILLE,RD,,,,,,,,38.07850006,-83.9051427,0.283,9/9/2021,2353,1,1,0,0,CLEAR,DRY,FALSE,COLLISION WITH FIXED OBJECT NON - INTERSECTION - FIRST EVENT COLLISION 09 - 32 EXCLUDING 16,SINGLE VEHICLE,STRAIGHT & LEVEL,DARK-HWY LIGHTED/ON,,,44459.67634,FALSE,248,Accepted,5,5,O,,"NOT UNDER PROPER CONTROL, TOO FAST FOR CONDITIONS",
28681310,0870000,MONTGOMERY CTY SHERIFF DEPT,Accepted,MONTGOMERY,,,PREWITT GRASSY LICK,RD,,,,,,,,38.05958079,-84.02091065,1.81,9/10/2021,737,1,1,0,0,CLEAR,DRY,FALSE,COLLISION WITH ANIMAL NON INTERSECTION,SINGLE VEHICLE,STRAIGHT & LEVEL,DAYLIGHT,,,44459.67643,FALSE,248,Accepted,5,5,O,ANIMALS ACTION,,
28681311,0870000,MONTGOMERY CTY SHERIFF DEPT,Accepted,MONTGOMERY,KY0686,,INDIAN MOUND,DR,,,,,,,,38.07319842,-83.9177586,6.208,9/15/2021,729,3,3,0,1,RAINING,WET,FALSE,REAR END IN TRAFFIC LANES BOTH VEHICLES MOVING,REAR END,STRAIGHT & GRADE,DAYLIGHT,,,44459.67649,FALSE,248,Accepted,5,4,C,SLIPPERY SURFACE,DISTRACTION,
28681315,0870000,MONTGOMERY CTY SHERIFF DEPT,Accepted,MONTGOMERY,US0060,,OWINGSVILLE,RD,,,,,,,,38.08586228,-83.89979073,8.469,9/10/2021,1620,2,2,0,0,CLEAR,DRY,FALSE,SIDESWIPE COLLISION - OPPOSITE DIRECTION,SIDESWIPE-OPPOSITE DIRECTION,STRAIGHT & LEVEL,DAYLIGHT,,,44459.67684,FALSE,249,Accepted,5,5,O,,MISJUDGE CLEARANCE,
28681317,0870000,MONTGOMERY CTY SHERIFF DEPT,Accepted,MONTGOMERY,US0060,4400,OWINGSVILLE,RD,,,,,,,,38.11355714,-83.88876494,10.585,9/17/2021,2008,1,1,0,0,CLEAR,DRY,FALSE,RAN OFF ROADWAY (1 VEHICLE WITH/EARTH EMBANKMENT/DITCH),SINGLE VEHICLE,STRAIGHT & LEVEL,DARK (UNKNOWN ROADWAY LIGHTING),,,44459.677,FALSE,249,Accepted,5,5,O,,"IMPROPER BACKING, INATTENTION, MISJUDGE CLEARANCE",
28681318,0870000,MONTGOMERY CTY SHERIFF DEPT,Accepted,MONTGOMERY,US0460,,MAIN,ST,,,,,,,,37.9746667,-83.84554228,17.733,9/17/2021,2044,2,2,0,1,CLEAR,DRY,FALSE,1 VEHICLE ENTERING/LEAVING ENTRANCE,ANGLE,STRAIGHT & LEVEL,DUSK,,,44459.6771,FALSE,245,Accepted,3,3,B,,FAILED TO YIELD RIGHT OF WAY,
28681319,0870000,MONTGOMERY CTY SHERIFF DEPT,Accepted,MONTGOMERY,KY0011,9295,LEVEE,RD,,,,,,,,37.93297723,-83.92079191,1.105,9/18/2021,2047,1,1,0,0,CLEAR,DRY,FALSE,COLLISION WITH ANIMAL NON INTERSECTION,SINGLE VEHICLE,STRAIGHT & LEVEL,DARK-HWY NOT LIGHTED,,,44459.6772,FALSE,249,Accepted,5,5,O,,,
28681320,0870000,MONTGOMERY CTY SHERIFF DEPT,Accepted,MONTGOMERY,US0060,,OWINGSVILLE,RD,,,,,,,,38.07782843,-83.91147442,7.618,9/15/2021,644,2,2,0,0,RAINING,WATER (STANDING OR MOVING),FALSE,HEAD-ON COLLISION,HEAD ON,STRAIGHT & LEVEL,DARK-HWY NOT LIGHTED,,,44459.67731,FALSE,234,Accepted,5,5,O,"SLIPPERY SURFACE, WATER POOLING","NOT UNDER PROPER CONTROL, TOO FAST FOR CONDITIONS",
28681324,0870000,MONTGOMERY CTY SHERIFF DEPT,Accepted,MONTGOMERY,US0060,,OWINGSVILLE,RD,,,,,,,,38.08008291,-83.90618039,7.933,9/13/2021,1456,2,2,0,2,CLEAR,DRY,FALSE,1 VEHICLE ENTERING/LEAVING ENTRANCE,ANGLE,STRAIGHT & LEVEL,DAYLIGHT,,,44459.67751,FALSE,241,Accepted,5,4,C,,"INATTENTION, TURNING IMPROPERLY",MIRRORS
28681328,0870000,MONTGOMERY CTY SHERIFF DEPT,Accepted,MONTGOMERY,KY0213,,KY213,,,,,,,,,37.9720902,-83.85484443,4.962,9/17/2021,1225,4,4,0,0,CLEAR,DRY,FALSE,SIDESWIPE COLLISION - SAME DIRECTION,SIDESWIPE-SAME DIRECTION,STRAIGHT & LEVEL,DAYLIGHT,,,44459.67759,FALSE,241,Accepted,5,5,O,,"IMPROPER PASSING, INATTENTION",
28681333,0870000,MONTGOMERY CTY SHERIFF DEPT,Accepted,MONTGOMERY,US0460,,CAMARGO,RD,,,,,,,,38.01436468,-83.90989752,13.088,9/13/2021,1410,1,1,0,0,CLEAR,DRY,FALSE,RAN OFF ROADWAY (1 VEHICLE WITH/EARTH EMBANKMENT/DITCH),SINGLE VEHICLE,STRAIGHT & HILLCREST,DAYLIGHT,,,44459.67777,FALSE,275,Accepted,5,5,O,,OTHER,
28681335,0870000,MONTGOMERY CTY SHERIFF DEPT,Accepted,MONTGOMERY,US0460,,CAMARGO,RD,,,,,,,,38.0442496,-83.93495933,10.532,9/20/2021,812,2,2,0,0,CLOUDY,WET,FALSE,OTHER ROADWAY OR MID-BLOCK COLLISION,REAR END,STRAIGHT & LEVEL,DAYLIGHT,,,44459.6779,FALSE,228,Accepted,5,5,O,SLIPPERY SURFACE,INATTENTION,
28685257,0870000,MONTGOMERY CTY SHERIFF DEPT,Accepted,MONTGOMERY,,,HARVEST,DR,,US0060,WINCHESTER,,,,,38.04678707,-83.98669184,0.01,8/30/2021,1820,2,2,0,0,CLOUDY,WET,FALSE,ANGLE COLLISION - OTHER,ANGLE,STRAIGHT & GRADE,DAYLIGHT,,,44460.60267,FALSE,238,Accepted,5,5,O,,"DRUG INVOLVEMENT, NOT UNDER PROPER CONTROL, TOO FAST FOR CONDITIONS",
28690012,0870100,MT. STERLING POLICE DEPARTMENT,Accepted,MONTGOMERY,US0460,,CAMARGO,RD,,,,,,,,38.04179735,-83.9342039,10.712,9/14/2021,1310,2,2,0,0,CLEAR,DRY,FALSE,OTHER ROADWAY OR MID-BLOCK COLLISION,REAR END,STRAIGHT & LEVEL,DAYLIGHT,,,44461.70451,FALSE,155,Accepted,5,5,O,,NOT UNDER PROPER CONTROL,
28690013,0870100,MT. STERLING POLICE DEPARTMENT,Accepted,MONTGOMERY,,,VANCE,DR,,,,,,,,38.07473783,-83.95147356,0.08,9/18/2021,1042,2,2,0,0,CLEAR,DRY,FALSE,1 VEHICLE ENTERING/LEAVING ENTRANCE,ANGLE,STRAIGHT & LEVEL,DAYLIGHT,,,44461.70458,FALSE,155,Accepted,5,5,O,,MISJUDGE CLEARANCE,
28690016,0870100,MT. STERLING POLICE DEPARTMENT,Accepted,MONTGOMERY,KY0686,,INDIAN MOUND,DR,,,,,,,,38.06733157,-83.9551731,0.721,9/16/2021,1346,2,2,0,2,CLEAR,DRY,FALSE,OTHER ROADWAY OR MID-BLOCK COLLISION,OPPOSING LEFT TURN,STRAIGHT & LEVEL,DAYLIGHT,,,44461.70468,FALSE,139,Accepted,5,3,B,,INATTENTION,
28690018,0870100,MT. STERLING POLICE DEPARTMENT,Accepted,MONTGOMERY,US0060,,MAIN,ST,E,,QUEEN,,,,,38.05707742,-83.93914094,5.295,9/22/2021,347,2,2,0,0,CLEAR,DRY,FALSE,ANGLE COLLISION - OTHER,ANGLE,STRAIGHT & HILLCREST,DARK-HWY LIGHTED/ON,,,44461.70472,FALSE,145,Accepted,5,5,O,,DISTRACTION,
28698210,0870100,MT. STERLING POLICE DEPARTMENT,Accepted,MONTGOMERY,KY0686,,INDIAN MOUND,DR,,,COMMONWEALTH,,,,,38.06733187,-83.95542133,0.464,9/17/2021,1708,2,2,0,0,CLEAR,DRY,FALSE,SIDESWIPE-SAME DIRECTION,SIDESWIPE-SAME DIRECTION,STRAIGHT & LEVEL,DAYLIGHT,,,44462.98014,FALSE,120,Accepted,5,5,O,,INATTENTION,
28703598,0870100,MT. STERLING POLICE DEPARTMENT,Accepted,MONTGOMERY,KY0686,,INDIAN MOUND,DR,,,TIGHLMAN,,,,,38.04084542,-83.93897319,3.243,9/22/2021,1959,2,2,0,0,RAINING,WET,FALSE,ANGLE COLLISION - OTHER,ANGLE,STRAIGHT & LEVEL,DARK-HWY LIGHTED/ON,,,44464.6562,FALSE,144,Accepted,5,5,O,,INATTENTION,
28711028,0870000,MONTGOMERY CTY SHERIFF DEPT,Accepted,MONTGOMERY,,,WELCH,RD,,,,,,,,37.96912393,-83.85941649,0.095,9/24/2021,2257,1,1,0,0,CLOUDY,WET,FALSE,OTHER ROADWAY OR MID-BLOCK COLLISION,SINGLE VEHICLE,CURVE & LEVEL,DARK-HWY NOT LIGHTED,,,44466.48141,FALSE,249,Accepted,5,5,O,,NOT UNDER PROPER CONTROL,
28711034,0870000,MONTGOMERY CTY SHERIFF DEPT,Accepted,MONTGOMERY,KY0537,2018,BUNKER HILL,RD,,,,,,,,38.13191675,-83.97765075,3.091,9/23/2021,1551,1,1,0,0,CLEAR,DRY,FALSE,RAN OFF ROADWAY (1 VEHICLE WITH/EARTH EMBANKMENT/DITCH),SINGLE VEHICLE,CURVE & HILLCREST,DAYLIGHT,,,44466.48151,FALSE,246,Accepted,5,5,O,ANIMALS ACTION,"DISTRACTION, FAILED TO KEEP PROPER LANE, NOT UNDER PROPER CONTROL",
28715696,0870100,MT. STERLING POLICE DEPARTMENT,Accepted,MONTGOMERY,KY0686,,INDIAN MOUND,DR,,KY0713,GRASSY LICK,,,,,38.05805874,-83.95611544,1.363,9/16/2021,2124,2,2,0,0,CLEAR,DRY,FALSE,ANGLE COLLISION - OTHER,ANGLE,STRAIGHT & LEVEL,DARK-HWY LIGHTED/ON,,,44466.63282,FALSE,152,Accepted,5,5,O,,MISJUDGE CLEARANCE,
28770697,0870100,MT. STERLING POLICE DEPARTMENT,Accepted,MONTGOMERY,KY0686,,INDIAN MOUND,DR,,,,,,,,38.0671949,-83.95516932,0.731,9/28/2021,1500,2,2,0,3,CLEAR,DRY,FALSE,1 VEHICLE ENTERING/LEAVING ENTRANCE,ANGLE,STRAIGHT & LEVEL,DAYLIGHT,,,44468.91741,FALSE,155,Accepted,5,3,B,,EXCEEDED STATED SPEED LIMIT,
28776544,0870000,MONTGOMERY CTY SHERIFF DEPT,Accepted,MONTGOMERY,,811,ARLINGTON,AVE,,,,,,,,38.07608617,-83.90182708,0.245,9/26/2021,1049,1,1,0,0,CLEAR,DRY,FALSE,RAN OFF ROADWAY (1 VEHICLE WITH/EARTH EMBANKMENT/DITCH),SINGLE VEHICLE,CURVE & LEVEL,DAYLIGHT,,,44469.39397,FALSE,275,Accepted,5,5,O,,,BRAKES DEFECTIVE
28779201,0870100,MT. STERLING POLICE DEPARTMENT,Accepted,MONTGOMERY,US0460,,CAMARGO,RD,,,,,,,,38.04134185,-83.93418661,10.743,9/28/2021,720,2,2,0,0,CLEAR,DRY,FALSE,SIDESWIPE COLLISION - SAME DIRECTION,SIDESWIPE-SAME DIRECTION,STRAIGHT & LEVEL,DAWN,,,44469.90608,FALSE,156,Accepted,5,5,O,OTHER,FAILED TO KEEP PROPER LANE,
28779202,0870100,MT. STERLING POLICE DEPARTMENT,Accepted,MONTGOMERY,US0460,,CAMARGO,RD,,,,,,,,38.04099788,-83.93409455,10.767,9/29/2021,1333,2,2,0,0,CLEAR,DRY,FALSE,1 VEHICLE ENTERING/LEAVING ENTRANCE,ANGLE,STRAIGHT & LEVEL,DAYLIGHT,,,44469.90616,FALSE,156,Accepted,5,5,O,OTHER,"INATTENTION, TURNING IMPROPERLY",
28779204,0870100,MT. STERLING POLICE DEPARTMENT,Accepted,MONTGOMERY,,,VANCE,DR,,,,,,,,38.07540645,-83.95150077,0.126,9/30/2021,1132,2,2,0,0,CLEAR,DRY,FALSE,REAR END IN TRAFFIC LANES BOTH VEHICLES MOVING,REAR END,STRAIGHT & LEVEL,DAYLIGHT,,,44469.90626,FALSE,156,Accepted,5,5,O,,INATTENTION,
28783443,0870100,MT. STERLING POLICE DEPARTMENT,Accepted,MONTGOMERY,,642,NORTHVIEW,DR,,,,,,,,38.07501498,-83.94900562,0.077,9/29/2021,2142,2,2,0,0,CLEAR,DRY,FALSE,OTHER ROADWAY OR MID-BLOCK COLLISION,REAR END,STRAIGHT & LEVEL,DARK-HWY LIGHTED/ON,,,44470.8769,FALSE,154,Accepted,5,5,O,,INATTENTION,
28792583,0870100,MT. STERLING POLICE DEPARTMENT,Accepted,MONTGOMERY,KY0686,,INDIAN MOUND,DR,,,,,,,,38.05001849,-83.95650581,1.919,10/1/2021,1407,2,2,0,0,CLEAR,DRY,FALSE,SIDESWIPE COLLISION - SAME DIRECTION,SIDESWIPE-SAME DIRECTION,STRAIGHT & LEVEL,DAYLIGHT,,,44473.90599,FALSE,139,Accepted,5,5,O,,INATTENTION,
28795932,0870000,MONTGOMERY CTY SHERIFF DEPT,Accepted,MONTGOMERY,,,FOGG,PIKE,,,,,,,,38.04143974,-83.95957435,0.646,9/23/2021,1139,1,1,0,2,CLEAR,DRY,FALSE,COLLISION WITH FIXED OBJECT NON - INTERSECTION - FIRST EVENT COLLISION 09 - 32 EXCLUDING 16,SINGLE VEHICLE,CURVE & LEVEL,DAYLIGHT,,,44474.64658,FALSE,226,Accepted,5,4,C,,LOST CONSCIOUSNESS/FAINTED,
28795936,0870000,MONTGOMERY CTY SHERIFF DEPT,Accepted,MONTGOMERY,KY0646,,NEST EGG,RD,,,,,,,,37.96024153,-83.96592562,6.448,9/28/2021,1350,2,2,0,1,CLEAR,DRY,FALSE,OTHER ROADWAY OR MID-BLOCK COLLISION,OPPOSING LEFT TURN,STRAIGHT & HILLCREST,DAYLIGHT,,,44474.64708,FALSE,226,Accepted,4,4,C,,FAILED TO YIELD RIGHT OF WAY,