IncidentID,AgencyORI,AgencyName,IncidentStatusDesc,County,RdwyNumber,Street,RoadwayName,StreetSfx,StreetDir,IntersectionRdwy,IntersectionRdwyName,BetweenStRdwy1,BetweenStRdwyName1,BetweenStRdwy2,BetweenStRdwyName2,Latitude,Longitude,Milepoint,CollisionDate,CollisionTime,UnitsInvolved,MotorVehiclesInvolved,NumberKilled,NumberInjured,Weather,RdwyConditionCode,HitandRun,DirAnalysisCode,MannerofCollision,RdwyCharacter,LightCondition,RampFromRdwyId,RampToRdwyId,AcceptedDate,IsSecondaryCollision,OwnerBadge,IncidentStatus,InjurySeverityCde,KABCO Code,KABCO,Environmental_Factors,Human_Factors,Vehicular_Factors
28795938,0870000,MONTGOMERY CTY SHERIFF DEPT,Accepted,MONTGOMERY,,,CLARENCE,DR,,,,,,,,38.09268232,-83.90213513,0.244,10/1/2021,1538,2,2,0,0,CLEAR,DRY,FALSE,1 VEHICLE ENTERING/LEAVING ENTRANCE,ANGLE,STRAIGHT & LEVEL,DAYLIGHT,,,44474.6472,FALSE,226,Accepted,5,5,O,,FAILED TO YIELD RIGHT OF WAY,
28795944,0870000,MONTGOMERY CTY SHERIFF DEPT,Accepted,MONTGOMERY,KY0713,,SPENCER,PIKE,,,,,,,,38.04814381,-83.90577545,8.572,9/30/2021,1441,1,1,0,0,CLEAR,DRY,FALSE,COLLISION WITH FIXED OBJECT NON - INTERSECTION - FIRST EVENT COLLISION 09 - 32 EXCLUDING 16,SINGLE VEHICLE,STRAIGHT & LEVEL,DAYLIGHT,,,44474.64762,FALSE,241,Accepted,5,5,O,,"INATTENTION, NOT UNDER PROPER CONTROL",
28803265,0870000,MONTGOMERY CTY SHERIFF DEPT,Accepted,MONTGOMERY,KY0686,,INDIAN MOUND,DR,,,,,,,,38.07463458,-83.91863074,6.324,10/1/2021,1646,2,2,0,2,CLEAR,DRY,FALSE,HEAD-ON COLLISION,HEAD ON,STRAIGHT & LEVEL,DAYLIGHT,,,44476.46965,FALSE,246,Accepted,2,2,A,,"INATTENTION, NOT UNDER PROPER CONTROL, TURNING IMPROPERLY",
28807843,0870100,MT. STERLING POLICE DEPARTMENT,Accepted,MONTGOMERY,US0460,1100,CAMARGO,RD,,,,,,,,38.04058918,-83.93384348,,10/7/2021,812,2,2,0,0,CLOUDY,WET,FALSE,REAR END IN TRAFFIC LANES BOTH VEHICLES MOVING,REAR END,STRAIGHT & LEVEL,DAYLIGHT,,,44477.6319,FALSE,153,Accepted,5,5,O,,FOLLOWING TOO CLOSE,
28807844,0870100,MT. STERLING POLICE DEPARTMENT,Accepted,MONTGOMERY,,,MADISON SPRINGS,,,,SPRING ST,,,,,38.05140541,-83.95383849,,10/8/2021,741,2,2,0,0,CLOUDY,WET,FALSE,VEHICLE BACKING IN INTERSECTION,BACKING,STRAIGHT & LEVEL,DAYLIGHT,,,44477.63241,FALSE,153,Accepted,5,5,O,,IMPROPER BACKING,
28841474,0870100,MT. STERLING POLICE DEPARTMENT,Accepted,MONTGOMERY,KY0686,810,INDIAN MOUND,DR,,,,,,,,38.05963607,-83.95538161,,10/8/2021,1622,2,2,0,0,CLEAR,DRY,FALSE,,ANGLE,STRAIGHT & LEVEL,DAYLIGHT,,,44478.87962,FALSE,121,Accepted,5,5,O,,INATTENTION,
28852988,0870100,MT. STERLING POLICE DEPARTMENT,Accepted,MONTGOMERY,KY0686,,INDIAN MOUND,DR,,US0460,CAMARGO,,,,,38.04191957,-83.93437678,3.505,10/10/2021,1147,2,2,0,0,CLEAR,DRY,FALSE,OTHER INTERSECTION COLLISIONS,REAR END,STRAIGHT & LEVEL,DAYLIGHT,,,44479.85664,FALSE,128,Accepted,5,5,O,,INATTENTION,
28861972,0870100,MT. STERLING POLICE DEPARTMENT,Accepted,MONTGOMERY,KY0686,,INDIAN MOUND,DR,,,PATSY,,,,,38.07096882,-83.95487211,0.463,10/11/2021,1320,2,2,0,0,CLEAR,DRY,FALSE,ANGLE COLLISION - OTHER,ANGLE,STRAIGHT & LEVEL,DAYLIGHT,,,44480.64102,FALSE,155,Accepted,5,5,O,,FAILED TO YIELD RIGHT OF WAY,
28898543,0870000,MONTGOMERY CTY SHERIFF DEPT,Accepted,MONTGOMERY,,,CAMARGO LEVEE,RD,,,,,,,,37.98301824,-83.88212727,0.378,10/6/2021,1258,1,1,0,0,CLOUDY,WET,FALSE,COLLISION WITH FIXED OBJECT NON - INTERSECTION - FIRST EVENT COLLISION 09 - 32 EXCLUDING 16,SINGLE VEHICLE,CURVE & HILLCREST,DAYLIGHT,,,44482.42463,FALSE,226,Accepted,5,5,O,SLIPPERY SURFACE,LOST CONSCIOUSNESS/FAINTED,
28898545,0870000,MONTGOMERY CTY SHERIFF DEPT,Accepted,MONTGOMERY,,,WELCH,RD,,,,,,,,37.96922144,-83.8594281,0.099,10/9/2021,1008,2,2,0,0,CLEAR,DRY,FALSE,HEAD-ON COLLISION,HEAD ON,CURVE & LEVEL,DAYLIGHT,,,44482.42479,FALSE,226,Accepted,5,5,O,,"DISTRACTION, FAILED TO YIELD RIGHT OF WAY",
28898546,0870000,MONTGOMERY CTY SHERIFF DEPT,Accepted,MONTGOMERY,US0060,3052,OWINGSVILLE,RD,,,,,,,,38.08395131,-83.90055267,8.332,10/8/2021,2055,1,1,0,0,CLEAR,DRY,FALSE,COLLISION WITH FIXED OBJECT NON - INTERSECTION - FIRST EVENT COLLISION 09 - 32 EXCLUDING 16,SINGLE VEHICLE,STRAIGHT & LEVEL,DARK-HWY LIGHTED/ON,,,44482.4249,FALSE,249,Accepted,5,5,O,,,"TIRE FAILURE, TIRES"
28898548,0870000,MONTGOMERY CTY SHERIFF DEPT,Accepted,MONTGOMERY,,,FOGG,PIKE,,,,,,,,38.04160843,-83.96162518,0.759,10/5/2021,1331,1,1,0,0,CLEAR,DRY,FALSE,RAN OFF ROADWAY (1 VEHICLE WITH/EARTH EMBANKMENT/DITCH),SINGLE VEHICLE,STRAIGHT & LEVEL,DAYLIGHT,,,44482.42503,FALSE,275,Accepted,5,5,O,,"NOT UNDER PROPER CONTROL, OVERCORRECTING/OVERSTEERING",
28901137,0870100,MT. STERLING POLICE DEPARTMENT,Accepted,MONTGOMERY,US0460,,MAYSVILLE,ST,N,,MAYSVILLE,,,,,38.06547425,-83.94523579,8.904,10/13/2021,1615,2,2,0,0,CLOUDY,DRY,FALSE,,REAR END,STRAIGHT & GRADE,DAYLIGHT,,,44482.97764,FALSE,121,Accepted,5,5,O,,"CELL PHONE, INATTENTION",
28912177,0870100,MT. STERLING POLICE DEPARTMENT,Accepted,MONTGOMERY,,,HIGH,ST,W,,,,,,,38.05723337,-83.94413534,0.237,10/9/2021,1318,2,2,0,0,CLEAR,DRY,FALSE,1 VEHICLE PARKED POSITION (NOT PARKING LOT/DRIVEWAY),SIDESWIPE-SAME DIRECTION,STRAIGHT & LEVEL,DAYLIGHT,,,44486.02837,FALSE,156,Accepted,5,5,O,,INATTENTION,
28917698,0870000,MONTGOMERY CTY SHERIFF DEPT,Accepted,MONTGOMERY,US0460,,CAMARGO,RD,,,,,,,,38.00201422,-83.90014324,14.094,10/13/2021,1212,2,2,0,0,CLOUDY,DRY,FALSE,REAR END IN TRAFFIC LANES BOTH VEHICLES MOVING,REAR END,STRAIGHT & GRADE,DAYLIGHT,,,44487.58898,FALSE,228,Accepted,5,5,O,,,
28917704,0870000,MONTGOMERY CTY SHERIFF DEPT,Accepted,MONTGOMERY,KY0213,,BEDFORD,RD,,,TABOR,,,,,37.98315711,-83.84812471,5.826,10/15/2021,1630,2,2,0,1,CLOUDY,WET,FALSE,ANGLE COLLISION - OTHER,ANGLE,STRAIGHT & LEVEL,DAYLIGHT,,,44487.58985,FALSE,249,Accepted,2,2,A,,"INATTENTION, NOT UNDER PROPER CONTROL",
28917706,0870000,MONTGOMERY CTY SHERIFF DEPT,Accepted,MONTGOMERY,,,MONTCLAIR,DR,,,,,,,,38.07578423,-83.90333015,0.076,10/16/2021,1116,2,2,0,0,CLEAR,DRY,FALSE,1 VEHICLE PARKED POSITION (NOT PARKING LOT/DRIVEWAY),BACKING,CURVE & LEVEL,DAYLIGHT,,,44487.59002,FALSE,241,Accepted,5,5,O,,"IMPROPER BACKING, INATTENTION",
28922962,0870100,MT. STERLING POLICE DEPARTMENT,Accepted,MONTGOMERY,KY0686,810,INDIAN MOUND,DR,,,,,,,,38.06197208,-83.9555442,1.086,10/17/2021,1302,2,2,0,1,CLEAR,DRY,FALSE,1 VEHICLE ENTERING/LEAVING ENTRANCE,ANGLE,STRAIGHT & LEVEL,DAYLIGHT,,,44488.76603,FALSE,154,Accepted,5,2,A,,"FAILED TO YIELD RIGHT OF WAY, INATTENTION",
28927182,0870000,MONTGOMERY CTY SHERIFF DEPT,Accepted,MONTGOMERY,KY0713,7901,SPENCER,PIKE,,,,,,,,38.02568631,-83.80842251,14.687,10/14/2021,1101,1,1,0,0,CLEAR,DRY,FALSE,RAN OFF ROADWAY (1 VEHICLE WITH/EARTH EMBANKMENT/DITCH),SINGLE VEHICLE,CURVE & LEVEL,DAYLIGHT,,,44489.67363,FALSE,275,Accepted,5,5,O,,"NOT UNDER PROPER CONTROL, OVERCORRECTING/OVERSTEERING",
28927185,0870000,MONTGOMERY CTY SHERIFF DEPT,Accepted,MONTGOMERY,KY0686,,INDIAN MOUND,DR,,,,,,,,38.04092874,-83.94508918,2.906,10/15/2021,1333,2,2,0,0,CLEAR,DRY,FALSE,REAR END IN TRAFFIC LANES BOTH VEHICLES MOVING,REAR END,STRAIGHT & GRADE,DAYLIGHT,,,44489.67449,FALSE,275,Accepted,5,5,O,,"FOLLOWING TOO CLOSE, INATTENTION, NOT UNDER PROPER CONTROL",
28927186,0870000,MONTGOMERY CTY SHERIFF DEPT,Accepted,MONTGOMERY,KY0213,,KY213,,,,,,,,,37.91802782,-83.86829589,0.842,10/16/2021,1140,3,3,0,0,CLEAR,DRY,FALSE,SIDESWIPE COLLISION - OPPOSITE DIRECTION,SIDESWIPE-OPPOSITE DIRECTION,CURVE & LEVEL,DAYLIGHT,,,44489.67479,FALSE,275,Accepted,5,5,O,DEBRIS IN ROADWAY,MISJUDGE CLEARANCE,MIRRORS
28927187,0870000,MONTGOMERY CTY SHERIFF DEPT,Accepted,MONTGOMERY,,,OLD OWINGSVILLE,RD,,,DOE RUN,,,,,38.07126946,-83.9187381,1.203,10/17/2021,1026,2,2,0,1,CLEAR,DRY,FALSE,ANGLE COLLISION - OTHER,ANGLE,STRAIGHT & LEVEL,DAYLIGHT,,,44489.67497,FALSE,275,Accepted,5,4,C,,"INATTENTION, TURNING IMPROPERLY",
28927190,0870000,MONTGOMERY CTY SHERIFF DEPT,Accepted,MONTGOMERY,KY0686,,INDIAN MOUND,DR,,,,,,,,38.05441779,-83.95644595,1.615,10/19/2021,1458,2,2,0,0,CLEAR,DRY,FALSE,REAR END IN TRAFFIC LANES BOTH VEHICLES MOVING,REAR END,STRAIGHT & LEVEL,DAYLIGHT,,,44489.6752,FALSE,228,Accepted,5,5,O,,"CELL PHONE, DISTRACTION",
28927944,0870100,MT. STERLING POLICE DEPARTMENT,Accepted,MONTGOMERY,KY0686,,INDIAN MOUND,DR,,,,,,,,38.06188569,-83.95550391,1.099,10/20/2021,1658,2,2,0,2,CLEAR,DRY,FALSE,1 VEHICLE ENTERING/LEAVING ENTRANCE,ANGLE,STRAIGHT & LEVEL,DAYLIGHT,,,44489.82485,FALSE,152,Accepted,4,2,A,,DISREGARD TRAFFIC CONTROL,
28928965,0870100,MT. STERLING POLICE DEPARTMENT,Accepted,MONTGOMERY,,513,ALEXA,DR,,,,,HAWKINS,,ELIZABETH,38.06411581,-83.95192734,0.041,10/16/2021,2233,2,2,0,0,CLEAR,DRY,FALSE,,SIDESWIPE-OPPOSITE DIRECTION,STRAIGHT & LEVEL,DARK-HWY LIGHTED/ON,,,44490.1319,FALSE,121,Accepted,5,5,O,IMPROPERLY PARKED VEHICLE(S),MISJUDGE CLEARANCE,
28928967,0870100,MT. STERLING POLICE DEPARTMENT,Accepted,MONTGOMERY,KY0686,900,INDIAN MOUND,DR,,,,,,,,38.05923474,-83.95554944,,10/20/2021,1722,2,2,0,0,CLEAR,DRY,FALSE,,ANGLE,STRAIGHT & LEVEL,DAYLIGHT,,,44490.13198,FALSE,121,Accepted,5,5,O,,MISJUDGE CLEARANCE,
28941978,0870100,MT. STERLING POLICE DEPARTMENT,Accepted,MONTGOMERY,KY0646,,NEST EGG,RD,,,,,,,,37.96949897,-83.93928713,4.724,10/23/2021,2325,1,1,0,0,CLOUDY,WET,FALSE,RAN OFF ROADWAY (1 VEHICLE WITH/EARTH EMBANKMENT/DITCH),SINGLE VEHICLE,CURVE & LEVEL,DARK-HWY NOT LIGHTED,,,44494.05865,FALSE,129,Accepted,5,5,O,SLIPPERY SURFACE,NOT UNDER PROPER CONTROL,
28947621,0870100,MT. STERLING POLICE DEPARTMENT,Accepted,MONTGOMERY,,122,STONE TRACE,DR,,,,,,,,38.07873405,-83.95151807,0.161,10/25/2021,1125,1,1,0,0,CLEAR,WET,FALSE,COLLISION WITH FIXED OBJECT NON - INTERSECTION - FIRST EVENT COLLISION 09 - 32 EXCLUDING 16,SINGLE VEHICLE,STRAIGHT & LEVEL,DAYLIGHT,,,44494.62391,FALSE,149,Accepted,5,5,O,,INATTENTION,
29095005,0870000,MONTGOMERY CTY SHERIFF DEPT,Accepted,MONTGOMERY,,10,ROCKY BRANCH,RD,,,,,,,,37.96328463,-83.80000329,0.05,10/21/2021,859,1,1,0,0,CLEAR,DRY,FALSE,COLLISION WITH NON-FIXED OBJECT ,SINGLE VEHICLE,STRAIGHT & GRADE,DAYLIGHT,,,44496.51532,FALSE,226,Accepted,5,5,O,GLARE (SUN),MISJUDGE CLEARANCE,
29124181,0870000,MONTGOMERY CTY SHERIFF DEPT,Accepted,MONTGOMERY,US0460,,CAMARGO,RD,,,,,,,,37.99896029,-83.89669829,14.417,10/20/2021,1508,2,1,0,0,CLEAR,DRY,FALSE,1 VEHICLE ENTERING/LEAVING ENTRANCE,ANGLE,STRAIGHT & LEVEL,DAYLIGHT,,,44496.5135,FALSE,228,Accepted,5,5,O,,FAILED TO YIELD RIGHT OF WAY,
29125060,0870000,MONTGOMERY CTY SHERIFF DEPT,Accepted,MONTGOMERY,US0060,US60,WINCHESTER,RD,,,,,,,,38.04421596,-83.99073609,2.265,10/21/2021,613,1,1,0,0,CLEAR,DRY,FALSE,RAN OFF ROADWAY (1 VEHICLE WITH/EARTH EMBANKMENT/DITCH),SINGLE VEHICLE,CURVE & GRADE,DARK-HWY NOT LIGHTED,,,44496.51425,FALSE,248,Accepted,5,5,O,,OVERCORRECTING/OVERSTEERING,
29125134,0870100,MT. STERLING POLICE DEPARTMENT,Accepted,MONTGOMERY,KY0713,,QUEEN,ST,S,US0060,MAIN,,,,,38.05709073,-83.93913061,6.385,10/14/2021,1156,2,1,0,0,CLEAR,DRY,FALSE,VEHICLE BACKING IN INTERSECTION,BACKING,STRAIGHT & GRADE,DAYLIGHT,,,44496.83251,FALSE,155,Accepted,5,5,O,,IMPROPER BACKING,
29125158,0870000,MONTGOMERY CTY SHERIFF DEPT,Accepted,MONTGOMERY,US0060,,WINCHESTER,RD,,,,,,,,38.04681774,-83.98600221,2.585,10/20/2021,1043,2,1,0,0,CLEAR,DRY,TRUE,SIDESWIPE COLLISION - OPPOSITE DIRECTION,SIDESWIPE-OPPOSITE DIRECTION,CURVE & GRADE,DAYLIGHT,,,44496.5152,FALSE,226,Accepted,5,5,O,,,
29125274,0870000,MONTGOMERY CTY SHERIFF DEPT,Accepted,MONTGOMERY,US0460,,PARIS,RD,,,,,,,,38.12062806,-84.05446171,0.892,10/1/2021,2355,1,1,0,0,CLEAR,DRY,FALSE,COLLISION WITH FIXED OBJECT NON - INTERSECTION - FIRST EVENT COLLISION 09 - 32 EXCLUDING 16,SINGLE VEHICLE,STRAIGHT & LEVEL,DARK-HWY NOT LIGHTED,,,44496.51397,FALSE,248,Accepted,5,5,O,,NOT UNDER PROPER CONTROL,BRAKES DEFECTIVE
29137746,0870100,MT. STERLING POLICE DEPARTMENT,Accepted,MONTGOMERY,,,REESE,WAY,,KY0686,INDIAN MOUND,,,,,38.06730709,-83.95480727,0.009,10/26/2021,1528,2,2,0,0,CLEAR,DRY,FALSE,OTHER INTERSECTION COLLISIONS,REAR END,STRAIGHT & LEVEL,DAYLIGHT,,,44497.91406,FALSE,154,Accepted,5,5,O,,INATTENTION,
29142335,0870000,MONTGOMERY CTY SHERIFF DEPT,Accepted,MONTGOMERY,KY0011,,MAYSVILLE,RD,,,,,,,,38.12081482,-83.94951407,,10/22/2021,2147,2,2,0,0,CLEAR,DRY,FALSE,REAR END IN TRAFFIC LANES BOTH VEHICLES MOVING,REAR END,STRAIGHT & LEVEL,DARK-HWY NOT LIGHTED,,,44498.47555,FALSE,246,Accepted,5,5,O,,INATTENTION,
29142337,0870000,MONTGOMERY CTY SHERIFF DEPT,Accepted,MONTGOMERY,KY1991,,HINKSTON,PIKE,,,,,,,,38.11536895,-83.91418495,4.555,10/24/2021,428,1,1,0,1,CLOUDY,WET,FALSE,RAN OFF ROADWAY (1 VEHICLE WITH/EARTH EMBANKMENT/DITCH),SINGLE VEHICLE,CURVE & LEVEL,DARK-HWY NOT LIGHTED,,,44498.4757,FALSE,245,Accepted,3,3,B,,"FAILED TO KEEP PROPER LANE, OVERCORRECTING/OVERSTEERING",
29142342,0870000,MONTGOMERY CTY SHERIFF DEPT,Accepted,MONTGOMERY,,,2ND,ST,,,C,,,,,38.06788573,-83.92654596,0.177,10/14/2021,2025,1,1,0,0,CLEAR,DRY,FALSE,COLLISION WITH FIXED OBJECT IN INTERSECTION - FIRST EVENT COLLISION 09 - 32,SINGLE VEHICLE,STRAIGHT & GRADE,DARK-HWY NOT LIGHTED,,,44498.47603,FALSE,238,Accepted,5,5,O,,"INATTENTION, NOT UNDER PROPER CONTROL",
29142345,0870000,MONTGOMERY CTY SHERIFF DEPT,Accepted,MONTGOMERY,KY0686,,INDIAN MOUND,DR,,,,,,,,38.0628768,-83.91377816,5.456,10/24/2021,1919,1,1,0,0,CLEAR,DRY,FALSE,COLLISION WITH ANIMAL NON INTERSECTION,SINGLE VEHICLE,STRAIGHT & LEVEL,DARK-HWY NOT LIGHTED,,,44498.47615,FALSE,249,Accepted,5,5,O,,,
29142348,0870000,MONTGOMERY CTY SHERIFF DEPT,Accepted,MONTGOMERY,KY0646,,CREAM ALLEY,RD,,,FOX,,,,,37.96654585,-83.91805194,3.566,10/10/2021,659,2,2,0,0,CLOUDY,DRY,FALSE,ANGLE COLLISION - OTHER,ANGLE,STRAIGHT & GRADE,DARK-HWY NOT LIGHTED,,,44498.47627,FALSE,234,Accepted,5,5,O,,"FAILED TO YIELD RIGHT OF WAY, FATIGUE",
29142350,0870000,MONTGOMERY CTY SHERIFF DEPT,Accepted,MONTGOMERY,US0060,3909,WINCHESTER,RD,,,,,,,,38.04462682,-83.99883204,1.816,10/25/2021,1100,1,1,0,0,CLOUDY,DRY,FALSE,OTHER COLLISIONS ON SHOULDER,SINGLE VEHICLE,STRAIGHT & LEVEL,DAYLIGHT,,,44498.47643,FALSE,228,Accepted,5,5,O,,,
29142352,0870000,MONTGOMERY CTY SHERIFF DEPT,Accepted,MONTGOMERY,,,PREWITT,PIKE,,,,,,,,38.02165548,-83.98457865,2.039,10/22/2021,1928,2,2,0,0,CLEAR,DRY,FALSE,SIDESWIPE COLLISION - SAME DIRECTION,SIDESWIPE-SAME DIRECTION,STRAIGHT & LEVEL,DARK-HWY NOT LIGHTED,,,44498.47651,FALSE,246,Accepted,5,5,O,,"ALCOHOL INVOLVEMENT, IMPROPER PASSING",
29142357,0870000,MONTGOMERY CTY SHERIFF DEPT,Accepted,MONTGOMERY,KY0011,,LEVEE,RD,,,,,,,,37.9787517,-83.93907216,4.69,10/23/2021,1522,1,1,0,1,CLEAR,DRY,FALSE,COLLISION WITH FIXED OBJECT NON - INTERSECTION - FIRST EVENT COLLISION 09 - 32 EXCLUDING 16,SINGLE VEHICLE,STRAIGHT & LEVEL,DAYLIGHT,,,44498.47675,FALSE,241,Accepted,5,4,C,,DRUG INVOLVEMENT,
29142358,0870000,MONTGOMERY CTY SHERIFF DEPT,Accepted,MONTGOMERY,KY0213,,BEDFORD,RD,,,,,,,,37.99017108,-83.84619347,6.328,10/24/2021,754,1,1,0,0,CLEAR,DRY,FALSE,COLLISION WITH ANIMAL NON INTERSECTION,SINGLE VEHICLE,CURVE & LEVEL,DAYLIGHT,,,44498.47681,FALSE,241,Accepted,5,5,O,ANIMALS ACTION,,
29142439,0870000,MONTGOMERY CTY SHERIFF DEPT,Accepted,MONTGOMERY,US0060,,OWINGSVILLE,RD,,,,,,,,38.0932943,-83.89753062,8.929,10/26/2021,1624,1,1,0,0,CLEAR,DRY,FALSE,COLLISION WITH FIXED OBJECT NON - INTERSECTION - FIRST EVENT COLLISION 09 - 32 EXCLUDING 16,SINGLE VEHICLE,STRAIGHT & LEVEL,DAYLIGHT,,,44498.48944,FALSE,249,Accepted,5,5,O,,"FATIGUE, FELL ASLEEP",
29142441,0870000,MONTGOMERY CTY SHERIFF DEPT,Accepted,MONTGOMERY,US0460,,CAMARGO,RD,,,,,,,,37.98891681,-83.87761602,15.708,10/27/2021,1654,2,2,0,0,CLEAR,DRY,FALSE,REAR END IN TRAFFIC LANES BOTH VEHICLES MOVING,REAR END,STRAIGHT & GRADE,DAYLIGHT,,,44498.48976,FALSE,246,Accepted,5,5,O,,"INATTENTION, NOT UNDER PROPER CONTROL",
29142446,0870000,MONTGOMERY CTY SHERIFF DEPT,Accepted,MONTGOMERY,,,OREAR,RD,,,,,,,,37.94264806,-83.96611583,2.42,10/27/2021,1046,1,1,0,0,CLEAR,DRY,FALSE,OTHER COLLISIONS ON SHOULDER,SINGLE VEHICLE,CURVE & LEVEL,DAYLIGHT,,,44498.49015,FALSE,228,Accepted,5,5,O,"OTHER, SHOULDERS DEFECTIVE/DROP-OFF",,
29146204,0870100,MT. STERLING POLICE DEPARTMENT,Accepted,MONTGOMERY,KY0713,,LOCUST,ST,E,,,,,,,38.05667604,-83.93536725,6.653,10/29/2021,2343,4,4,0,1,RAINING,WET,FALSE,1 VEHICLE PARKED POSITION (NOT PARKING LOT/DRIVEWAY),SIDESWIPE-OPPOSITE DIRECTION,STRAIGHT & HILLCREST,DARK-HWY LIGHTED/ON,,,44499.73877,FALSE,129,Accepted,5,4,C,WATER POOLING,NOT UNDER PROPER CONTROL,
29147165,0870000,MONTGOMERY CTY SHERIFF DEPT,Accepted,MONTGOMERY,KY1331,,HOWARDS MILL,RD,,,,,,,,38.07959967,-83.89286489,0.688,10/6/2021,1245,2,1,0,0,CLEAR,DRY,TRUE,SIDESWIPE COLLISION - OPPOSITE DIRECTION,SIDESWIPE-OPPOSITE DIRECTION,STRAIGHT & GRADE,DAYLIGHT,,,44500.12879,FALSE,232,Accepted,5,5,O,,DISREGARD TRAFFIC CONTROL,
29174559,0870100,MT. STERLING POLICE DEPARTMENT,Accepted,MONTGOMERY,KY0686,,INDIAN MOUND,DR,,,REESE,,,,,38.0673331,-83.95516843,0.721,10/29/2021,1137,2,1,0,1,CLEAR,WET,FALSE,ANGLE COLLISION - OTHER,ANGLE,STRAIGHT & LEVEL,DAYLIGHT,,,44502.67136,FALSE,139,Accepted,5,3,B,,INATTENTION,
29176029,0870000,MONTGOMERY CTY SHERIFF DEPT,Accepted,MONTGOMERY,US0460,,CAMARGO,RD,,,,,,,,37.98785763,-83.87637478,15.809,10/12/2021,1455,3,3,0,0,CLEAR,DRY,TRUE,OTHER ROADWAY OR MID-BLOCK COLLISION,REAR END,STRAIGHT & GRADE,DAYLIGHT,,,44502.71711,FALSE,275,Accepted,5,5,O,"BACKUP DUE TO REGULAR CONGESTION, OTHER","INATTENTION, NOT UNDER PROPER CONTROL",
29176039,0870000,MONTGOMERY CTY SHERIFF DEPT,Accepted,MONTGOMERY,US0460,3793,PARIS,RD,,,,,,,,38.10526267,-84.02015123,3.135,10/24/2021,422,1,1,0,0,CLOUDY,DRY,FALSE,RAN OFF ROADWAY (1 VEHICLE WITH/EARTH EMBANKMENT/DITCH),SINGLE VEHICLE,STRAIGHT & LEVEL,DARK-HWY NOT LIGHTED,,,44502.71755,FALSE,248,Accepted,5,5,O,,"FELL ASLEEP, NOT UNDER PROPER CONTROL",
29176040,0870000,MONTGOMERY CTY SHERIFF DEPT,Accepted,MONTGOMERY,KY0213,,KY213,,,,,,,,,37.92664708,-83.86341048,1.642,10/29/2021,11,1,1,0,1,CLOUDY,DRY,FALSE,RAN OFF ROADWAY (1 VEHICLE WITH/EARTH EMBANKMENT/DITCH),SINGLE VEHICLE,STRAIGHT & LEVEL,DARK-HWY NOT LIGHTED,,,44502.71761,FALSE,248,Accepted,5,4,C,,FELL ASLEEP,
29176044,0870000,MONTGOMERY CTY SHERIFF DEPT,Accepted,MONTGOMERY,KY1991,3162,HINKSTON,PIKE,,,,,,,,38.10494492,-83.91959541,3.509,10/30/2021,327,1,1,0,0,RAINING,WET,FALSE,RAN OFF ROADWAY (1 VEHICLE WITH/EARTH EMBANKMENT/DITCH),SINGLE VEHICLE,CURVE & GRADE,DARK-HWY NOT LIGHTED,,,44502.71777,FALSE,234,Accepted,5,5,O,SLIPPERY SURFACE,"INATTENTION, NOT UNDER PROPER CONTROL, TOO FAST FOR CONDITIONS",
29176047,0870000,MONTGOMERY CTY SHERIFF DEPT,Accepted,MONTGOMERY,KY0011,,LEVEE,RD,,KY0646,CREAM ALLEY,,,,,37.96971385,-83.93640846,4.021,10/25/2021,1533,2,2,0,1,RAINING,WET,FALSE,ANGLE COLLISION - ONE VEHICLE TURNING LEFT,ANGLE,STRAIGHT & LEVEL,DAYLIGHT,,,44502.71793,FALSE,275,Accepted,4,4,C,,"FAILED TO YIELD RIGHT OF WAY, INATTENTION",
29176048,0870000,MONTGOMERY CTY SHERIFF DEPT,Accepted,MONTGOMERY,KY1991,,HINKSTON,PIKE,,,,,,,,38.07860437,-83.93351232,1.209,10/26/2021,1138,1,1,0,0,CLEAR,DRY,FALSE,COLLISION WITH FIXED OBJECT NON - INTERSECTION - FIRST EVENT COLLISION 09 - 32 EXCLUDING 16,SINGLE VEHICLE,STRAIGHT & HILLCREST,DAYLIGHT,,,44502.71799,FALSE,241,Accepted,5,5,O,,NOT UNDER PROPER CONTROL,
29176049,0870000,MONTGOMERY CTY SHERIFF DEPT,Accepted,MONTGOMERY,US0060,,OWINGSVILLE,RD,,,,,,,,38.13024698,-83.87671689,11.983,10/29/2021,1049,1,1,0,1,CLOUDY,WET,FALSE,OTHER COLLISIONS ON SHOULDER,SINGLE VEHICLE,CURVE & GRADE,DAYLIGHT,,,44502.71807,FALSE,241,Accepted,5,4,C,,,TIRE FAILURE
29176051,0870000,MONTGOMERY CTY SHERIFF DEPT,Accepted,MONTGOMERY,KY0011,,LEVEE,RD,,,,,,,,38.01102207,-83.95041869,7.173,10/30/2021,1158,1,1,0,0,CLOUDY,WET,FALSE,OTHER COLLISIONS ON SHOULDER,SINGLE VEHICLE,CURVE & LEVEL,DAYLIGHT,,,44502.71816,FALSE,241,Accepted,5,5,O,SLIPPERY SURFACE,NOT UNDER PROPER CONTROL,