IncidentID,AgencyORI,AgencyName,IncidentStatusDesc,County,RdwyNumber,Street,RoadwayName,StreetSfx,StreetDir,IntersectionRdwy,IntersectionRdwyName,BetweenStRdwy1,BetweenStRdwyName1,BetweenStRdwy2,BetweenStRdwyName2,Latitude,Longitude,Milepoint,CollisionDate,CollisionTime,UnitsInvolved,MotorVehiclesInvolved,NumberKilled,NumberInjured,Weather,RdwyConditionCode,HitandRun,DirAnalysisCode,MannerofCollision,RdwyCharacter,LightCondition,RampFromRdwyId,RampToRdwyId,AcceptedDate,IsSecondaryCollision,OwnerBadge,IncidentStatus,InjurySeverityCde,KABCO Code,KABCO,Environmental_Factors,Human_Factors,Vehicular_Factors
29176052,0870000,MONTGOMERY CTY SHERIFF DEPT,Accepted,MONTGOMERY,,,CAMARGO LEVEE,RD,,,,,,,,37.96860297,-83.88525276,1.438,10/30/2021,1440,1,1,0,0,CLOUDY,WET,TRUE,COLLISION WITH FIXED OBJECT NON - INTERSECTION - FIRST EVENT COLLISION 09 - 32 EXCLUDING 16,SINGLE VEHICLE,STRAIGHT & LEVEL,DAYLIGHT,,,44502.71826,FALSE,241,Accepted,5,5,O,,NOT UNDER PROPER CONTROL,
29176054,0870000,MONTGOMERY CTY SHERIFF DEPT,Accepted,MONTGOMERY,,,FOGG,PIKE,,,PREWITT,,,,,38.03180285,-83.98016002,2.107,10/31/2021,1435,1,1,0,0,CLEAR,DRY,TRUE,COLLISION WITH FIXED OBJECT IN INTERSECTION - FIRST EVENT COLLISION 09 - 32,SINGLE VEHICLE,STRAIGHT & LEVEL,DAYLIGHT,,,44502.71831,FALSE,241,Accepted,5,5,O,,"INATTENTION, NOT UNDER PROPER CONTROL",
29176132,0870000,MONTGOMERY CTY SHERIFF DEPT,Accepted,MONTGOMERY,KY0646,,KIDDVILLE,RD,,,,,,,,37.97095071,-83.9876647,7.988,11/1/2021,1540,2,2,0,0,CLEAR,DRY,FALSE,SIDESWIPE COLLISION - SAME DIRECTION,SIDESWIPE-SAME DIRECTION,STRAIGHT & LEVEL,DAYLIGHT,,,44502.7283,FALSE,228,Accepted,5,5,O,,,
29180600,0870000,MONTGOMERY CTY SHERIFF DEPT,Accepted,MONTGOMERY,US0460,,MAIN,ST,,,,,,,,37.96373744,-83.80562441,20.052,11/1/2021,1141,2,2,0,0,CLEAR,DRY,FALSE,SIDESWIPE COLLISION - OPPOSITE DIRECTION,SIDESWIPE-OPPOSITE DIRECTION,STRAIGHT & LEVEL,DAYLIGHT,,,44503.69184,FALSE,228,Accepted,5,5,O,,,OTHER
29188516,0870100,MT. STERLING POLICE DEPARTMENT,Accepted,MONTGOMERY,KY0686,,INDIAN MOUND,DR,,US0460,CAMARGO,,,,,38.04187827,-83.93419122,3.488,11/4/2021,1215,2,2,0,0,CLEAR,DRY,FALSE,OTHER INTERSECTION COLLISIONS,REAR TO REAR,STRAIGHT & LEVEL,DAYLIGHT,,,44505.62217,FALSE,153,Accepted,5,5,O,,INATTENTION,
29188531,0870000,MONTGOMERY CTY SHERIFF DEPT,Accepted,MONTGOMERY,KY0011,,MAYSVILLE,RD,,,,,,,,38.12081482,-83.94951407,,10/22/2021,2133,2,2,0,0,CLEAR,DRY,FALSE,REAR END IN TRAFFIC LANES BOTH VEHICLES MOVING,REAR END,STRAIGHT & LEVEL,DARK-HWY NOT LIGHTED,,,44505.62392,TRUE,246,Accepted,5,5,O,,INATTENTION,OTHER
29188533,0870000,MONTGOMERY CTY SHERIFF DEPT,Accepted,MONTGOMERY,US0460,,PARIS,RD,,,,,,,,38.09902599,-84.000502,4.33,11/4/2021,746,1,1,0,0,CLEAR,DRY,FALSE,COLLISION WITH ANIMAL NON INTERSECTION,SINGLE VEHICLE,STRAIGHT & GRADE,DAYLIGHT,,,44505.62402,FALSE,226,Accepted,5,5,O,ANIMALS ACTION,,
29192028,0870100,MT. STERLING POLICE DEPARTMENT,Accepted,MONTGOMERY,,,MT STERLING,PLZ,,,,,,,,38.07317998,-83.94862742,0.067,11/4/2021,1559,2,2,0,0,CLEAR,DRY,TRUE,1 VEHICLE PARKED POSITION (NOT PARKING LOT/DRIVEWAY),SIDESWIPE-OPPOSITE DIRECTION,STRAIGHT & LEVEL,DAYLIGHT,,,44506.86838,FALSE,152,Accepted,5,5,O,,MISJUDGE CLEARANCE,
29194427,0870100,MT. STERLING POLICE DEPARTMENT,Accepted,MONTGOMERY,KY0686,,INDIAN MOUND,DR,,,REESE,,,,,38.06733061,-83.95517082,0.708,11/6/2021,1533,2,2,0,0,CLEAR,DRY,FALSE,ANGLE COLLISION - OTHER,ANGLE,STRAIGHT & LEVEL,DAYLIGHT,,,44507.88246,FALSE,144,Accepted,5,5,O,,INATTENTION,
29211247,0870100,MT. STERLING POLICE DEPARTMENT,Accepted,MONTGOMERY,,,MAYSVILLE,ST,S,,,,,,,38.05489616,-83.94151803,0.109,10/19/2021,1428,2,2,0,0,CLEAR,DRY,FALSE,VEHICLE BACKING NON INTERSECTION,BACKING,STRAIGHT & LEVEL,DAYLIGHT,,,44508.68343,FALSE,149,Accepted,5,5,O,,INATTENTION,
29287429,0870100,MT. STERLING POLICE DEPARTMENT,Accepted,MONTGOMERY,KY0686,,INDIAN MOUND,DR,,,,,,,,38.0419913,-83.93429183,,11/10/2021,735,2,2,0,0,CLEAR,DRY,FALSE,REAR END IN TRAFFIC LANES BOTH VEHICLES MOVING,REAR END,STRAIGHT & LEVEL,DAYLIGHT,,,44510.7006,FALSE,153,Accepted,5,5,O,,INATTENTION,
29306156,0870100,MT. STERLING POLICE DEPARTMENT,Accepted,MONTGOMERY,US0460,,CAMARGO,RD,,KY0686,INDIAN MOUND,,,,,38.04217675,-83.93427664,10.679,11/10/2021,1406,2,2,0,2,CLEAR,DRY,FALSE,ANGLE COLLISION - OTHER,ANGLE,STRAIGHT & LEVEL,DAYLIGHT,,,44512.90644,FALSE,154,Accepted,4,4,C,,"FAILED TO YIELD RIGHT OF WAY, INATTENTION",
29308506,0870100,MT. STERLING POLICE DEPARTMENT,Accepted,MONTGOMERY,KY0713,,HIGH,ST,W,,,,,,,38.05717564,-83.94958038,6.156,11/8/2021,1319,2,2,0,0,CLEAR,DRY,FALSE,REAR END IN TRAFFIC LANES BOTH VEHICLES MOVING,REAR END,STRAIGHT & GRADE,DAYLIGHT,,,44513.90526,FALSE,157,Accepted,5,5,O,GLARE (SUN),DISTRACTION,
29310703,0870100,MT. STERLING POLICE DEPARTMENT,Accepted,MONTGOMERY,US0460,,MAYSVILLE,RD,,,,,,,,38.07891013,-83.94947511,7.97,11/14/2021,1334,2,2,0,0,RAINING,WET,FALSE,1 VEHICLE ENTERING/LEAVING ENTRANCE,ANGLE,STRAIGHT & GRADE,DAYLIGHT,,,44514.86294,FALSE,157,Accepted,5,5,O,SLIPPERY SURFACE,,BRAKES DEFECTIVE
29310704,0870100,MT. STERLING POLICE DEPARTMENT,Accepted,MONTGOMERY,US0060,,MAIN,ST,E,,,,,,,38.05657463,-83.94137804,5.168,11/12/2021,1625,2,2,0,0,CLEAR,DRY,FALSE,OTHER ROADWAY OR MID-BLOCK COLLISION,REAR TO REAR,STRAIGHT & LEVEL,DAYLIGHT,,,44514.86299,FALSE,156,Accepted,5,5,O,,INATTENTION,
29314340,0870100,MT. STERLING POLICE DEPARTMENT,Accepted,MONTGOMERY,KY0011,,MAYSVILLE,RD,,,,,,,,38.08942155,-83.95033979,10.119,11/13/2021,2215,2,2,0,0,CLEAR,DRY,FALSE,,HEAD ON,CURVE & GRADE,DARK-HWY LIGHTED/OFF,,,44515.6234,FALSE,130,Accepted,5,5,O,,"LOST CONSCIOUSNESS/FAINTED, PHYSICAL DISABILITY",
29316474,0870000,MONTGOMERY CTY SHERIFF DEPT,Accepted,MONTGOMERY,KY0213,4355,KY213,,,,,,,,,37.91968423,-83.86642827,0.998,11/4/2021,1330,1,1,0,1,CLEAR,DRY,FALSE,OCCUPANT FELL FROM MOVING VEHICLE,SINGLE VEHICLE,STRAIGHT & GRADE,DAYLIGHT,,,44516.12639,FALSE,232,Accepted,5,4,C,OTHER,NOT UNDER PROPER CONTROL,
29323714,0870100,MT. STERLING POLICE DEPARTMENT,Accepted,MONTGOMERY,US0460,,MAYSVILLE,ST,N,,WINN,,,,,38.06375483,-83.944658,9.026,11/15/2021,1524,2,2,0,0,CLEAR,DRY,FALSE,ANGLE COLLISION - OTHER,ANGLE,STRAIGHT & HILLCREST,DAYLIGHT,,,44517.65427,FALSE,152,Accepted,5,5,O,,,BRAKES DEFECTIVE
29323715,0870100,MT. STERLING POLICE DEPARTMENT,Accepted,MONTGOMERY,KY0686,,INDIAN MOUND,DR,,,,,,,,38.05986947,-83.95571798,1.247,11/16/2021,1601,2,2,0,0,CLEAR,DRY,FALSE,1 VEHICLE ENTERING/LEAVING ENTRANCE,ANGLE,STRAIGHT & LEVEL,DAYLIGHT,,,44517.65434,FALSE,152,Accepted,5,5,O,,"FAILED TO YIELD RIGHT OF WAY, TURNING IMPROPERLY",
29329217,0870100,MT. STERLING POLICE DEPARTMENT,Accepted,MONTGOMERY,KY0686,,INDIAN MOUND,DR,,,PATSY,,,,,38.07113324,-83.95484896,0.448,11/10/2021,1523,2,2,0,0,CLEAR,DRY,FALSE,,ANGLE,STRAIGHT & LEVEL,DAYLIGHT,,,44518.88075,FALSE,121,Accepted,5,5,O,,INATTENTION,
29329221,0870100,MT. STERLING POLICE DEPARTMENT,Accepted,MONTGOMERY,US0460,,MAYSVILLE,ST,N,,,,,,,38.07041292,-83.94687683,8.552,11/18/2021,1112,2,2,0,0,RAINING,WET,FALSE,REAR END IN TRAFFIC LANES BOTH VEHICLES MOVING,REAR END,STRAIGHT & LEVEL,DAYLIGHT,,,44518.88086,FALSE,156,Accepted,5,5,O,SLIPPERY SURFACE,INATTENTION,BRAKES DEFECTIVE
29333078,0870100,MT. STERLING POLICE DEPARTMENT,Accepted,MONTGOMERY,US0060,,MAIN,ST,W,,,,,,,38.05460497,-83.94802786,4.783,11/18/2021,855,1,1,0,0,RAINING,WET,FALSE,COLLISION WITH FIXED OBJECT NON - INTERSECTION - FIRST EVENT COLLISION 09 - 32 EXCLUDING 16,SINGLE VEHICLE,CURVE & GRADE,DAWN,,,44519.88574,FALSE,155,Accepted,5,5,O,SLIPPERY SURFACE,,
29342709,0870100,MT. STERLING POLICE DEPARTMENT,Accepted,MONTGOMERY,KY0686,,INDIAN MOUND,DR,,US0460,CAMARGO,,,,,38.04203641,-83.93435739,3.501,11/21/2021,1951,2,2,0,0,CLEAR,WET,FALSE,1 VEHICLE ENTERING/LEAVING ENTRANCE,ANGLE,STRAIGHT & LEVEL,DARK-HWY LIGHTED/ON,,,44522.76906,FALSE,152,Accepted,5,5,O,,DISREGARD TRAFFIC CONTROL,
29346302,0870000,MONTGOMERY CTY SHERIFF DEPT,Accepted,MONTGOMERY,US0460,8685,MAIN,ST,,,,,,,,37.97220322,-83.83810968,18.167,10/29/2021,1107,2,2,0,0,CLOUDY,DRY,FALSE,REAR END IN TRAFFIC LANES BOTH VEHICLES MOVING,REAR END,STRAIGHT & LEVEL,DAYLIGHT,,,44523.62611,FALSE,275,Accepted,5,5,O,,"INATTENTION, NOT UNDER PROPER CONTROL",
29346306,0870000,MONTGOMERY CTY SHERIFF DEPT,Accepted,MONTGOMERY,KY1331,,HOWARDS MILL,RD,,,,,,,,38.06368735,-83.8309223,4.421,11/6/2021,1111,1,1,0,0,CLEAR,DRY,FALSE,COLLISION WITH FIXED OBJECT NON - INTERSECTION - FIRST EVENT COLLISION 09 - 32 EXCLUDING 16,SINGLE VEHICLE,STRAIGHT & GRADE,DAYLIGHT,,,44523.62629,FALSE,226,Accepted,5,5,O,ANIMALS ACTION,NOT UNDER PROPER CONTROL,
29346307,0870000,MONTGOMERY CTY SHERIFF DEPT,Accepted,MONTGOMERY,,,WOODFORD,DR,,KY0011,LEVEE,,,,,38.04656498,-83.9440343,0.001,11/5/2021,1545,2,2,0,0,CLEAR,DRY,FALSE,OTHER INTERSECTION COLLISIONS,REAR END,STRAIGHT & LEVEL,DAYLIGHT,,,44523.62635,FALSE,249,Accepted,5,5,O,,INATTENTION,
29346324,0870000,MONTGOMERY CTY SHERIFF DEPT,Accepted,MONTGOMERY,KY0686,,INDIAN MOUND,DR,,,,,,,,38.04722284,-83.9237432,4.205,11/9/2021,452,1,1,0,0,CLEAR,DRY,FALSE,COLLISION WITH ANIMAL NON INTERSECTION,SINGLE VEHICLE,STRAIGHT & LEVEL,DARK-HWY NOT LIGHTED,,,44523.62688,FALSE,249,Accepted,5,5,O,,,
29346326,0870000,MONTGOMERY CTY SHERIFF DEPT,Accepted,MONTGOMERY,US0460,,CAMARGO,RD,,,,,,,,37.99180258,-83.88132896,15.424,10/30/2021,856,2,2,0,0,CLOUDY,WET,FALSE,1 VEHICLE ENTERING/LEAVING ENTRANCE,ANGLE,CURVE & LEVEL,DAYLIGHT,,,44523.62698,FALSE,275,Accepted,5,5,O,SLIPPERY SURFACE,"NOT UNDER PROPER CONTROL, OVERCORRECTING/OVERSTEERING",
29346349,0870000,MONTGOMERY CTY SHERIFF DEPT,Accepted,MONTGOMERY,US0460,,CAMARGO,RD,,,ESTES,,,,,37.99153071,-83.88083052,15.457,11/9/2021,1745,1,1,0,0,CLEAR,DRY,FALSE,COLLISION WITH ANIMAL IN INTERSECTION,SINGLE VEHICLE,CURVE & LEVEL,DARK-HWY NOT LIGHTED,,,44523.62704,FALSE,245,Accepted,5,5,O,ANIMALS ACTION,,
29346350,0870000,MONTGOMERY CTY SHERIFF DEPT,Accepted,MONTGOMERY,KY0011,8870,LEVEE,RD,,,,,,,,37.93247452,-83.92025868,1.059,11/8/2021,732,1,1,0,0,CLEAR,FLOODED,FALSE,COLLISION WITH FIXED OBJECT NON - INTERSECTION - FIRST EVENT COLLISION 09 - 32 EXCLUDING 16,SINGLE VEHICLE,STRAIGHT & LEVEL,DAYLIGHT,,,44523.62708,FALSE,231,Accepted,5,5,O,,"DISTRACTION, INATTENTION, NOT UNDER PROPER CONTROL",
29346351,0870000,MONTGOMERY CTY SHERIFF DEPT,Accepted,MONTGOMERY,KY0646,,KIDDVILLE,RD,,,,,,,,37.98185343,-83.98582686,8.753,11/10/2021,809,1,1,0,0,CLEAR,DRY,FALSE,COLLISION WITH ANIMAL NON INTERSECTION,SINGLE VEHICLE,CURVE & GRADE,DAYLIGHT,,,44523.62713,FALSE,228,Accepted,5,5,O,ANIMALS ACTION,,
29346354,0870000,MONTGOMERY CTY SHERIFF DEPT,Accepted,MONTGOMERY,,2300,FOX,RD,,,,,,,,37.97522446,-83.91361155,0.693,11/9/2021,1203,1,1,0,0,CLEAR,DRY,FALSE,COLLISION WITH FIXED OBJECT NON - INTERSECTION - FIRST EVENT COLLISION 09 - 32 EXCLUDING 16,SINGLE VEHICLE,STRAIGHT & LEVEL,DAYLIGHT,,,44523.62721,FALSE,226,Accepted,5,5,O,,"INATTENTION, MISJUDGE CLEARANCE",
29346355,0870000,MONTGOMERY CTY SHERIFF DEPT,Accepted,MONTGOMERY,US0460,,MAIN,ST,,,,,,,,37.9764909,-83.8513094,17.417,11/10/2021,1214,2,2,0,0,CLEAR,DRY,FALSE,SIDESWIPE COLLISION - SAME DIRECTION,SIDESWIPE-SAME DIRECTION,STRAIGHT & LEVEL,DAYLIGHT,,,44523.62726,FALSE,226,Accepted,5,5,O,,FAILED TO YIELD RIGHT OF WAY,
29347685,0870100,MT. STERLING POLICE DEPARTMENT,Accepted,MONTGOMERY,KY0686,810,INDIAN MOUND,DR,,,,,,,,38.06188818,-83.95547877,1.099,11/23/2021,1618,2,2,0,0,CLEAR,DRY,FALSE,REAR END IN TRAFFIC LANES BOTH VEHICLES MOVING,REAR END,STRAIGHT & LEVEL,DAYLIGHT,,,44523.85695,FALSE,120,Accepted,5,5,O,,INATTENTION,
29349635,0870000,MONTGOMERY CTY SHERIFF DEPT,Accepted,MONTGOMERY,,6519,CAMARGO LEVEE,RD,,,,,,,,37.96850956,-83.885345,1.446,10/30/2021,1505,2,2,0,2,CLOUDY,WET,FALSE,1 VEHICLE PARKED POSITION (NOT PARKING LOT/DRIVEWAY),ANGLE,CURVE & LEVEL,DAYLIGHT,,,44524.4389,FALSE,275,Accepted,5,3,B,SLIPPERY SURFACE,"INATTENTION, NOT UNDER PROPER CONTROL, TOO FAST FOR CONDITIONS",
29349637,0870000,MONTGOMERY CTY SHERIFF DEPT,Accepted,MONTGOMERY,US0060,,MAIN,ST,W,KY0686,INDIAN MOUND,,,,,38.05376588,-83.95624626,4.329,10/31/2021,1334,2,2,0,0,CLEAR,DRY,FALSE,OTHER INTERSECTION COLLISIONS,REAR END,STRAIGHT & LEVEL,DAYLIGHT,,,44524.439,FALSE,275,Accepted,5,5,O,,"INATTENTION, NOT UNDER PROPER CONTROL",
29349640,0870000,MONTGOMERY CTY SHERIFF DEPT,Accepted,MONTGOMERY,US0060,,OWINGSVILLE,RD,,,,,,,,38.12959906,-83.87647,11.942,11/2/2021,941,1,1,0,0,RAINING,WET,FALSE,RAN OFF ROADWAY (1 VEHICLE WITH/EARTH EMBANKMENT/DITCH),SINGLE VEHICLE,CURVE & HILLCREST,DAYLIGHT,,,44524.43906,FALSE,275,Accepted,5,5,O,SLIPPERY SURFACE,"NOT UNDER PROPER CONTROL, OVERCORRECTING/OVERSTEERING",
29349649,0870000,MONTGOMERY CTY SHERIFF DEPT,Accepted,MONTGOMERY,US0060,,OWINGSVILLE,RD,,,,,,,,38.08563079,-83.89984731,8.453,11/11/2021,1647,3,3,0,0,RAINING,WET,FALSE,1 VEHICLE ENTERING/LEAVING ENTRANCE,ANGLE,STRAIGHT & LEVEL,DUSK,,,44524.43937,FALSE,241,Accepted,5,5,O,,INATTENTION,
29349652,0870000,MONTGOMERY CTY SHERIFF DEPT,Accepted,MONTGOMERY,,,KATELYNN,BR,,,,,,,,38.07373448,-83.89836363,0.055,11/13/2021,1804,2,2,0,0,CLEAR,DRY,FALSE,1 VEHICLE PARKED POSITION (NOT PARKING LOT/DRIVEWAY),BACKING,STRAIGHT & LEVEL,DARK-HWY NOT LIGHTED,,,44524.43951,FALSE,249,Accepted,5,5,O,,"INATTENTION, MISJUDGE CLEARANCE",
29349662,0870000,MONTGOMERY CTY SHERIFF DEPT,Accepted,MONTGOMERY,US0460,,CAMARGO,RD,,,,,,,,37.99821779,-83.89580278,14.491,11/15/2021,927,2,2,0,2,CLEAR,DRY,FALSE,1 VEHICLE ENTERING/LEAVING ENTRANCE,ANGLE,STRAIGHT & LEVEL,DAYLIGHT,,,44524.43976,FALSE,228,Accepted,5,3,B,,FAILED TO YIELD RIGHT OF WAY,
29349663,0870000,MONTGOMERY CTY SHERIFF DEPT,Accepted,MONTGOMERY,,,QUEEN,ST,S,,,,,,,38.04936845,-83.93641099,0.468,11/16/2021,814,3,3,0,1,CLEAR,DRY,FALSE,1 VEHICLE PARKED POSITION (NOT PARKING LOT/DRIVEWAY),REAR END,STRAIGHT & LEVEL,DAYLIGHT,,,44524.43982,FALSE,241,Accepted,5,4,C,,INATTENTION,MIRRORS
29349666,0870000,MONTGOMERY CTY SHERIFF DEPT,Accepted,MONTGOMERY,,,PREWITT GRASSY LICK,RD,,,,,,,,38.03992663,-84.01288248,0.301,10/26/2021,29,1,1,0,0,RAINING,WET,FALSE,COLLISION WITH FIXED OBJECT NON - INTERSECTION - FIRST EVENT COLLISION 09 - 32 EXCLUDING 16,SINGLE VEHICLE,CURVE & GRADE,DARK-HWY NOT LIGHTED,,,44524.43993,FALSE,234,Accepted,5,5,O,SLIPPERY SURFACE,"INATTENTION, NOT UNDER PROPER CONTROL, TOO FAST FOR CONDITIONS",
29349668,0870000,MONTGOMERY CTY SHERIFF DEPT,Accepted,MONTGOMERY,US0060,,OWINGSVILLE,RD,,,,,,,,38.08870276,-83.89839757,8.673,11/11/2021,649,2,2,0,0,CLEAR,DRY,FALSE,REAR END IN TRAFFIC LANES BOTH VEHICLES MOVING,REAR END,STRAIGHT & LEVEL,DAWN,,,44524.44005,FALSE,231,Accepted,5,5,O,,"DISTRACTION, INATTENTION",
29349680,0870000,MONTGOMERY CTY SHERIFF DEPT,Accepted,MONTGOMERY,KY0599,,KY599,,,,,,,,,37.96613267,-83.84267356,5.539,11/18/2021,1220,2,2,0,1,CLOUDY,WET,FALSE,SIDESWIPE COLLISION - OPPOSITE DIRECTION,SIDESWIPE-OPPOSITE DIRECTION,CURVE & HILLCREST,DAYLIGHT,,,44524.44047,FALSE,228,Accepted,5,3,B,SLIPPERY SURFACE,,
29349683,0870000,MONTGOMERY CTY SHERIFF DEPT,Accepted,MONTGOMERY,,,OLD OWINGSVILLE,RD,,,OSBORNE,,,,,38.07230532,-83.91495981,0.981,11/21/2021,1636,2,2,0,0,RAINING,WET,FALSE,ANGLE COLLISION - OTHER,ANGLE,STRAIGHT & LEVEL,DUSK,,,44524.44064,FALSE,249,Accepted,5,5,O,,"FAILED TO YIELD RIGHT OF WAY, INATTENTION",
29349685,0870000,MONTGOMERY CTY SHERIFF DEPT,Accepted,MONTGOMERY,,,BELL FARM,RD,,,,,,,,37.9396237,-83.89186824,0.683,11/22/2021,1543,2,2,0,0,CLEAR,DRY,FALSE,1 VEHICLE PARKED POSITION (NOT PARKING LOT/DRIVEWAY),BACKING,CURVE & LEVEL,DAYLIGHT,,,44524.44073,FALSE,249,Accepted,5,5,O,,MISJUDGE CLEARANCE,
29349686,0870000,MONTGOMERY CTY SHERIFF DEPT,Accepted,MONTGOMERY,US0060,,OWINGSVILLE,RD,,,,,,,,38.08917972,-83.89817739,8.706,11/22/2021,649,2,2,0,0,CLOUDY,DRY,FALSE,REAR END IN TRAFFIC LANES BOTH VEHICLES MOVING,REAR END,STRAIGHT & LEVEL,DARK-HWY LIGHTED/ON,,,44524.44082,FALSE,234,Accepted,5,5,O,,INATTENTION,
29350609,0870000,MONTGOMERY CTY SHERIFF DEPT,Accepted,MONTGOMERY,US0460,,CAMARGO,RD,,,,,,,,38.00077707,-83.89882409,14.238,11/23/2021,1233,2,2,0,0,CLEAR,DRY,FALSE,OTHER ROADWAY OR MID-BLOCK COLLISION,OPPOSING LEFT TURN,STRAIGHT & LEVEL,DAYLIGHT,,,44524.64862,FALSE,228,Accepted,5,5,O,,FAILED TO YIELD RIGHT OF WAY,
29351904,0870100,MT. STERLING POLICE DEPARTMENT,Accepted,MONTGOMERY,US0460,,MAYSVILLE,ST,N,,,,,,,38.06465632,-83.94507647,8.882,11/24/2021,922,2,2,0,0,CLEAR,DRY,FALSE,VEHICLE BACKING NON INTERSECTION,BACKING,STRAIGHT & HILLCREST,DAYLIGHT,,,44524.88673,FALSE,157,Accepted,5,5,O,,DISTRACTION,
29351905,0870100,MT. STERLING POLICE DEPARTMENT,Accepted,MONTGOMERY,,,QUEEN,ST,N,,,,,,,38.05824017,-83.93951888,0.082,11/24/2021,1246,2,2,0,0,CLEAR,DRY,FALSE,1 VEHICLE ENTERING/LEAVING ENTRANCE,ANGLE,STRAIGHT & LEVEL,DAYLIGHT,,,44524.88679,FALSE,156,Accepted,5,5,O,,"ALCOHOL INVOLVEMENT, INATTENTION",
29351906,0870100,MT. STERLING POLICE DEPARTMENT,Accepted,MONTGOMERY,US0460,,CAMARGO,RD,,,,,,,,38.04236996,-83.93450094,10.669,11/3/2021,1639,2,2,0,1,CLEAR,DRY,FALSE,OTHER ROADWAY OR MID-BLOCK COLLISION,REAR END,STRAIGHT & LEVEL,DAYLIGHT,,,44524.88684,FALSE,139,Accepted,5,4,C,,INATTENTION,
29366085,0870000,MONTGOMERY CTY SHERIFF DEPT,Accepted,MONTGOMERY,,3000,OLD OWINGSVILLE,RD,,,,,,,,38.07835214,-83.90529916,0.296,11/19/2021,2305,1,1,0,0,CLEAR,DRY,FALSE,COLLISION WITH FIXED OBJECT NON - INTERSECTION - FIRST EVENT COLLISION 09 - 32 EXCLUDING 16,SINGLE VEHICLE,STRAIGHT & LEVEL,DARK-HWY NOT LIGHTED,,,44529.71605,FALSE,246,Accepted,5,5,O,,"ALCOHOL INVOLVEMENT, NOT UNDER PROPER CONTROL, TOO FAST FOR CONDITIONS",
29366090,0870000,MONTGOMERY CTY SHERIFF DEPT,Accepted,MONTGOMERY,US0460,,MAIN,ST,,,,,,,,37.95926227,-83.79621335,20.677,10/30/2021,1407,2,2,0,0,CLOUDY,DRY,FALSE,HEAD-ON COLLISION,HEAD ON,STRAIGHT & HILLCREST,DAYLIGHT,,,44529.71623,FALSE,241,Accepted,5,5,O,,"INATTENTION, NOT UNDER PROPER CONTROL",
29366091,0870000,MONTGOMERY CTY SHERIFF DEPT,Accepted,MONTGOMERY,US0060,3060,OWINGSVILLE,RD,,,,,,,,38.08578274,-83.89889322,8.531,11/20/2021,1141,2,2,0,0,CLEAR,DRY,FALSE,VEHICLE BACKING NON INTERSECTION,BACKING,STRAIGHT & LEVEL,DAYLIGHT,,,44529.71629,FALSE,241,Accepted,5,5,O,,INATTENTION,MIRRORS
29366093,0870000,MONTGOMERY CTY SHERIFF DEPT,Accepted,MONTGOMERY,US0060,,OWINGSVILLE,RD,,,,,,,,38.08844081,-83.89854493,8.655,11/22/2021,1140,2,2,0,0,CLEAR,DRY,FALSE,OTHER ROADWAY OR MID-BLOCK COLLISION,REAR END,STRAIGHT & LEVEL,DAYLIGHT,,,44529.71638,FALSE,241,Accepted,5,5,O,,INATTENTION,
29366094,0870000,MONTGOMERY CTY SHERIFF DEPT,Accepted,MONTGOMERY,US0060,,OWINGSVILLE,RD,,,,,,,,38.08850282,-83.89850818,8.659,11/22/2021,1207,2,2,0,0,CLEAR,DRY,FALSE,OTHER ROADWAY OR MID-BLOCK COLLISION,REAR END,STRAIGHT & LEVEL,DAYLIGHT,,,44529.71644,FALSE,241,Accepted,5,5,O,,INATTENTION,
29366095,0870000,MONTGOMERY CTY SHERIFF DEPT,Accepted,MONTGOMERY,KY0713,,HIGH,ST,W,KY0686,INDIAN MOUND,,,,,38.05804172,-83.95591714,5.792,11/23/2021,1230,2,2,0,1,CLEAR,DRY,FALSE,ANGLE COLLISION - OTHER,ANGLE,STRAIGHT & LEVEL,DAYLIGHT,,,44529.7165,FALSE,241,Accepted,5,4,C,,INATTENTION,
29366097,0870000,MONTGOMERY CTY SHERIFF DEPT,Accepted,MONTGOMERY,,,PINE HILL,RD,,,,,,,,37.94550118,-83.83672965,0.549,11/23/2021,943,1,1,0,1,CLEAR,DRY,FALSE,RAN OFF ROADWAY (1 VEHICLE WITH/EARTH EMBANKMENT/DITCH),SINGLE VEHICLE,CURVE & GRADE,DAYLIGHT,,,44529.71661,FALSE,226,Accepted,5,4,C,ANIMALS ACTION,NOT UNDER PROPER CONTROL,
29366098,0870000,MONTGOMERY CTY SHERIFF DEPT,Accepted,MONTGOMERY,KY0713,,HIGH,ST,W,,,,,,,38.05804956,-83.95519649,5.831,11/23/2021,1515,2,2,0,0,CLEAR,DRY,FALSE,REAR END IN TRAFFIC LANES BOTH VEHICLES MOVING,REAR END,STRAIGHT & LEVEL,DAYLIGHT,,,44529.71666,FALSE,226,Accepted,5,5,O,,NOT UNDER PROPER CONTROL,