IncidentID,AgencyORI,AgencyName,IncidentStatusDesc,County,RdwyNumber,Street,RoadwayName,StreetSfx,StreetDir,IntersectionRdwy,IntersectionRdwyName,BetweenStRdwy1,BetweenStRdwyName1,BetweenStRdwy2,BetweenStRdwyName2,Latitude,Longitude,Milepoint,CollisionDate,CollisionTime,UnitsInvolved,MotorVehiclesInvolved,NumberKilled,NumberInjured,Weather,RdwyConditionCode,HitandRun,DirAnalysisCode,MannerofCollision,RdwyCharacter,LightCondition,RampFromRdwyId,RampToRdwyId,AcceptedDate,IsSecondaryCollision,OwnerBadge,IncidentStatus,InjurySeverityCde,KABCO Code,KABCO,Environmental_Factors,Human_Factors,Vehicular_Factors
29366099,0870000,MONTGOMERY CTY SHERIFF DEPT,Accepted,MONTGOMERY,US0060,,WINCHESTER,RD,,,,,,,,38.05309583,-83.96353785,3.921,11/25/2021,1227,2,2,0,0,RAINING,WET,FALSE,REAR END IN TRAFFIC LANES BOTH VEHICLES MOVING,REAR END,STRAIGHT & GRADE,DAYLIGHT,,,44529.71673,FALSE,226,Accepted,5,5,O,SLIPPERY SURFACE,"FAILED TO YIELD RIGHT OF WAY, NOT UNDER PROPER CONTROL",
29366102,0870000,MONTGOMERY CTY SHERIFF DEPT,Accepted,MONTGOMERY,KY0686,,INDIAN MOUND,DR,,,FOXGLOVE,,,,,38.06552922,-83.95549099,0.847,11/26/2021,1341,2,2,0,0,CLOUDY,DRY,FALSE,OTHER INTERSECTION COLLISIONS,REAR END,STRAIGHT & LEVEL,DAYLIGHT,,,44529.71691,FALSE,275,Accepted,5,5,O,,"FOLLOWING TOO CLOSE, INATTENTION, NOT UNDER PROPER CONTROL",
29366104,0870000,MONTGOMERY CTY SHERIFF DEPT,Accepted,MONTGOMERY,,242,GARDNER,LN,,,,,,,,38.07246005,-83.91565605,0.123,11/15/2021,1715,2,2,0,0,CLEAR,DRY,FALSE,1 VEHICLE PARKED POSITION (NOT PARKING LOT/DRIVEWAY),BACKING,STRAIGHT & GRADE,DAYLIGHT,,,44529.71699,FALSE,245,Accepted,5,5,O,,,
29366108,0870000,MONTGOMERY CTY SHERIFF DEPT,Accepted,MONTGOMERY,KY1050,,KY1050,,,,MCGUIRE,,,,,37.94816366,-83.80817944,4.845,11/29/2021,921,2,2,0,3,CLEAR,DRY,FALSE,SIDESWIPE COLLISION - OPPOSITE DIRECTION,SIDESWIPE-OPPOSITE DIRECTION,CURVE & LEVEL,DAYLIGHT,,,44529.71711,FALSE,228,Accepted,5,2,A,,"NOT UNDER PROPER CONTROL, PHYSICAL DISABILITY",
29369983,0870000,MONTGOMERY CTY SHERIFF DEPT,Accepted,MONTGOMERY,US0460,,CAMARGO,RD,,,,,,,,37.9978659,-83.89534799,14.527,11/29/2021,406,2,2,0,0,CLEAR,DRY,FALSE,REAR END IN TRAFFIC LANES BOTH VEHICLES MOVING,REAR END,STRAIGHT & LEVEL,DARK-HWY NOT LIGHTED,,,44530.66247,FALSE,249,Accepted,5,5,O,,"ALCOHOL INVOLVEMENT, INATTENTION",
29374472,0870100,MT. STERLING POLICE DEPARTMENT,Accepted,MONTGOMERY,,,JOHNSON,AVE,,US0460,MAYSVILLE,,,,,38.06270977,-83.94427113,0.002,11/29/2021,1000,2,2,0,0,CLEAR,DRY,FALSE,VEHICLE BACKING IN INTERSECTION,BACKING,STRAIGHT & GRADE,DAYLIGHT,,,44531.61288,FALSE,157,Accepted,5,5,O,,IMPROPER BACKING,
29385363,0870100,MT. STERLING POLICE DEPARTMENT,Accepted,MONTGOMERY,US0460,,MAYSVILLE,ST,N,,FALCON DRIVE,,,,,38.07557841,-83.94869195,,12/2/2021,1818,2,2,0,0,CLEAR,DRY,FALSE,,REAR END,STRAIGHT & LEVEL,DARK-HWY LIGHTED/ON,,,44534.14135,FALSE,121,Accepted,5,5,O,,INATTENTION,
29392324,0870000,MONTGOMERY CTY SHERIFF DEPT,Accepted,MONTGOMERY,US0460,,CAMARGO,RD,,,,,,,,38.04219707,-83.93442781,10.682,11/30/2021,1733,2,2,0,0,CLEAR,DRY,FALSE,REAR END IN TRAFFIC LANES BOTH VEHICLES MOVING,REAR END,STRAIGHT & LEVEL,DARK-HWY NOT LIGHTED,,,44536.5101,FALSE,246,Accepted,5,5,O,,"INATTENTION, NOT UNDER PROPER CONTROL",
29392327,0870000,MONTGOMERY CTY SHERIFF DEPT,Accepted,MONTGOMERY,,3054,OSBORNE,RD,,,,,,,,38.05388443,-83.90228553,0.489,12/2/2021,2037,1,1,0,1,CLEAR,DRY,FALSE,RAN OFF ROADWAY (1 VEHICLE WITH/EARTH EMBANKMENT/DITCH),SINGLE VEHICLE,CURVE & HILLCREST,DARK-HWY NOT LIGHTED,,,44536.51019,FALSE,246,Accepted,3,3,B,,NOT UNDER PROPER CONTROL,
29392333,0870000,MONTGOMERY CTY SHERIFF DEPT,Accepted,MONTGOMERY,US0060,,OWINGSVILLE,RD,,,,,,,,38.07480228,-83.91901252,7.169,12/1/2021,1015,2,2,0,2,CLEAR,DRY,FALSE,1 VEHICLE ENTERING/LEAVING ENTRANCE,ANGLE,STRAIGHT & LEVEL,DAYLIGHT,,,44536.51035,FALSE,226,Accepted,4,4,C,,"FAILED TO YIELD RIGHT OF WAY, LOST CONSCIOUSNESS/FAINTED",
29392339,0870000,MONTGOMERY CTY SHERIFF DEPT,Accepted,MONTGOMERY,KY0646,,NEST EGG,RD,,KY0011,LEVEE,,,,,37.96857445,-83.93778682,4.619,11/14/2021,1509,2,2,0,1,CLEAR,DRY,FALSE,ANGLE COLLISION - OTHER,ANGLE,STRAIGHT & LEVEL,DAYLIGHT,,,44536.51059,FALSE,241,Accepted,5,4,C,,"INATTENTION, TURNING IMPROPERLY",
29393726,0870100,MT. STERLING POLICE DEPARTMENT,Accepted,MONTGOMERY,,,VANCE,DR,,,EVANS,,,,,38.07543092,-83.95148126,0.128,12/2/2021,1852,2,2,0,0,CLEAR,DRY,FALSE,HEAD-ON COLLISION,HEAD ON,STRAIGHT & LEVEL,DARK-HWY LIGHTED/OFF,,,44536.7466,FALSE,152,Accepted,5,5,O,,MISJUDGE CLEARANCE,
29398992,0870100,MT. STERLING POLICE DEPARTMENT,Accepted,MONTGOMERY,KY0686,,INDIAN MOUND,DR,,,,,,,,38.04112309,-83.94817209,2.733,12/2/2021,1335,2,2,0,0,CLEAR,DRY,FALSE,REAR END IN TRAFFIC LANES BOTH VEHICLES MOVING,REAR END,STRAIGHT & LEVEL,DAYLIGHT,,,44537.97694,FALSE,149,Accepted,5,5,O,,INATTENTION,
29403857,0870100,MT. STERLING POLICE DEPARTMENT,Accepted,MONTGOMERY,KY0686,,INDIAN MOUND,DR,,US0460,MAYSVILLE,,,,,38.07388005,-83.94905666,0.045,12/8/2021,1806,2,2,0,0,CLEAR,DRY,FALSE,OTHER INTERSECTION COLLISIONS,REAR END,STRAIGHT & LEVEL,DARK-HWY LIGHTED/ON,,,44539.04123,TRUE,157,Accepted,5,5,O,,"INATTENTION, OTHER",
29408616,0870100,MT. STERLING POLICE DEPARTMENT,Accepted,MONTGOMERY,KY0686,,INDIAN MOUND,DR,,,COMMONWEALTH,,,,,38.06734168,-83.95550432,0.717,12/8/2021,1115,3,3,0,2,CLEAR,DRY,FALSE,OPPOSING LEFT TURN,OPPOSING LEFT TURN,STRAIGHT & LEVEL,DAYLIGHT,,,44540.03991,FALSE,154,Accepted,5,4,C,,"FAILED TO YIELD RIGHT OF WAY, INATTENTION",
29410949,0870000,MONTGOMERY CTY SHERIFF DEPT,Accepted,MONTGOMERY,KY0213,,KY213,,,,,,,,,37.93401297,-83.86520629,2.172,12/7/2021,631,2,2,0,0,CLEAR,DRY,TRUE,SIDESWIPE COLLISION - OPPOSITE DIRECTION,SIDESWIPE-OPPOSITE DIRECTION,CURVE & HILLCREST,DAWN,,,44540.59136,FALSE,275,Accepted,5,5,O,,OTHER,OTHER
29410951,0870000,MONTGOMERY CTY SHERIFF DEPT,Accepted,MONTGOMERY,US0060,,OWINGSVILLE,RD,,,,,,,,38.11541926,-83.88644581,10.77,11/25/2021,1847,1,1,0,0,CLOUDY,WET,FALSE,RAN OFF ROADWAY (1 VEHICLE WITH/EARTH EMBANKMENT/DITCH),SINGLE VEHICLE,STRAIGHT & LEVEL,DARK-HWY NOT LIGHTED,,,44540.59146,FALSE,238,Accepted,5,5,O,SLIPPERY SURFACE,TOO FAST FOR CONDITIONS,
29410952,0870000,MONTGOMERY CTY SHERIFF DEPT,Accepted,MONTGOMERY,US0460,,MAIN,ST,,,,,,,,37.97724797,-83.85372712,17.276,12/4/2021,2223,2,2,0,2,CLEAR,DRY,FALSE,1 VEHICLE ENTERING/LEAVING ENTRANCE,ANGLE,STRAIGHT & LEVEL,DARK-HWY NOT LIGHTED,,,44540.59153,FALSE,246,Accepted,4,4,C,,"ALCOHOL INVOLVEMENT, NOT UNDER PROPER CONTROL",
29412313,0870100,MT. STERLING POLICE DEPARTMENT,Accepted,MONTGOMERY,KY0686,,INDIAN MOUND,DR,,,,,,,,38.05666,-83.95619109,1.451,12/9/2021,1612,2,2,0,0,CLEAR,DRY,FALSE,1 VEHICLE ENTERING/LEAVING ENTRANCE,ANGLE,STRAIGHT & LEVEL,DAYLIGHT,,,44540.91356,FALSE,157,Accepted,5,5,O,,OTHER,
29427212,0870100,MT. STERLING POLICE DEPARTMENT,Accepted,MONTGOMERY,,,EVANS,AVE,,,,,,,,38.07597438,-83.95101753,,12/3/2021,1420,2,2,0,0,CLEAR,DRY,FALSE,1 VEHICLE ENTERING/LEAVING ENTRANCE,ANGLE,STRAIGHT & LEVEL,DAYLIGHT,,,44543.6353,FALSE,149,Accepted,5,5,O,,MISJUDGE CLEARANCE,
29466990,KSP0800,"KY STATE POLICE, POST 08",Accepted,MONTGOMERY,KY0686,,INDIAN MOUND,DR,,,,,,,,38.06237175,-83.91380963,5.421,12/14/2021,1355,1,1,0,0,CLEAR,DRY,FALSE,COLLISION WITH ANIMAL NON INTERSECTION,SINGLE VEHICLE,STRAIGHT & LEVEL,DAYLIGHT,,,44545.37124,FALSE,902,Accepted,5,5,O,ANIMALS ACTION,,
29467883,0870100,MT. STERLING POLICE DEPARTMENT,Accepted,MONTGOMERY,,501,MAYSVILLE,,N,,,,,,,38.06810662,-83.94585948,,12/3/2021,1408,2,2,0,0,CLEAR,DRY,FALSE,1 VEHICLE PARKED POSITION (NOT PARKING LOT/DRIVEWAY),BACKING,STRAIGHT & LEVEL,DAYLIGHT,,,44545.57748,FALSE,153,Accepted,5,5,O,,OTHER,
29467884,0870100,MT. STERLING POLICE DEPARTMENT,Accepted,MONTGOMERY,,,EVANS,AVE,,,,,,,,38.0754882,-83.95259096,0.23,12/9/2021,1802,2,2,0,0,CLEAR,DRY,FALSE,OTHER ROADWAY OR MID-BLOCK COLLISION,REAR END,STRAIGHT & LEVEL,DARK-HWY LIGHTED/ON,,,44545.57755,FALSE,157,Accepted,5,5,O,,"INATTENTION, MISJUDGE CLEARANCE",
29467887,0870100,MT. STERLING POLICE DEPARTMENT,Accepted,MONTGOMERY,,108,MAIN,,E,,,,,,,38.05679489,-83.94042538,,12/14/2021,1314,2,2,0,0,CLEAR,DRY,FALSE,REAR END IN TRAFFIC LANES BOTH VEHICLES MOVING,REAR END,STRAIGHT & LEVEL,DAYLIGHT,,,44545.57765,FALSE,153,Accepted,5,5,O,,FOLLOWING TOO CLOSE,
29471210,0870000,MONTGOMERY CTY SHERIFF DEPT,Accepted,MONTGOMERY,,1825,FOGG,PIKE,,,,,,,,38.03248205,-83.97219466,1.662,12/12/2021,2218,2,2,0,0,CLEAR,DRY,FALSE,1 VEHICLE PARKED POSITION (NOT PARKING LOT/DRIVEWAY),ANGLE,STRAIGHT & LEVEL,DARK-HWY NOT LIGHTED,,,44546.40647,FALSE,245,Accepted,5,5,O,,"DISTRACTION, FAILED TO KEEP PROPER LANE",
29471212,0870000,MONTGOMERY CTY SHERIFF DEPT,Accepted,MONTGOMERY,,,PREWITT,PIKE,,,,,,,,38.04741093,-83.97659523,0.137,12/9/2021,1409,2,2,0,0,CLEAR,DRY,FALSE,1 VEHICLE PARKED POSITION (NOT PARKING LOT/DRIVEWAY),BACKING,STRAIGHT & LEVEL,DAYLIGHT,,,44546.40657,FALSE,241,Accepted,5,5,O,,IMPROPER BACKING,
29471213,0870000,MONTGOMERY CTY SHERIFF DEPT,Accepted,MONTGOMERY,US0060,,WINCHESTER,RD,,,BENT BROOK,,,,,38.04442166,-83.99387611,2.09,12/10/2021,1239,2,2,0,1,CLEAR,DRY,FALSE,OTHER INTERSECTION COLLISIONS,REAR END,STRAIGHT & HILLCREST,DAYLIGHT,,,44546.40664,FALSE,241,Accepted,5,4,C,,INATTENTION,
29475014,0870000,MONTGOMERY CTY SHERIFF DEPT,Accepted,MONTGOMERY,US0460,,MAIN,ST,,,,,,,,37.96319182,-83.80132552,20.291,12/13/2021,1516,2,2,0,2,CLEAR,DRY,FALSE,REAR END IN TRAFFIC LANES BOTH VEHICLES MOVING,REAR END,STRAIGHT & GRADE,DAYLIGHT,,,44547.37691,FALSE,228,Accepted,5,4,C,,,
29475015,0870000,MONTGOMERY CTY SHERIFF DEPT,Accepted,MONTGOMERY,KY0686,,INDIAN MOUND,DR,,,OLD OWINGSVILLE,,,,,38.07149636,-83.91677767,6.083,12/12/2021,1535,2,2,0,0,CLEAR,DRY,FALSE,OTHER INTERSECTION COLLISIONS,REAR END,STRAIGHT & LEVEL,DAYLIGHT,,,44547.37696,FALSE,275,Accepted,5,5,O,,"DISTRACTION, INATTENTION, NOT UNDER PROPER CONTROL",
29477251,0870100,MT. STERLING POLICE DEPARTMENT,Accepted,MONTGOMERY,US0460,,MAYSVILLE,ST,N,,,,,,,38.06980898,-83.94665115,8.596,12/16/2021,1611,3,3,0,0,RAINING,WET,FALSE,OTHER ROADWAY OR MID-BLOCK COLLISION,REAR END,STRAIGHT & GRADE,DAYLIGHT,,,44547.92693,FALSE,139,Accepted,5,5,O,SLIPPERY SURFACE,"INATTENTION, TOO FAST FOR CONDITIONS",
29486706,0870100,MT. STERLING POLICE DEPARTMENT,Accepted,MONTGOMERY,,,HIGH,ST,E,US0060,MAIN,,,,,38.05958661,-83.93340505,0.513,12/20/2021,1921,2,2,0,0,CLEAR,DRY,FALSE,ANGLE COLLISION - ONE VEHICLE TURNING LEFT,ANGLE,STRAIGHT & LEVEL,DARK-HWY LIGHTED/ON,,,44551.04481,FALSE,157,Accepted,5,5,O,,INATTENTION,
29486707,0870100,MT. STERLING POLICE DEPARTMENT,Accepted,MONTGOMERY,,,QUEEN,ST,N,,STROTHER,,,,,38.06245816,-83.94099965,0.381,12/20/2021,2020,1,1,0,0,CLEAR,DRY,FALSE,NON-COLLISION OBJECT COLLISION,SINGLE VEHICLE,STRAIGHT & GRADE,DARK-HWY LIGHTED/ON,,,44551.04486,FALSE,157,Accepted,5,5,O,,,BRAKES DEFECTIVE
29490785,0870100,MT. STERLING POLICE DEPARTMENT,Accepted,MONTGOMERY,,,HINKSTON,PIKE,,,SPRING COURT ,,,,,38.06553765,-83.943873,,12/20/2021,1400,2,2,0,0,CLEAR,DRY,TRUE,OPPOSITE DIRECTION - BOTH VEHICLES GOING STRAIGHT AHEAD,SIDESWIPE-OPPOSITE DIRECTION,CURVE & LEVEL,DAYLIGHT,,,44552.04269,FALSE,153,Accepted,5,5,O,,,
29490786,0870100,MT. STERLING POLICE DEPARTMENT,Accepted,MONTGOMERY,,,WINGTIP,WAY,,,,,,,,38.07502408,-83.94819882,0.06,12/17/2021,1920,2,2,0,0,RAINING,WET,FALSE,1 VEHICLE ENTERING/LEAVING ENTRANCE,ANGLE,STRAIGHT & LEVEL,DARK-HWY LIGHTED/ON,,,44552.04278,FALSE,156,Accepted,5,5,O,,INATTENTION,
29490787,0870100,MT. STERLING POLICE DEPARTMENT,Accepted,MONTGOMERY,KY0686,,INDIAN MOUND,DR,,US0060,MAIN,,,,,38.05378396,-83.95625081,1.661,12/21/2021,1923,2,2,0,0,CLEAR,DRY,TRUE,OTHER INTERSECTION COLLISIONS,REAR END,STRAIGHT & LEVEL,DARK-HWY LIGHTED/ON,,,44552.04284,FALSE,157,Accepted,5,5,O,,WEAVING IN TRAFFIC,
29494143,0870100,MT. STERLING POLICE DEPARTMENT,Accepted,MONTGOMERY,US0460,,MAYSVILLE,ST,N,,,,,,,38.0734696,-83.94810617,8.334,12/12/2021,1447,1,1,0,0,CLEAR,DRY,FALSE,COLLISION WITH FIXED OBJECT NON - INTERSECTION - FIRST EVENT COLLISION 09 - 32 EXCLUDING 16,SINGLE VEHICLE,STRAIGHT & LEVEL,DAYLIGHT,,,44552.8865,FALSE,155,Accepted,5,5,O,,PHYSICAL DISABILITY,
29494144,0870100,MT. STERLING POLICE DEPARTMENT,Accepted,MONTGOMERY,KY0686,520,INDIAN MOUND,DR,,,,,,,,38.06781147,-83.95515484,0.687,12/20/2021,1237,2,2,0,0,BLOWING SAND/SOIL/DIRT/SNOW,DRY,FALSE,SIDESWIPE COLLISION - SAME DIRECTION,SIDESWIPE-SAME DIRECTION,STRAIGHT & LEVEL,DAYLIGHT,,,44552.88656,FALSE,155,Accepted,5,5,O,,INATTENTION,
29497396,0870100,MT. STERLING POLICE DEPARTMENT,Accepted,MONTGOMERY,US0460,,MAYSVILLE,ST,N,,,,,,,38.07409555,-83.94816754,8.278,12/23/2021,1044,2,2,0,0,CLEAR,DRY,FALSE,OTHER ROADWAY OR MID-BLOCK COLLISION,REAR END,STRAIGHT & LEVEL,DAYLIGHT,,,44553.90497,FALSE,156,Accepted,5,5,O,,NOT UNDER PROPER CONTROL,
29498758,0870000,MONTGOMERY CTY SHERIFF DEPT,Accepted,MONTGOMERY,US0460,,PARIS,RD,,,,,,,,38.10072587,-84.00866601,3.857,12/17/2021,1701,1,1,0,0,RAINING,WET,FALSE,RAN OFF ROADWAY (1 VEHICLE WITH/EARTH EMBANKMENT/DITCH),SINGLE VEHICLE,CURVE & LEVEL,DAYLIGHT,,,44554.50349,FALSE,246,Accepted,5,5,O,SLIPPERY SURFACE,OVERCORRECTING/OVERSTEERING,
29498762,0870000,MONTGOMERY CTY SHERIFF DEPT,Accepted,MONTGOMERY,US0460,2603,PARIS,RD,,,,,,,,38.10000549,-84.00780269,3.922,12/18/2021,1634,1,1,0,0,RAINING,WET,FALSE,RAN OFF ROADWAY (1 VEHICLE WITH/EARTH EMBANKMENT/DITCH),SINGLE VEHICLE,CURVE & LEVEL,DAYLIGHT,,,44554.50365,FALSE,246,Accepted,5,5,O,SLIPPERY SURFACE,OVERCORRECTING/OVERSTEERING,
29498763,0870000,MONTGOMERY CTY SHERIFF DEPT,Accepted,MONTGOMERY,KY0011,,LEVEE,RD,,,JACANA,,,,,38.03585083,-83.95006915,8.89,12/18/2021,1703,1,1,0,0,CLOUDY,WET,FALSE,COLLISION WITH FIXED OBJECT IN INTERSECTION - FIRST EVENT COLLISION 09 - 32,SINGLE VEHICLE,STRAIGHT & LEVEL,DUSK,,,44554.5037,FALSE,249,Accepted,5,5,O,,OVERCORRECTING/OVERSTEERING,
29498764,0870000,MONTGOMERY CTY SHERIFF DEPT,Accepted,MONTGOMERY,US0060,,WINCHESTER,RD,,,,,,,,38.03386005,-84.01859317,0.479,12/18/2021,2335,1,1,0,1,CLOUDY,WET,FALSE,RAN OFF ROADWAY (1 VEHICLE WITH/EARTH EMBANKMENT/DITCH),SINGLE VEHICLE,STRAIGHT & LEVEL,DARK-HWY NOT LIGHTED,,,44554.50375,FALSE,249,Accepted,2,2,A,WATER POOLING,OVERCORRECTING/OVERSTEERING,
29498765,0870000,MONTGOMERY CTY SHERIFF DEPT,Accepted,MONTGOMERY,KY0213,,KY213,,,,,,,,,37.93505585,-83.86486341,2.246,12/17/2021,1256,1,1,0,0,CLOUDY,WET,FALSE,RAN OFF ROADWAY (1 VEHICLE WITH/EARTH EMBANKMENT/DITCH),SINGLE VEHICLE,STRAIGHT & HILLCREST,DAYLIGHT,,,44554.50379,FALSE,275,Accepted,5,5,O,SLIPPERY SURFACE,"NOT UNDER PROPER CONTROL, TOO FAST FOR CONDITIONS",
29498769,0870000,MONTGOMERY CTY SHERIFF DEPT,Accepted,MONTGOMERY,US0060,,OWINGSVILLE,RD,,,,,,,,38.08155553,-83.90374205,8.094,12/22/2021,802,1,1,0,0,CLEAR,DRY,FALSE,COLLISION WITH FIXED OBJECT NON - INTERSECTION - FIRST EVENT COLLISION 09 - 32 EXCLUDING 16,SINGLE VEHICLE,CURVE & GRADE,DAYLIGHT,,,44554.50932,FALSE,228,Accepted,5,5,O,,,
29500731,0870100,MT. STERLING POLICE DEPARTMENT,Accepted,MONTGOMERY,US0460,,CAMARGO,RD,,,,,,,,38.04132279,-83.93407736,10.744,12/21/2021,1346,3,3,0,3,CLEAR,DRY,FALSE,REAR END IN TRAFFIC LANES BOTH VEHICLES MOVING,REAR END,STRAIGHT & LEVEL,DAYLIGHT,,,44555.87465,FALSE,152,Accepted,4,4,C,,,BRAKES DEFECTIVE
29508795,0870000,MONTGOMERY CTY SHERIFF DEPT,Accepted,MONTGOMERY,KY0686,,INDIAN MOUND,DR,,,,,,,,38.06599144,-83.95544614,0.815,12/23/2021,2149,1,1,0,0,CLEAR,DRY,FALSE,COLLISION WITH ANIMAL NON INTERSECTION,SINGLE VEHICLE,STRAIGHT & LEVEL,DARK-HWY NOT LIGHTED,,,44558.38747,FALSE,246,Accepted,5,5,O,ANIMALS ACTION,,
29508797,0870000,MONTGOMERY CTY SHERIFF DEPT,Accepted,MONTGOMERY,US0460,4310,CAMARGO,RD,,,,,,,,37.99476668,-83.8895174,14.929,12/17/2021,2215,2,2,0,0,RAINING,WET,FALSE,OTHER ROADWAY OR MID-BLOCK COLLISION,OPPOSING LEFT TURN,STRAIGHT & LEVEL,DARK-HWY LIGHTED/ON,,,44558.38754,FALSE,246,Accepted,5,5,O,,INATTENTION,
29508801,0870000,MONTGOMERY CTY SHERIFF DEPT,Accepted,MONTGOMERY,US0060,3571,OWINGSVILLE,RD,,,,,,,,38.10000868,-83.89759313,9.465,12/23/2021,1624,1,1,0,1,CLEAR,DRY,FALSE,OTHER ROADWAY OR MID-BLOCK COLLISION,SINGLE VEHICLE,STRAIGHT & LEVEL,DAYLIGHT,,,44558.38775,FALSE,246,Accepted,5,4,C,,,OTHER
29508804,0870000,MONTGOMERY CTY SHERIFF DEPT,Accepted,MONTGOMERY,,,SCIENCE RIDGE,RD,,,,,,,,37.97133969,-83.81833057,0.299,12/26/2021,1348,1,1,0,0,CLEAR,DRY,FALSE,RAN OFF ROADWAY (1 VEHICLE WITH/EARTH EMBANKMENT/DITCH),SINGLE VEHICLE,STRAIGHT & LEVEL,DAYLIGHT,,,44558.38788,FALSE,228,Accepted,5,5,O,,,
29514000,0870100,MT. STERLING POLICE DEPARTMENT,Accepted,MONTGOMERY,US0060,,MAIN,ST,W,,BANK,,,,,38.05614982,-83.9432944,5.056,12/28/2021,756,2,2,0,0,CLOUDY,DRY,FALSE,ANGLE COLLISION - OTHER,ANGLE,STRAIGHT & GRADE,DAYLIGHT,,,44559.72843,FALSE,128,Accepted,5,5,O,,INATTENTION,
29514003,0870100,MT. STERLING POLICE DEPARTMENT,Accepted,MONTGOMERY,KY0686,810,INDIAN MOUND,DR,,,,,,,,38.06001858,-83.95573651,1.226,11/30/2021,1746,2,2,0,0,CLEAR,DRY,FALSE,SIDESWIPE COLLISION - SAME DIRECTION,SIDESWIPE-SAME DIRECTION,STRAIGHT & LEVEL,DARK-HWY LIGHTED/ON,,,44559.72858,FALSE,110,Accepted,5,5,O,,INATTENTION,
29514004,0870100,MT. STERLING POLICE DEPARTMENT,Accepted,MONTGOMERY,,,RICHMOND,AVE,,,ESTILL TERACE,,,,,38.04811317,-83.9483884,0.468,12/23/2021,1905,2,2,0,0,CLEAR,DRY,FALSE,ANGLE COLLISION - OTHER,ANGLE,STRAIGHT & LEVEL,DARK-HWY NOT LIGHTED,,,44559.72868,FALSE,110,Accepted,5,5,O,,DISREGARD TRAFFIC CONTROL,
29519155,0870000,MONTGOMERY CTY SHERIFF DEPT,Accepted,MONTGOMERY,,1887,FOGG,PIKE,,,,,,,,38.03228509,-83.97311569,1.712,12/29/2021,2122,1,1,0,0,RAINING,WET,FALSE,RAN OFF ROADWAY (1 VEHICLE WITH/EARTH EMBANKMENT/DITCH),SINGLE VEHICLE,CURVE & LEVEL,DARK-HWY NOT LIGHTED,,,44561.44448,FALSE,238,Accepted,5,5,O,,"INATTENTION, NOT UNDER PROPER CONTROL",
29519156,0870000,MONTGOMERY CTY SHERIFF DEPT,Accepted,MONTGOMERY,KY0713,8953,SPENCER,PIKE,,,,,,,,38.02253695,-83.78926999,15.908,12/1/2021,2037,1,1,0,0,CLEAR,DRY,TRUE,RAN OFF ROADWAY (1 VEHICLE WITH/EARTH EMBANKMENT/DITCH),SINGLE VEHICLE,STRAIGHT & LEVEL,DARK-HWY NOT LIGHTED,,,44561.44453,FALSE,238,Accepted,5,5,O,,ALCOHOL INVOLVEMENT,
29519157,0870000,MONTGOMERY CTY SHERIFF DEPT,Accepted,MONTGOMERY,,1599,WELCH,RD,,,,,,,,37.96640028,-83.86378773,0.377,12/9/2021,1756,2,2,0,0,CLEAR,DRY,TRUE,1 VEHICLE ENTERING OR LEAVING PARKED POSITION (NOT PARKING LOT),SIDESWIPE-OPPOSITE DIRECTION,STRAIGHT & LEVEL,DUSK,,,44561.4446,FALSE,238,Accepted,5,5,O,,NOT UNDER PROPER CONTROL,
29522498,0870100,MT. STERLING POLICE DEPARTMENT,Accepted,MONTGOMERY,,,HIGH,ST,E,,QUEEN,,,,,38.0582291,-83.93953088,0.167,12/31/2021,2301,2,2,0,0,RAINING,WET,FALSE,OTHER INTERSECTION COLLISIONS,REAR END,STRAIGHT & LEVEL,DARK-HWY LIGHTED/ON,,,44562.89228,FALSE,157,Accepted,5,5,O,,ALCOHOL INVOLVEMENT,
29524829,0870100,MT. STERLING POLICE DEPARTMENT,Accepted,MONTGOMERY,KY0686,,INDIAN MOUND,DR,,KY0713,HIGH,,,,,38.0580687,-83.95607353,1.362,1/2/2022,1030,2,2,0,0,RAINING,WET,FALSE,ANGLE COLLISION - OTHER,ANGLE,STRAIGHT & LEVEL,DAYLIGHT,,,44563.90268,FALSE,128,Accepted,5,5,O,,INATTENTION,
29524831,0870100,MT. STERLING POLICE DEPARTMENT,Accepted,MONTGOMERY,US0460,,MAYSVILLE,RD,,,,,,,,38.08020241,-83.94961914,7.852,1/1/2022,1448,2,2,0,0,RAINING,WET,FALSE,OTHER ROADWAY OR MID-BLOCK COLLISION,REAR END,STRAIGHT & LEVEL,DAYLIGHT,,,44563.90279,FALSE,156,Accepted,5,5,O,SLIPPERY SURFACE,INATTENTION,
29524832,0870100,MT. STERLING POLICE DEPARTMENT,Accepted,MONTGOMERY,KY0686,,INDIAN MOUND,DR,,,,,,,,38.04192504,-83.93441948,3.494,1/1/2022,1753,2,2,0,0,RAINING,WET,FALSE,REAR END IN TRAFFIC LANES BOTH VEHICLES MOVING,REAR END,STRAIGHT & GRADE,DARK-HWY LIGHTED/ON,,,44563.90283,FALSE,139,Accepted,5,5,O,,INATTENTION,