IncidentID,AgencyORI,AgencyName,IncidentStatusDesc,County,RdwyNumber,Street,RoadwayName,StreetSfx,StreetDir,IntersectionRdwy,IntersectionRdwyName,BetweenStRdwy1,BetweenStRdwyName1,BetweenStRdwy2,BetweenStRdwyName2,Latitude,Longitude,Milepoint,CollisionDate,CollisionTime,UnitsInvolved,MotorVehiclesInvolved,NumberKilled,NumberInjured,Weather,RdwyConditionCode,HitandRun,DirAnalysisCode,MannerofCollision,RdwyCharacter,LightCondition,RampFromRdwyId,RampToRdwyId,AcceptedDate,IsSecondaryCollision,OwnerBadge,IncidentStatus,InjurySeverityCde,KABCO Code,KABCO,Environmental_Factors,Human_Factors,Vehicular_Factors
29528090,0870000,MONTGOMERY CTY SHERIFF DEPT,Accepted,MONTGOMERY,US0060,,WINCHESTER,RD,,,WADES MILL,,,,,38.0314986,-84.02544994,0.064,12/31/2021,1106,2,2,0,0,CLOUDY,DRY,FALSE,ANGLE COLLISION - OTHER,ANGLE,STRAIGHT & LEVEL,DAYLIGHT,,,44564.50538,FALSE,275,Accepted,5,5,O,,"INATTENTION, MISJUDGE CLEARANCE",
29528094,0870000,MONTGOMERY CTY SHERIFF DEPT,Accepted,MONTGOMERY,KY1331,,OLD OWINGSVILLE,RD,,,,,,,,38.08292244,-83.90137176,0.006,12/23/2021,1755,2,2,0,0,CLEAR,DRY,FALSE,SIDESWIPE COLLISION - OPPOSITE DIRECTION,SIDESWIPE-OPPOSITE DIRECTION,STRAIGHT & LEVEL,DARK-HWY LIGHTED/ON,,,44564.50553,FALSE,238,Accepted,5,5,O,,MISJUDGE CLEARANCE,
29544592,0870100,MT. STERLING POLICE DEPARTMENT,Accepted,MONTGOMERY,US0060,,MAIN,ST,W,US0460,BANK,,,,,38.0560282,-83.94352274,5.043,1/6/2022,1151,2,2,0,0,SNOWING,SNOW/SLUSH,FALSE,COLLISION WITH PARKED VEHICLE,ANGLE,STRAIGHT & LEVEL,DAYLIGHT,,,44568.9656,FALSE,154,Accepted,5,5,O,SLIPPERY SURFACE,,
29544593,0870100,MT. STERLING POLICE DEPARTMENT,Accepted,MONTGOMERY,US0060,,OWINGSVILLE,RD,,,,,,,,38.07090782,-83.92835014,6.576,1/6/2022,1407,1,1,0,0,SNOWING,SNOW/SLUSH,FALSE,COLLISION WITH FIXED OBJECT NON - INTERSECTION - FIRST EVENT COLLISION 09 - 32 EXCLUDING 16,SINGLE VEHICLE,STRAIGHT & LEVEL,DAYLIGHT,,,44568.96566,FALSE,154,Accepted,5,5,O,SLIPPERY SURFACE,,
29544594,0870100,MT. STERLING POLICE DEPARTMENT,Accepted,MONTGOMERY,,,WHITE,AVE,,,REID,,,,,38.05470708,-83.95086153,0.019,1/7/2022,2055,2,2,0,0,SNOWING,ICE,FALSE,COLLISION WITH PARKED VEHICLE,BACKING,STRAIGHT & GRADE,DARK-HWY LIGHTED/ON,,,44568.96571,FALSE,157,Accepted,5,5,O,SLIPPERY SURFACE,INATTENTION,
29548729,0870100,MT. STERLING POLICE DEPARTMENT,Accepted,MONTGOMERY,US0460,,MAYSVILLE,ST,N,,,,,,,38.06037691,-83.9434474,9.288,1/9/2022,1707,1,1,0,0,CLOUDY,WET,FALSE,COLLISION WITH FIXED OBJECT NON - INTERSECTION - FIRST EVENT COLLISION 09 - 32 EXCLUDING 16,SINGLE VEHICLE,STRAIGHT & GRADE,DAYLIGHT,,,44571.05055,FALSE,139,Accepted,5,5,O,OTHER,,
29549899,KSP0800,"KY STATE POLICE, POST 08",Accepted,MONTGOMERY,KY0011,,LEVEE,RD,,,,,,,,37.97619278,-83.93782974,4.496,1/6/2022,1310,2,2,0,0,SNOWING,ICE,FALSE,OTHER COLLISIONS ON SHOULDER,SIDESWIPE-SAME DIRECTION,STRAIGHT & GRADE,DAYLIGHT,,,44571.4144,FALSE,470,Accepted,5,5,O,SLIPPERY SURFACE,,
29555851,0870100,MT. STERLING POLICE DEPARTMENT,Accepted,MONTGOMERY,US0460,,MAYSVILLE,ST,N,,HIGH,,,,,38.05641896,-83.94204974,9.513,1/9/2022,1956,2,2,0,0,CLOUDY,WET,FALSE,ANGLE COLLISION - OTHER,ANGLE,STRAIGHT & GRADE,DARK-HWY LIGHTED/ON,,,44571.61643,FALSE,157,Accepted,5,5,O,,INATTENTION,
29566013,0870000,MONTGOMERY CTY SHERIFF DEPT,Accepted,MONTGOMERY,,,FOXGLOVE,DR,,,,,,,,38.06551883,-83.95652688,0.057,1/4/2022,1400,2,2,0,0,CLEAR,DRY,FALSE,1 VEHICLE PARKED POSITION (NOT PARKING LOT/DRIVEWAY),SIDESWIPE-SAME DIRECTION,STRAIGHT & LEVEL,DAYLIGHT,,,44571.82922,FALSE,228,Accepted,5,5,O,,MISJUDGE CLEARANCE,
29577593,0870000,MONTGOMERY CTY SHERIFF DEPT,Accepted,MONTGOMERY,US0460,,CAMARGO,RD,,,,,,,,38.00508488,-83.90305203,13.829,1/5/2022,1714,2,2,0,0,CLEAR,DRY,FALSE,REAR END IN TRAFFIC LANES BOTH VEHICLES MOVING,REAR END,STRAIGHT & LEVEL,DAYLIGHT,,,44573.554,FALSE,246,Accepted,5,5,O,,INATTENTION,
29577594,0870000,MONTGOMERY CTY SHERIFF DEPT,Accepted,MONTGOMERY,KY0686,,INDIAN MOUND,DR,,,,,,,,38.04399494,-83.92811968,3.877,1/5/2022,2116,1,1,0,3,CLEAR,DRY,FALSE,RAN OFF ROADWAY (1 VEHICLE WITH/EARTH EMBANKMENT/DITCH),SINGLE VEHICLE,STRAIGHT & LEVEL,DARK-HWY NOT LIGHTED,,,44573.55406,FALSE,246,Accepted,5,2,A,,"FAILED TO KEEP PROPER LANE, INATTENTION",
29577600,0870000,MONTGOMERY CTY SHERIFF DEPT,Accepted,MONTGOMERY,KY0713,,GRASSY LICK,RD,,KY0686,INDIAN MOUND,,,,,38.05805415,-83.95610385,5.786,1/8/2022,1105,2,2,0,0,CLEAR,SNOW/SLUSH,FALSE,ANGLE COLLISION - OTHER,ANGLE,STRAIGHT & LEVEL,DAYLIGHT,,,44573.55428,FALSE,275,Accepted,5,5,O,,"DISREGARD TRAFFIC CONTROL, INATTENTION, NOT UNDER PROPER CONTROL",
29577601,0870000,MONTGOMERY CTY SHERIFF DEPT,Accepted,MONTGOMERY,KY0686,,INDIAN MOUND,DR,,,,,,,,38.05784504,-83.95591344,1.35,1/6/2022,1010,2,2,0,0,CLEAR,DRY,FALSE,REAR END IN TRAFFIC LANES BOTH VEHICLES MOVING,REAR END,STRAIGHT & LEVEL,DAYLIGHT,,,44573.55433,FALSE,241,Accepted,5,5,O,,INATTENTION,
29577606,0870000,MONTGOMERY CTY SHERIFF DEPT,Accepted,MONTGOMERY,KY0713,,SPENCER,PIKE,,,,,,,,38.03055959,-83.86496167,11.287,1/8/2022,1444,1,1,0,0,CLEAR,SNOW/SLUSH,FALSE,COLLISION WITH FIXED OBJECT NON - INTERSECTION - FIRST EVENT COLLISION 09 - 32 EXCLUDING 16,SINGLE VEHICLE,STRAIGHT & LEVEL,DAYLIGHT,,,44573.55469,FALSE,241,Accepted,5,5,O,SLIPPERY SURFACE,,
29577607,0870000,MONTGOMERY CTY SHERIFF DEPT,Accepted,MONTGOMERY,KY0646,,KIDDVILLE,RD,,,,,,,,37.99882106,-83.96751497,10.409,1/8/2022,1420,1,1,0,0,CLEAR,SNOW/SLUSH,FALSE,COLLISION WITH FIXED OBJECT NON - INTERSECTION - FIRST EVENT COLLISION 09 - 32 EXCLUDING 16,SINGLE VEHICLE,STRAIGHT & LEVEL,DAYLIGHT,,,44573.55474,FALSE,275,Accepted,5,5,O,SLIPPERY SURFACE,,
29577608,0870000,MONTGOMERY CTY SHERIFF DEPT,Accepted,MONTGOMERY,,5520,DONALDSON,RD,,,,,,,,38.08400728,-84.03837081,1.062,1/6/2022,115,1,1,0,0,CLOUDY,DRY,FALSE,COLLISION WITH ANIMAL NON INTERSECTION,SINGLE VEHICLE,STRAIGHT & LEVEL,DARK-HWY NOT LIGHTED,,,44573.5548,FALSE,231,Accepted,5,5,O,ANIMALS ACTION,"NOT UNDER PROPER CONTROL, OVERCORRECTING/OVERSTEERING",
29577645,0870000,MONTGOMERY CTY SHERIFF DEPT,Accepted,MONTGOMERY,,660,FOGG,PIKE,,,,,,,,38.04130853,-83.95894908,0.611,1/6/2022,1926,2,2,0,0,SNOWING,SNOW/SLUSH,FALSE,SIDESWIPE COLLISION - OPPOSITE DIRECTION,SIDESWIPE-OPPOSITE DIRECTION,STRAIGHT & HILLCREST,DARK-HWY NOT LIGHTED,,,44573.55997,FALSE,246,Accepted,5,5,O,SLIPPERY SURFACE,MISJUDGE CLEARANCE,
29578342,0870100,MT. STERLING POLICE DEPARTMENT,Accepted,MONTGOMERY,,,ST ANDREWS,DR,,,,,,,,38.09074512,-83.94506875,0.066,1/12/2022,748,2,2,0,0,CLEAR,DRY,FALSE,1 VEHICLE PARKED POSITION (NOT PARKING LOT/DRIVEWAY),BACKING,STRAIGHT & LEVEL,DAYLIGHT,,,44573.66726,FALSE,149,Accepted,5,5,O,,INATTENTION,
29578349,0870100,MT. STERLING POLICE DEPARTMENT,Accepted,MONTGOMERY,US0460,,MAYSVILLE,ST,N,,,,,,,38.07786991,-83.94942128,8.112,1/11/2022,949,2,2,0,0,CLEAR,DRY,FALSE,1 VEHICLE ENTERING/LEAVING ENTRANCE,ANGLE,STRAIGHT & LEVEL,DAYLIGHT,,,44573.66742,FALSE,149,Accepted,5,5,O,,,
29579948,0870100,MT. STERLING POLICE DEPARTMENT,Accepted,MONTGOMERY,US0060,,MAIN,ST,W,,,,,,,38.05403645,-83.95452149,4.421,1/10/2022,1903,2,2,0,0,CLEAR,DRY,FALSE,1 VEHICLE ENTERING/LEAVING ENTRANCE,ANGLE,STRAIGHT & LEVEL,DARK-HWY LIGHTED/ON,,,44574.03841,FALSE,152,Accepted,5,5,O,,,
29584067,0870100,MT. STERLING POLICE DEPARTMENT,Accepted,MONTGOMERY,,,HIGH,ST,W,,BANK,,,,,38.05727102,-83.94376997,0.257,1/13/2021,1712,2,2,0,0,CLEAR,DRY,FALSE,ANGLE COLLISION - OTHER,ANGLE,STRAIGHT & LEVEL,DAYLIGHT,,,44574.87775,FALSE,156,Accepted,5,5,O,,INATTENTION,
29593043,0870100,MT. STERLING POLICE DEPARTMENT,Accepted,MONTGOMERY,KY0713,,LOCUST,ST,E,,,,,,,38.05643142,-83.93664196,6.581,1/15/2022,2220,1,1,0,0,CLEAR,DRY,FALSE,COLLISION WITH FIXED OBJECT NON - INTERSECTION - FIRST EVENT COLLISION 09 - 32 EXCLUDING 16,SINGLE VEHICLE,STRAIGHT & LEVEL,DARK-HWY LIGHTED/ON,,,44577.85667,FALSE,152,Accepted,5,5,O,,NOT UNDER PROPER CONTROL,
29593045,0870100,MT. STERLING POLICE DEPARTMENT,Accepted,MONTGOMERY,KY0713,,HIGH,ST,W,,,,,,,38.05712439,-83.94875457,6.203,1/6/2022,1145,2,2,0,0,SNOWING,ICE,FALSE,REAR END IN TRAFFIC LANES BOTH VEHICLES MOVING,REAR END,STRAIGHT & GRADE,DAYLIGHT,,,44577.85678,FALSE,149,Accepted,5,5,O,SLIPPERY SURFACE,,
29595399,0870100,MT. STERLING POLICE DEPARTMENT,Accepted,MONTGOMERY,KY0686,,INDIAN MOUND,DR,,,,,,,,38.04827137,-83.95633213,1.941,1/17/2022,1517,1,1,0,0,CLOUDY,SNOW/SLUSH,FALSE,OTHER ROADWAY OR MID-BLOCK COLLISION,SINGLE VEHICLE,STRAIGHT & LEVEL,DAYLIGHT,,,44578.67854,FALSE,154,Accepted,5,5,O,SLIPPERY SURFACE,INATTENTION,
29596431,0870100,MT. STERLING POLICE DEPARTMENT,Accepted,MONTGOMERY,US0460,,MAYSVILLE,RD,,,,,STONE TRACE,I 0064,I64 W EXIT110 ON RAMP FROM US460,38.07932925,-83.94968836,7.912,1/15/2022,1525,2,2,0,0,CLEAR,DRY,FALSE,,REAR END,STRAIGHT & LEVEL,DAYLIGHT,,,44579.05798,FALSE,121,Accepted,5,5,O,,"CELL PHONE, INATTENTION",
29604701,0870100,MT. STERLING POLICE DEPARTMENT,Accepted,MONTGOMERY,KY0686,,INDIAN MOUND,DR,,,,,,,,38.05987313,-83.95567934,1.236,1/19/2022,1532,2,2,0,2,RAINING,WET,FALSE,1 VEHICLE ENTERING/LEAVING ENTRANCE,ANGLE,STRAIGHT & LEVEL,DAYLIGHT,,,44580.94959,FALSE,156,Accepted,3,3,B,"SLIPPERY SURFACE, VIEW OBSTRUCTED, LIMITED DUE TO WEATHER CONDITIONS",INATTENTION,
29604702,0870100,MT. STERLING POLICE DEPARTMENT,Accepted,MONTGOMERY,KY0686,,INDIAN MOUND,DR,,,,,,,,38.07361193,-83.95123316,0.171,1/19/2022,1639,2,2,0,1,RAINING,WET,FALSE,1 VEHICLE ENTERING/LEAVING ENTRANCE,ANGLE,STRAIGHT & LEVEL,DAYLIGHT,,,44580.94966,FALSE,139,Accepted,5,4,C,,INATTENTION,
29607404,0870000,MONTGOMERY CTY SHERIFF DEPT,Accepted,MONTGOMERY,KY0011,,LEVEE,RD,,,,,,,,38.02196974,-83.94880631,7.939,1/19/2022,1220,1,1,0,0,RAINING,WET,FALSE,COLLISION WITH FIXED OBJECT NON - INTERSECTION - FIRST EVENT COLLISION 09 - 32 EXCLUDING 16,SINGLE VEHICLE,STRAIGHT & LEVEL,DAYLIGHT,,,44581.67028,FALSE,228,Accepted,5,5,O,SLIPPERY SURFACE,,
29610090,0870000,MONTGOMERY CTY SHERIFF DEPT,Accepted,MONTGOMERY,KY0686,,INDIAN MOUND,DR,,KY0713,SPENCER,,,,,38.05454395,-83.91680536,4.85,5/14/2021,1624,2,2,1,0,CLEAR,DRY,FALSE,ANGLE COLLISION - OTHER,ANGLE,STRAIGHT & LEVEL,DAYLIGHT,,,44582.46506,FALSE,292,Accepted,5,1,K,,INATTENTION,
29610091,0870000,MONTGOMERY CTY SHERIFF DEPT,Accepted,MONTGOMERY,KY0686,,INDIAN MOUND,DR,,KY0713,SPENCER,,,,,38.05454991,-83.91680325,4.85,11/10/2021,741,2,2,0,1,CLEAR,DRY,FALSE,HEAD-ON COLLISION,HEAD ON,STRAIGHT & LEVEL,DAYLIGHT,,,44582.46525,FALSE,248,Accepted,5,4,C,,INATTENTION,
29614910,0870000,MONTGOMERY CTY SHERIFF DEPT,Accepted,MONTGOMERY,,,DONALDSON,RD,,,,,,,,38.08846145,-84.04378112,1.469,1/6/2022,1420,1,1,0,0,SNOWING,SNOW/SLUSH,FALSE,COLLISION WITH FIXED OBJECT NON - INTERSECTION - FIRST EVENT COLLISION 09 - 32 EXCLUDING 16,SINGLE VEHICLE,STRAIGHT & GRADE,DAYLIGHT,,,44584.12672,FALSE,232,Accepted,5,5,O,SLIPPERY SURFACE,,
29614918,0870000,MONTGOMERY CTY SHERIFF DEPT,Accepted,MONTGOMERY,KY0713,,GRASSY LICK,RD,,,,,,,,38.0801167,-84.01845028,1.815,1/6/2022,1400,1,1,0,0,SNOWING,SNOW/SLUSH,FALSE,RAN OFF ROADWAY (1 VEHICLE WITH/EARTH EMBANKMENT/DITCH),SINGLE VEHICLE,CURVE & GRADE,DAYLIGHT,,,44584.12681,FALSE,232,Accepted,5,5,O,SLIPPERY SURFACE,,
29615524,0870000,MONTGOMERY CTY SHERIFF DEPT,Accepted,MONTGOMERY,KY0011,,LEVEE,RD,,,,,,,,38.04667999,-83.94396421,9.682,1/19/2022,1540,2,2,0,0,CLOUDY,WET,FALSE,1 VEHICLE ENTERING/LEAVING ENTRANCE,ANGLE,STRAIGHT & LEVEL,DAYLIGHT,,,44584.51136,FALSE,226,Accepted,5,5,O,,FAILED TO YIELD RIGHT OF WAY,
29615721,0870000,MONTGOMERY CTY SHERIFF DEPT,Accepted,MONTGOMERY,US0060,,WINCHESTER,RD,,,,,,,,38.04686396,-83.98409215,2.687,1/19/2022,1628,2,2,0,0,RAINING,WET,FALSE,REAR END IN TRAFFIC LANES BOTH VEHICLES MOVING,REAR END,STRAIGHT & GRADE,DAYLIGHT,,,44584.62332,FALSE,246,Accepted,5,5,O,SLIPPERY SURFACE,NOT UNDER PROPER CONTROL,
29625873,0870100,MT. STERLING POLICE DEPARTMENT,Accepted,MONTGOMERY,US0060,400,MAIN,ST,E,,,,,,,38.05764118,-83.93661338,5.439,1/24/2022,811,3,3,0,0,CLEAR,DRY,FALSE,1 VEHICLE ENTERING/LEAVING ENTRANCE,ANGLE,STRAIGHT & LEVEL,DAYLIGHT,,,44587.026,FALSE,128,Accepted,5,5,O,,INATTENTION,
29627775,0870000,MONTGOMERY CTY SHERIFF DEPT,Accepted,MONTGOMERY,US0460,,CAMARGO,RD,,,,,,,,37.99564228,-83.89166294,14.792,1/24/2022,1035,2,2,0,0,CLOUDY,DRY,FALSE,1 VEHICLE PARKED POSITION (NOT PARKING LOT/DRIVEWAY),SIDESWIPE-OPPOSITE DIRECTION,STRAIGHT & LEVEL,DAYLIGHT,,,44587.51066,FALSE,228,Accepted,5,5,O,,OTHER,
29632937,0870000,MONTGOMERY CTY SHERIFF DEPT,Accepted,MONTGOMERY,,4013,OLD OWINGSVILLE,RD,,,,,,,,38.08164447,-83.90191748,0.005,1/24/2022,433,1,1,0,0,CLEAR,DRY,FALSE,OTHER COLLISIONS ON SHOULDER,SINGLE VEHICLE,STRAIGHT & LEVEL,DARK-HWY NOT LIGHTED,,,44588.64757,FALSE,231,Accepted,5,5,O,,,
29632940,0870000,MONTGOMERY CTY SHERIFF DEPT,Accepted,MONTGOMERY,KY0686,,INDIAN MOUND,DR,,,OLD OWINGSVILLE,,,,,38.07152907,-83.91677663,6.081,1/25/2022,736,2,2,0,1,CLOUDY,DRY,FALSE,ANGLE COLLISION - OTHER,ANGLE,STRAIGHT & LEVEL,DAYLIGHT,,,44588.64774,FALSE,234,Accepted,5,3,B,,FAILED TO YIELD RIGHT OF WAY,
29632942,0870000,MONTGOMERY CTY SHERIFF DEPT,Accepted,MONTGOMERY,US0460,3100,PARIS,RD,,,,,,,,38.09986435,-84.00738259,3.946,12/27/2021,744,1,1,1,1,CLOUDY,WET,FALSE,RAN OFF ROADWAY (1 VEHICLE WITH/EARTH EMBANKMENT/DITCH),SINGLE VEHICLE,STRAIGHT & GRADE,DAYLIGHT,,,44588.64782,FALSE,234,Accepted,2,1,K,SLIPPERY SURFACE,"INATTENTION, TOO FAST FOR CONDITIONS",TIRES
29632973,0870000,MONTGOMERY CTY SHERIFF DEPT,Accepted,MONTGOMERY,KY0537,,VAN THOMPSON,RD,,,,,,,,38.1283281,-83.91878557,6.518,1/22/2022,1411,1,1,0,0,CLEAR,DRY,TRUE,COLLISION WITH FIXED OBJECT NON - INTERSECTION - FIRST EVENT COLLISION 09 - 32 EXCLUDING 16,SINGLE VEHICLE,STRAIGHT & LEVEL,DAYLIGHT,,,44588.65813,FALSE,226,Accepted,5,5,O,,NOT UNDER PROPER CONTROL,
29637136,0870000,MONTGOMERY CTY SHERIFF DEPT,Accepted,MONTGOMERY,KY0213,,BEDFORD,RD,,,,,,,,37.99723919,-83.83825327,6.999,1/27/2022,1616,2,2,0,0,CLEAR,DRY,FALSE,SIDESWIPE COLLISION - OPPOSITE DIRECTION,SIDESWIPE-OPPOSITE DIRECTION,STRAIGHT & LEVEL,DAYLIGHT,,,44589.66144,FALSE,246,Accepted,5,5,O,,MISJUDGE CLEARANCE,
29642964,0870100,MT. STERLING POLICE DEPARTMENT,Accepted,MONTGOMERY,,,DENBY,PL,,,,,,,,38.05850718,-83.93828506,0.082,1/29/2022,1537,2,2,0,0,CLEAR,DRY,FALSE,1 VEHICLE ENTERING/LEAVING ENTRANCE,ANGLE,STRAIGHT & HILLCREST,DAYLIGHT,,,44592.06597,FALSE,156,Accepted,5,5,O,,NOT UNDER PROPER CONTROL,
29644533,0870000,MONTGOMERY CTY SHERIFF DEPT,Accepted,MONTGOMERY,US0060,,WINCHESTER,RD,,,,,,,,38.03800769,-84.00870608,1.105,1/28/2022,546,1,1,0,0,SNOWING,SNOW/SLUSH,FALSE,COLLISION WITH FIXED OBJECT NON - INTERSECTION - FIRST EVENT COLLISION 09 - 32 EXCLUDING 16,SINGLE VEHICLE,CURVE & LEVEL,DARK-HWY NOT LIGHTED,,,44592.40246,FALSE,248,Accepted,5,5,O,SLIPPERY SURFACE,NOT UNDER PROPER CONTROL,
29644535,0870000,MONTGOMERY CTY SHERIFF DEPT,Accepted,MONTGOMERY,KY0011,,MAYSVILLE,RD,,,,,,,,38.14933726,-83.95541702,14.397,1/28/2022,1927,1,1,0,0,SNOWING,SNOW/SLUSH,FALSE,RAN OFF ROADWAY (1 VEHICLE WITH/EARTH EMBANKMENT/DITCH),SINGLE VEHICLE,STRAIGHT & LEVEL,DARK-HWY LIGHTED/OFF,,,44592.40254,FALSE,249,Accepted,5,5,O,SLIPPERY SURFACE,,
29645968,0870100,MT. STERLING POLICE DEPARTMENT,Accepted,MONTGOMERY,KY0686,,INDIAN MOUND,DR,,KY0011,LEVEE,,,,,38.04103904,-83.94794453,2.751,1/30/2022,929,2,2,0,0,CLEAR,DRY,FALSE,ANGLE COLLISION - OTHER,ANGLE,STRAIGHT & LEVEL,DAYLIGHT,,,44592.66861,FALSE,128,Accepted,5,5,O,,INATTENTION,
29658188,0870100,MT. STERLING POLICE DEPARTMENT,Accepted,MONTGOMERY,KY0686,550,INDIAN MOUND,DR,,,REESE,,,,,38.06733424,-83.95518457,,2/1/2022,1219,3,3,0,1,CLEAR,DRY,FALSE,OPPOSING LEFT TURN,OPPOSING LEFT TURN,STRAIGHT & LEVEL,DAYLIGHT,,,44595.60457,FALSE,153,Accepted,5,4,C,,FAILED TO YIELD RIGHT OF WAY,
29660210,0870000,MONTGOMERY CTY SHERIFF DEPT,Accepted,MONTGOMERY,US0460,,CAMARGO,RD,,,,,,,,38.02137993,-83.91549063,12.496,1/31/2022,1150,2,2,0,0,CLEAR,DRY,FALSE,OTHER ROADWAY OR MID-BLOCK COLLISION,REAR END,STRAIGHT & GRADE,DAYLIGHT,,,44596.4181,FALSE,228,Accepted,5,5,O,,,
29660213,0870000,MONTGOMERY CTY SHERIFF DEPT,Accepted,MONTGOMERY,KY0646,,NEST EGG,RD,,,,,,,,37.96712711,-83.94598061,5.133,1/19/2022,1949,1,1,0,0,RAINING,WET,FALSE,RAN OFF ROADWAY (1 VEHICLE WITH/EARTH EMBANKMENT/DITCH),SINGLE VEHICLE,CURVE & GRADE,DUSK,,,44596.41822,FALSE,238,Accepted,5,5,O,,"NOT UNDER PROPER CONTROL, TOO FAST FOR CONDITIONS",
29660218,0870000,MONTGOMERY CTY SHERIFF DEPT,Accepted,MONTGOMERY,KY0686,,INDIAN MOUND,DR,,KY0713,HIGH,,,,,38.0576942,-83.95570267,1.346,2/1/2022,1308,2,2,0,0,CLEAR,DRY,FALSE,ANGLE COLLISION - OTHER,ANGLE,STRAIGHT & LEVEL,DAYLIGHT,,,44596.41841,FALSE,228,Accepted,5,5,O,,"FAILED TO YIELD RIGHT OF WAY, INATTENTION",
29660220,0870000,MONTGOMERY CTY SHERIFF DEPT,Accepted,MONTGOMERY,KY0213,,BEDFORD,RD,,,,,,,,37.98150306,-83.84981415,5.681,1/28/2022,2125,1,1,0,0,CLEAR,SNOW/SLUSH,FALSE,RAN OFF ROADWAY (1 VEHICLE WITH/EARTH EMBANKMENT/DITCH),SINGLE VEHICLE,STRAIGHT & LEVEL,DARK-HWY NOT LIGHTED,,,44596.41857,FALSE,246,Accepted,5,5,O,SLIPPERY SURFACE,"NOT UNDER PROPER CONTROL, OVERCORRECTING/OVERSTEERING, TOO FAST FOR CONDITIONS",
29664251,0870100,MT. STERLING POLICE DEPARTMENT,Accepted,MONTGOMERY,KY0686,,INDIAN MOUND,DR,,,,,,,,38.0412289,-83.94799926,2.76,1/27/2022,1500,2,2,0,0,CLEAR,DRY,FALSE,REAR END IN TRAFFIC LANES BOTH VEHICLES MOVING,REAR END,STRAIGHT & LEVEL,DAYLIGHT,,,44598.05455,FALSE,149,Accepted,5,5,O,,INATTENTION,
29664252,0870100,MT. STERLING POLICE DEPARTMENT,Accepted,MONTGOMERY,KY0686,,INDIAN MOUND,DR,,,,,,,,38.07342506,-83.95135208,0.158,2/1/2022,1500,2,2,0,0,CLEAR,DRY,FALSE,1 VEHICLE ENTERING/LEAVING ENTRANCE,ANGLE,STRAIGHT & LEVEL,DAYLIGHT,,,44598.05462,FALSE,149,Accepted,5,5,O,,MISJUDGE CLEARANCE,
29664253,0870100,MT. STERLING POLICE DEPARTMENT,Accepted,MONTGOMERY,,,SPRING,ST,,,,,,,,38.05147159,-83.95620983,0.023,2/3/2022,1315,1,1,0,0,RAINING,WET,FALSE,COLLISION WITH NON-FIXED OBJECT ,SINGLE VEHICLE,STRAIGHT & LEVEL,DAYLIGHT,,,44598.05468,FALSE,149,Accepted,5,5,O,HOLES/DEEP RUTS/BUMPS,,
29664255,0870100,MT. STERLING POLICE DEPARTMENT,Accepted,MONTGOMERY,KY0686,,INDIAN MOUND,DR,,US0060,WINCHESTER,,,,,38.05423422,-83.95651067,1.658,1/31/2022,1427,2,2,0,0,CLEAR,DRY,FALSE,OTHER INTERSECTION COLLISIONS,REAR END,STRAIGHT & LEVEL,DAYLIGHT,,,44598.05478,FALSE,152,Accepted,5,5,O,,MISJUDGE CLEARANCE,
29666664,0870100,MT. STERLING POLICE DEPARTMENT,Accepted,MONTGOMERY,KY0686,261,INDIAN MOUND,DR,,,,,,,,38.07246607,-83.95440032,0.36,2/5/2022,1002,2,2,0,0,CLEAR,SNOW/SLUSH,FALSE,1 VEHICLE PARKED POSITION (NOT PARKING LOT/DRIVEWAY),BACKING,STRAIGHT & LEVEL,DAYLIGHT,,,44599.062,FALSE,152,Accepted,5,5,O,,MISJUDGE CLEARANCE,
29673625,0870000,MONTGOMERY CTY SHERIFF DEPT,Accepted,MONTGOMERY,KY3363,2015,SAWMILL,RD,,,,,,,,37.93462291,-83.90844767,0.816,2/5/2022,2114,1,1,0,1,CLEAR,DRY,FALSE,RAN OFF ROADWAY (1 VEHICLE WITH/EARTH EMBANKMENT/DITCH),SINGLE VEHICLE,STRAIGHT & LEVEL,DARK-HWY NOT LIGHTED,,,44600.57243,FALSE,246,Accepted,4,4,C,,"NOT UNDER PROPER CONTROL, OTHER",
29673626,0870000,MONTGOMERY CTY SHERIFF DEPT,Accepted,MONTGOMERY,KY0713,,SPENCER,PIKE,,,,,,,,38.05217,-83.91224392,8.115,2/3/2022,1510,2,2,0,0,RAINING,WET,FALSE,SIDESWIPE COLLISION - OPPOSITE DIRECTION,SIDESWIPE-OPPOSITE DIRECTION,STRAIGHT & LEVEL,DAYLIGHT,,,44600.57249,FALSE,228,Accepted,5,5,O,,,
29673627,0870000,MONTGOMERY CTY SHERIFF DEPT,Accepted,MONTGOMERY,KY0686,,INDIAN MOUND,DR,,,,,,,,38.04767853,-83.92330302,4.245,2/3/2022,713,1,1,0,0,RAINING,WET,FALSE,OTHER ROADWAY OR MID-BLOCK COLLISION,SINGLE VEHICLE,STRAIGHT & LEVEL,DARK-HWY NOT LIGHTED,,,44600.57255,FALSE,231,Accepted,5,5,O,"SLIPPERY SURFACE, WATER POOLING",TOO FAST FOR CONDITIONS,
29686623,0870000,MONTGOMERY CTY SHERIFF DEPT,Accepted,MONTGOMERY,KY0011,,MAYSVILLE,RD,,,,,,,,38.11266579,-83.95718396,11.788,2/5/2022,1144,2,2,0,2,CLOUDY,DRY,FALSE,REAR END IN TRAFFIC LANES BOTH VEHICLES MOVING,REAR END,STRAIGHT & LEVEL,DAYLIGHT,,,44603.41003,FALSE,275,Accepted,3,3,B,OTHER,"FOLLOWING TOO CLOSE, INATTENTION, NOT UNDER PROPER CONTROL",