IncidentID,AgencyORI,AgencyName,IncidentStatusDesc,County,RdwyNumber,Street,RoadwayName,StreetSfx,StreetDir,IntersectionRdwy,IntersectionRdwyName,BetweenStRdwy1,BetweenStRdwyName1,BetweenStRdwy2,BetweenStRdwyName2,Latitude,Longitude,Milepoint,CollisionDate,CollisionTime,UnitsInvolved,MotorVehiclesInvolved,NumberKilled,NumberInjured,Weather,RdwyConditionCode,HitandRun,DirAnalysisCode,MannerofCollision,RdwyCharacter,LightCondition,RampFromRdwyId,RampToRdwyId,AcceptedDate,IsSecondaryCollision,OwnerBadge,IncidentStatus,InjurySeverityCde,KABCO Code,KABCO,Environmental_Factors,Human_Factors,Vehicular_Factors
29686640,0870000,MONTGOMERY CTY SHERIFF DEPT,Accepted,MONTGOMERY,KY0646,2750,NEST EGG,RD,,,,,,,,37.9602893,-83.97791951,7.162,1/31/2022,801,1,1,0,0,CLOUDY,DRY,FALSE,COLLISION WITH FIXED OBJECT NON - INTERSECTION - FIRST EVENT COLLISION 09 - 32 EXCLUDING 16,SINGLE VEHICLE,CURVE & GRADE,DAYLIGHT,,,44603.4105,FALSE,275,Accepted,5,5,O,,"INATTENTION, NOT UNDER PROPER CONTROL, TOO FAST FOR CONDITIONS",
29686642,0870000,MONTGOMERY CTY SHERIFF DEPT,Accepted,MONTGOMERY,US0060,3782,OWINGSVILLE,RD,,,,,,,,38.09960033,-83.89702149,9.437,6/8/2021,1526,1,1,0,0,CLOUDY,DRY,FALSE,COLLISION WITH ANIMAL NON INTERSECTION,SINGLE VEHICLE,STRAIGHT & LEVEL,DAYLIGHT,,,44603.41063,FALSE,275,Accepted,5,5,O,ANIMALS ACTION,,
29686643,0870000,MONTGOMERY CTY SHERIFF DEPT,Accepted,MONTGOMERY,,,MIDLAND,TRL,,US0060,OWINGSVILLE,,,,,38.07476271,-83.91868268,0.011,3/15/2021,830,3,3,0,0,CLOUDY,DRY,FALSE,ANGLE COLLISION - OTHER,ANGLE,STRAIGHT & LEVEL,DAYLIGHT,,,44603.41078,FALSE,275,Accepted,5,5,O,,"DISREGARD TRAFFIC CONTROL, FAILED TO YIELD RIGHT OF WAY, INATTENTION",
29686644,0870000,MONTGOMERY CTY SHERIFF DEPT,Accepted,MONTGOMERY,,,FOXGLOVE,DR,,KY0686,INDIAN MOUND,,,,,38.06552246,-83.95539861,0.005,1/4/2021,959,2,2,0,0,CLEAR,DRY,TRUE,REAR END - ONE VEHICLE TURNING LEFT,REAR END,STRAIGHT & LEVEL,DAYLIGHT,,,44603.41092,FALSE,275,Accepted,5,5,O,,"FOLLOWING TOO CLOSE, INATTENTION, NOT UNDER PROPER CONTROL",
29686649,0870000,MONTGOMERY CTY SHERIFF DEPT,Accepted,MONTGOMERY,,150,OAK GROVE,DR,,,,,,,,38.09464287,-83.90420813,0.602,2/8/2022,218,1,1,0,0,CLEAR,DRY,FALSE,COLLISION WITH ANIMAL NON INTERSECTION,SINGLE VEHICLE,STRAIGHT & LEVEL,DARK-HWY NOT LIGHTED,,,44603.41121,FALSE,231,Accepted,5,5,O,ANIMALS ACTION,,
29687826,0870000,MONTGOMERY CTY SHERIFF DEPT,Accepted,MONTGOMERY,US0060,1877,WINCHESTER,RD,,,,,,,,38.04987732,-83.9764816,3.166,2/9/2022,1550,1,1,0,2,CLEAR,DRY,FALSE,RAN OFF ROADWAY (1 VEHICLE WITH/EARTH EMBANKMENT/DITCH),SINGLE VEHICLE,STRAIGHT & LEVEL,DAYLIGHT,,,44603.62783,FALSE,246,Accepted,4,3,B,,PHYSICAL DISABILITY,
29687832,0870000,MONTGOMERY CTY SHERIFF DEPT,Accepted,MONTGOMERY,US0060,3060,OWINGSVILLE,RD,,,,,,,,38.08613771,-83.89966355,8.489,2/7/2022,1729,2,2,0,0,CLEAR,DRY,FALSE,1 VEHICLE ENTERING/LEAVING ENTRANCE,ANGLE,STRAIGHT & LEVEL,DAYLIGHT,,,44603.62799,FALSE,238,Accepted,5,5,O,,INATTENTION,
29687833,0870000,MONTGOMERY CTY SHERIFF DEPT,Accepted,MONTGOMERY,US0460,8055,MAIN,ST,,,,,,,,37.97563216,-83.84923501,17.513,2/7/2022,1957,1,1,0,0,CLEAR,DRY,FALSE,COLLISION WITH FIXED OBJECT NON - INTERSECTION - FIRST EVENT COLLISION 09 - 32 EXCLUDING 16,SINGLE VEHICLE,STRAIGHT & LEVEL,DARK-HWY LIGHTED/ON,,,44603.62804,FALSE,238,Accepted,5,5,O,,OTHER,
29687834,0870000,MONTGOMERY CTY SHERIFF DEPT,Accepted,MONTGOMERY,,702,LORENE,CIR,,,,,,,,38.06523853,-83.9531859,0.124,2/10/2022,1648,2,2,0,0,CLEAR,DRY,FALSE,COLLISION WITH FIXED OBJECT NON - INTERSECTION - FIRST EVENT COLLISION 09 - 32 EXCLUDING 16,BACKING,STRAIGHT & LEVEL,DAYLIGHT,,,44603.62808,FALSE,246,Accepted,5,5,O,,MISJUDGE CLEARANCE,
29688004,0870000,MONTGOMERY CTY SHERIFF DEPT,Accepted,MONTGOMERY,,,FOGG,PIKE,,,,,,,,38.03818781,-83.96869003,1.23,2/10/2022,1354,2,2,0,1,CLEAR,DRY,FALSE,1 VEHICLE ENTERING/LEAVING ENTRANCE,ANGLE,STRAIGHT & HILLCREST,DAYLIGHT,,,44603.64951,FALSE,226,Accepted,4,4,C,,FAILED TO YIELD RIGHT OF WAY,
29689096,0870100,MT. STERLING POLICE DEPARTMENT,Accepted,MONTGOMERY,US0060,,MAIN,ST,E,,WILSON,,,,,38.0567184,-83.94067445,5.208,2/11/2022,1255,2,2,0,1,CLEAR,DRY,FALSE,ANGLE COLLISION - OTHER,ANGLE,STRAIGHT & LEVEL,DAYLIGHT,,,44603.90741,FALSE,128,Accepted,5,3,B,,INATTENTION,
29693435,0870000,MONTGOMERY CTY SHERIFF DEPT,Accepted,MONTGOMERY,KY0713,,GRASSY LICK,RD,,,,,,,,38.06466117,-83.97037628,4.861,2/11/2022,632,1,1,0,0,CLEAR,DRY,FALSE,RAN OFF ROADWAY (1 VEHICLE WITH/EARTH EMBANKMENT/DITCH),SINGLE VEHICLE,STRAIGHT & GRADE,DARK-HWY NOT LIGHTED,,,44605.46946,FALSE,248,Accepted,5,5,O,ANIMALS ACTION,OVERCORRECTING/OVERSTEERING,
29694788,0870100,MT. STERLING POLICE DEPARTMENT,Accepted,MONTGOMERY,KY0686,,INDIAN MOUND,DR,,,,,,,,38.05322087,-83.95643143,1.698,2/11/2022,1708,2,2,0,0,CLEAR,DRY,FALSE,REAR END IN TRAFFIC LANES BOTH VEHICLES MOVING,REAR END,STRAIGHT & LEVEL,DAYLIGHT,,,44605.88513,FALSE,110,Accepted,5,5,O,,INATTENTION,
29703252,0870100,MT. STERLING POLICE DEPARTMENT,Accepted,MONTGOMERY,,,HAMLETT WEST,DR,,,,,,,,38.05215355,-83.95288022,0.101,12/23/2021,1706,2,2,0,0,CLEAR,DRY,FALSE,1 VEHICLE PARKED POSITION (NOT PARKING LOT/DRIVEWAY),BACKING,STRAIGHT & LEVEL,DAYLIGHT,,,44607.67829,FALSE,156,Accepted,5,5,O,,INATTENTION,
29703253,0870100,MT. STERLING POLICE DEPARTMENT,Accepted,MONTGOMERY,US0460,,MAYSVILLE,ST,N,,,,,,,38.05784177,-83.94256349,9.464,12/27/2021,1126,2,2,0,0,CLOUDY,DRY,TRUE,OTHER ROADWAY OR MID-BLOCK COLLISION,REAR TO REAR,STRAIGHT & LEVEL,DAYLIGHT,,,44607.67836,FALSE,156,Accepted,5,5,O,,INATTENTION,
29703254,0870100,MT. STERLING POLICE DEPARTMENT,Accepted,MONTGOMERY,,810,INDIAN MOUND DRIVE,,,,,,,,,38.06196409,-83.95427433,,2/12/2022,1541,2,2,0,0,CLOUDY,DRY,FALSE,,BACKING,STRAIGHT & LEVEL,DAYLIGHT,,,44607.67842,FALSE,121,Accepted,5,5,O,,OTHER,
29703256,0870100,MT. STERLING POLICE DEPARTMENT,Accepted,MONTGOMERY,KY0686,,INDIAN MOUND,DR,,,PATSY,,,,,38.07096024,-83.95487867,0.464,2/13/2022,1547,2,2,0,4,CLEAR,DRY,FALSE,,ANGLE,STRAIGHT & LEVEL,DAYLIGHT,,,44607.67847,FALSE,121,Accepted,4,4,C,,OTHER,
29703267,0870100,MT. STERLING POLICE DEPARTMENT,Accepted,MONTGOMERY,,,MAYSVILLE,ST,S,,,,,,,38.05602942,-83.94191637,0.027,2/10/2022,1211,2,2,0,0,CLEAR,DRY,FALSE,1 VEHICLE PARKED POSITION (NOT PARKING LOT/DRIVEWAY),ANGLE,STRAIGHT & LEVEL,DAYLIGHT,,,44607.6789,FALSE,152,Accepted,5,5,O,,MISJUDGE CLEARANCE,
29712162,0870000,MONTGOMERY CTY SHERIFF DEPT,Accepted,MONTGOMERY,KY0646,615,NEST EGG,RD,,,,,,,,37.96510138,-83.94658857,5.273,2/9/2022,743,1,1,0,0,CLOUDY,ICE,FALSE,RAN OFF ROADWAY (1 VEHICLE WITH/EARTH EMBANKMENT/DITCH),SINGLE VEHICLE,CURVE & GRADE,DARK-HWY NOT LIGHTED,,,44609.544,FALSE,234,Accepted,5,5,O,SLIPPERY SURFACE,NOT UNDER PROPER CONTROL,
29713245,0870100,MT. STERLING POLICE DEPARTMENT,Accepted,MONTGOMERY,KY0713,,HIGH,ST,W,KY0686,INDIAN MOUND,,,,,38.05803745,-83.9558712,5.793,2/16/2022,1614,2,2,0,0,CLEAR,DRY,FALSE,SIDESWIPE-SAME DIRECTION,SIDESWIPE-SAME DIRECTION,STRAIGHT & HILLCREST,DAYLIGHT,,,44609.74122,FALSE,157,Accepted,5,5,O,,,OTHER
29739936,0870000,MONTGOMERY CTY SHERIFF DEPT,Accepted,MONTGOMERY,KY0011,,LEVEE,RD,,,,,,,,38.03153175,-83.94980156,8.608,2/17/2022,1409,2,2,0,0,RAINING,WET,FALSE,SIDESWIPE COLLISION - OPPOSITE DIRECTION,SIDESWIPE-OPPOSITE DIRECTION,STRAIGHT & LEVEL,DAYLIGHT,,,44616.45237,FALSE,226,Accepted,5,5,O,,,
29740097,0870000,MONTGOMERY CTY SHERIFF DEPT,Accepted,MONTGOMERY,KY0686,,INDIAN MOUND,DR,,,MAPLETON ELEMENTARY SCHOOL,,,,,38.06188587,-83.95575787,1.097,2/23/2022,741,2,2,0,0,CLEAR,DRY,FALSE,ANGLE COLLISION - OTHER,ANGLE,STRAIGHT & LEVEL,DAYLIGHT,,,44616.49701,FALSE,248,Accepted,5,5,O,,INATTENTION,
29740098,0870000,MONTGOMERY CTY SHERIFF DEPT,Accepted,MONTGOMERY,,,CECIL,RD,,,,,,,,38.15619672,-83.97733542,2.293,2/22/2022,1455,1,1,0,0,RAINING,MUD-DIRT,FALSE,COLLISION WITH FIXED OBJECT NON - INTERSECTION - FIRST EVENT COLLISION 09 - 32 EXCLUDING 16,SINGLE VEHICLE,CURVE & LEVEL,DAYLIGHT,,,44616.49707,FALSE,226,Accepted,5,5,O,SLIPPERY SURFACE,NOT UNDER PROPER CONTROL,
29745625,0870100,MT. STERLING POLICE DEPARTMENT,Accepted,MONTGOMERY,US0460,1104,CAMARGO,RD,,,,,,,,38.04100257,-83.93405008,,2/24/2022,633,2,2,0,0,"SLEET, HAIL, FREEZING RAIN",WET,FALSE,SIDESWIPE COLLISION - SAME DIRECTION,SIDESWIPE-SAME DIRECTION,STRAIGHT & LEVEL,DARK-HWY LIGHTED/ON,,,44617.81712,FALSE,153,Accepted,5,5,O,,INATTENTION,
29748495,0870100,MT. STERLING POLICE DEPARTMENT,Accepted,MONTGOMERY,US0060,,MAIN,ST,E,US0460,MAYSVILLE,,,,,38.05641231,-83.94206511,5.128,2/26/2022,650,2,2,0,0,CLEAR,DRY,FALSE,ANGLE COLLISION - ONE VEHICLE TURNING RIGHT,ANGLE,STRAIGHT & LEVEL,DARK-HWY LIGHTED/ON,,,44618.8972,FALSE,128,Accepted,5,5,O,,INATTENTION,
29751912,0870100,MT. STERLING POLICE DEPARTMENT,Accepted,MONTGOMERY,KY0686,,INDIAN MOUND,DR,,,,,,,,38.05364566,-83.95650825,1.669,2/26/2022,1015,2,2,0,0,CLEAR,DRY,TRUE,1 VEHICLE ENTERING/LEAVING ENTRANCE,ANGLE,STRAIGHT & LEVEL,DAYLIGHT,,,44620.00582,FALSE,156,Accepted,5,5,O,,INATTENTION,
29761833,0870100,MT. STERLING POLICE DEPARTMENT,Accepted,MONTGOMERY,KY0686,,INDIAN MOUND,DR,,,,,,,,38.04126628,-83.94803965,2.762,2/26/2022,2154,2,2,0,0,CLEAR,DRY,FALSE,OTHER ROADWAY OR MID-BLOCK COLLISION,REAR END,STRAIGHT & LEVEL,DARK-HWY LIGHTED/ON,,,44621.92763,FALSE,144,Accepted,5,5,O,,NOT UNDER PROPER CONTROL,
29762644,0870100,MT. STERLING POLICE DEPARTMENT,Accepted,MONTGOMERY,,,HIGH,ST,W,,BROADWAY,,,,,38.05739008,-83.9431936,0.29,3/1/2022,1554,2,2,0,0,CLEAR,DRY,FALSE,,SIDESWIPE-OPPOSITE DIRECTION,STRAIGHT & LEVEL,DAYLIGHT,,,44622.16616,FALSE,121,Accepted,5,5,O,,,
29765317,0870000,MONTGOMERY CTY SHERIFF DEPT,Accepted,MONTGOMERY,,,MIDLAND,TRL,,,ADENA,,,,,38.07644979,-83.91941586,0.117,2/24/2022,629,2,2,0,0,CLOUDY,WET,FALSE,OTHER INTERSECTION COLLISIONS,REAR END,CURVE & GRADE,DARK-HWY LIGHTED/ON,,,44622.67203,FALSE,248,Accepted,5,5,O,SLIPPERY SURFACE,"INATTENTION, NOT UNDER PROPER CONTROL",
29765328,0870000,MONTGOMERY CTY SHERIFF DEPT,Accepted,MONTGOMERY,KY0599,545,KY599,,,,,,,,,37.9650807,-83.8433585,5.456,2/21/2022,1630,2,2,0,0,CLEAR,DRY,TRUE,HEAD-ON COLLISION,HEAD ON,CURVE & HILLCREST,DAYLIGHT,,,44622.67245,FALSE,238,Accepted,5,5,O,,ALCOHOL INVOLVEMENT,
29765329,0870000,MONTGOMERY CTY SHERIFF DEPT,Accepted,MONTGOMERY,KY0713,4301,SPENCER,PIKE,,,,,,,,38.03094946,-83.86312451,11.391,2/21/2022,1809,1,1,0,2,CLEAR,DRY,FALSE,RAN OFF ROADWAY (1 VEHICLE WITH/EARTH EMBANKMENT/DITCH),SINGLE VEHICLE,CURVE & LEVEL,DUSK,,,44622.67252,FALSE,238,Accepted,3,3,B,,FATIGUE,
29765331,0870000,MONTGOMERY CTY SHERIFF DEPT,Accepted,MONTGOMERY,US0460,,PARIS,RD,,,,,,,,38.12388264,-84.06822553,0.09,2/25/2022,716,1,1,0,0,CLEAR,DRY,FALSE,COLLISION WITH ANIMAL NON INTERSECTION,SINGLE VEHICLE,STRAIGHT & LEVEL,DAWN,,,44622.67264,FALSE,231,Accepted,5,5,O,ANIMALS ACTION,,
29781828,0870100,MT. STERLING POLICE DEPARTMENT,Accepted,MONTGOMERY,,,VANCE,DR,,,EVANS,,,,,38.0754446,-83.9514728,0.129,3/5/2022,1311,2,2,0,0,CLEAR,DRY,FALSE,VEHICLE BACKING IN INTERSECTION,BACKING,STRAIGHT & LEVEL,DAYLIGHT,,,44626.89829,FALSE,128,Accepted,5,5,O,,INATTENTION,
29781829,0870100,MT. STERLING POLICE DEPARTMENT,Accepted,MONTGOMERY,,,SPRING,ST,,,,,,,,38.05145919,-83.95519878,0.078,3/5/2022,1140,2,2,0,0,CLEAR,DRY,FALSE,1 VEHICLE PARKED POSITION (NOT PARKING LOT/DRIVEWAY),BACKING,STRAIGHT & LEVEL,DAYLIGHT,,,44626.89834,FALSE,152,Accepted,5,5,O,,MISJUDGE CLEARANCE,
29785198,0870000,MONTGOMERY CTY SHERIFF DEPT,Accepted,MONTGOMERY,,805,ALEXA,DR,,,,,,,,38.06550364,-83.95484519,0.036,3/4/2022,1046,2,2,0,0,CLEAR,DRY,FALSE,1 VEHICLE PARKED POSITION (NOT PARKING LOT/DRIVEWAY),BACKING,STRAIGHT & LEVEL,DAYLIGHT,,,44627.59641,FALSE,245,Accepted,5,5,O,,INATTENTION,
29785202,0870000,MONTGOMERY CTY SHERIFF DEPT,Accepted,MONTGOMERY,US0460,,MAIN,ST,,,,,,,,37.9771112,-83.85342756,17.294,3/4/2022,1809,3,3,0,0,CLEAR,DRY,TRUE,SIDESWIPE COLLISION - SAME DIRECTION,SIDESWIPE-SAME DIRECTION,STRAIGHT & LEVEL,DAYLIGHT,,,44627.59673,FALSE,246,Accepted,5,5,O,,"FOLLOWING TOO CLOSE, NOT UNDER PROPER CONTROL",
29796568,0870100,MT. STERLING POLICE DEPARTMENT,Accepted,MONTGOMERY,KY0686,,INDIAN MOUND,DR,,,REESE,,,,,38.0683456,-83.95526749,0.651,3/9/2022,1350,2,2,0,0,CLEAR,DRY,FALSE,ANGLE COLLISION - OTHER,ANGLE,STRAIGHT & LEVEL,DAYLIGHT,,,44630.00278,FALSE,154,Accepted,5,5,O,,INATTENTION,
29810072,0870100,MT. STERLING POLICE DEPARTMENT,Accepted,MONTGOMERY,,,FALCON,DR,,,,,,,,38.07603519,-83.94641264,0.115,2/24/2022,1204,2,2,0,0,CLEAR,DRY,FALSE,OTHER ROADWAY OR MID-BLOCK COLLISION,REAR TO REAR,STRAIGHT & LEVEL,DAYLIGHT,,,44633.95357,FALSE,149,Accepted,5,5,O,,,
29810078,0870100,MT. STERLING POLICE DEPARTMENT,Accepted,MONTGOMERY,KY0686,,INDIAN MOUND,DR,,,SPRING,,,,,38.05147782,-83.95637089,,3/13/2022,1300,2,2,0,2,CLEAR,WET,FALSE,OPPOSING LEFT TURN,OPPOSING LEFT TURN,STRAIGHT & LEVEL,DAYLIGHT,,,44633.95379,FALSE,153,Accepted,4,3,B,,"FAILED TO YIELD RIGHT OF WAY, INATTENTION",
29812738,KSP0800,"KY STATE POLICE, POST 08",Accepted,MONTGOMERY,KY0686,,INDIAN MOUND,DR,,,,,,,,38.05928452,-83.9557003,1.279,3/9/2022,1530,2,2,0,0,CLEAR,DRY,FALSE,COLLISION WITH FIXED OBJECT NON - INTERSECTION - FIRST EVENT COLLISION 09 - 32 EXCLUDING 16,REAR END,STRAIGHT & LEVEL,DAYLIGHT,,,44634.499,FALSE,1111,Accepted,5,5,O,,"CELL PHONE, DISTRACTION",
29812899,0870100,MT. STERLING POLICE DEPARTMENT,Accepted,MONTGOMERY,,41,ESTILL,TER,,,,,,,,38.04802051,-83.94929103,,2/11/2022,2300,2,1,0,0,CLEAR,DRY,TRUE,1 VEHICLE PARKED POSITION (NOT PARKING LOT/DRIVEWAY),SIDESWIPE-OPPOSITE DIRECTION,STRAIGHT & HILLCREST,OTHER,,,44634.52699,FALSE,153,Accepted,5,5,O,,,
29822488,0870100,MT. STERLING POLICE DEPARTMENT,Accepted,MONTGOMERY,KY0686,,INDIAN MOUND,DR,,,,,,,,38.06184374,-83.95550582,1.086,3/9/2022,1520,3,3,0,0,CLEAR,DRY,FALSE,1 VEHICLE ENTERING/LEAVING ENTRANCE,ANGLE,STRAIGHT & LEVEL,DAYLIGHT,,,44636.51564,FALSE,157,Accepted,5,5,O,,ALCOHOL INVOLVEMENT,
29824960,0870100,MT. STERLING POLICE DEPARTMENT,Accepted,MONTGOMERY,,,PATSY,WAY,,KY0686,INDIAN MOUND,,,,,38.07108412,-83.95509189,0.002,3/14/2022,2118,2,2,0,0,CLEAR,DRY,FALSE,ANGLE COLLISION - OTHER,ANGLE,STRAIGHT & LEVEL,DARK-HWY LIGHTED/ON,,,44636.90742,FALSE,155,Accepted,5,5,O,,MISJUDGE CLEARANCE,
29832414,0870100,MT. STERLING POLICE DEPARTMENT,Accepted,MONTGOMERY,,470,DARLEY,CRK,,,,,,,,38.04865958,-83.95130218,0.233,3/16/2022,2053,2,2,0,0,CLEAR,DRY,FALSE,1 VEHICLE PARKED POSITION (NOT PARKING LOT/DRIVEWAY),BACKING,STRAIGHT & LEVEL,DARK-HWY LIGHTED/ON,,,44638.62537,FALSE,144,Accepted,5,5,O,,INATTENTION,
29832768,0870000,MONTGOMERY CTY SHERIFF DEPT,Accepted,MONTGOMERY,US0060,3060,OWINGSVILLE,RD,,,,,,,,38.08601843,-83.899732,8.529,3/4/2022,629,2,2,0,0,CLEAR,DRY,FALSE,OTHER ROADWAY OR MID-BLOCK COLLISION,OPPOSING LEFT TURN,STRAIGHT & LEVEL,DAWN,,,44638.68062,FALSE,231,Accepted,5,5,O,,FAILED TO YIELD RIGHT OF WAY,
29832779,0870000,MONTGOMERY CTY SHERIFF DEPT,Accepted,MONTGOMERY,US0460,,CAMARGO,RD,,,WINDSOR,,,,,38.04857983,-83.93906803,10.15,3/7/2022,1942,2,2,0,0,CLEAR,DRY,TRUE,REAR END - ONE VEHICLE TURNING LEFT,REAR END,STRAIGHT & LEVEL,DARK-HWY NOT LIGHTED,,,44638.68098,FALSE,246,Accepted,5,5,O,,"FOLLOWING TOO CLOSE, INATTENTION, NOT UNDER PROPER CONTROL",
29832788,0870000,MONTGOMERY CTY SHERIFF DEPT,Accepted,MONTGOMERY,,1900,OLDHAM,RD,,,,,,,,38.00232663,-83.90884345,0.379,3/10/2022,1306,1,1,0,0,CLEAR,DRY,FALSE,COLLISION WITH FIXED OBJECT NON - INTERSECTION - FIRST EVENT COLLISION 09 - 32 EXCLUDING 16,SINGLE VEHICLE,STRAIGHT & LEVEL,DAYLIGHT,,,44638.68107,FALSE,228,Accepted,5,5,O,,,
29832792,0870000,MONTGOMERY CTY SHERIFF DEPT,Accepted,MONTGOMERY,US0460,,MAYSVILLE,RD,,I 0064,I64 E EXIT110 OFF RAMP TO US460,,,,,38.07688095,-83.94932072,8.084,3/13/2022,920,2,2,0,0,CLOUDY,DRY,FALSE,ANGLE COLLISION - ONE VEHICLE TURNING RIGHT,ANGLE,STRAIGHT & LEVEL,DAYLIGHT,,,44638.68113,FALSE,228,Accepted,5,5,O,,FAILED TO YIELD RIGHT OF WAY,
29832793,0870000,MONTGOMERY CTY SHERIFF DEPT,Accepted,MONTGOMERY,KY0686,,INDIAN MOUND,DR,,KY0011,LEVEE,,,,,38.04120157,-83.94758013,2.765,3/8/2022,1118,2,2,0,0,CLEAR,DRY,FALSE,OTHER INTERSECTION COLLISIONS,REAR END,STRAIGHT & LEVEL,DAYLIGHT,,,44638.68119,FALSE,245,Accepted,5,5,O,,,
29832798,0870000,MONTGOMERY CTY SHERIFF DEPT,Accepted,MONTGOMERY,US0460,,CAMARGO,RD,,,,,,,,38.04176929,-83.93437052,10.696,3/11/2022,2318,2,2,0,0,SNOWING,SNOW/SLUSH,FALSE,1 VEHICLE ENTERING/LEAVING ENTRANCE,ANGLE,STRAIGHT & LEVEL,DARK-HWY LIGHTED/ON,,,44638.68148,FALSE,238,Accepted,5,5,O,"SLIPPERY SURFACE, VIEW OBSTRUCTED, LIMITED DUE TO WEATHER CONDITIONS",TOO FAST FOR CONDITIONS,
29832800,0870000,MONTGOMERY CTY SHERIFF DEPT,Accepted,MONTGOMERY,US0060,3060,OWINGSVILLE,RD,,,,,,,,38.08554847,-83.89991977,8.446,3/8/2022,118,1,1,0,0,CLOUDY,DRY,FALSE,RAN OFF ROADWAY (1 VEHICLE WITH/EARTH EMBANKMENT/DITCH),SINGLE VEHICLE,CURVE & LEVEL,DARK-HWY LIGHTED/ON,,,44638.68153,FALSE,234,Accepted,5,5,O,,"NOT UNDER PROPER CONTROL, TURNING IMPROPERLY",
29832802,0870000,MONTGOMERY CTY SHERIFF DEPT,Accepted,MONTGOMERY,KY0686,,INDIAN MOUND,DR,,,,,,,,38.04717106,-83.92381131,4.2,3/14/2022,844,1,1,0,1,CLEAR,DRY,FALSE,RAN OFF ROADWAY (1 VEHICLE WITH/EARTH EMBANKMENT/DITCH),SINGLE VEHICLE,STRAIGHT & LEVEL,DAYLIGHT,,,44638.68161,FALSE,245,Accepted,3,3,B,,"FATIGUE, FELL ASLEEP",
29832806,0870000,MONTGOMERY CTY SHERIFF DEPT,Accepted,MONTGOMERY,,,CARTWRIGHT,RD,,US0460,CAMARGO,,,,,37.99937858,-83.89720276,0.001,3/14/2022,1331,2,2,0,0,CLEAR,DRY,FALSE,HEAD-ON COLLISION,HEAD ON,STRAIGHT & LEVEL,DAYLIGHT,,,44638.68173,FALSE,245,Accepted,5,5,O,,"FAILED TO KEEP PROPER LANE, TURNING IMPROPERLY",
29832812,0870000,MONTGOMERY CTY SHERIFF DEPT,Accepted,MONTGOMERY,,,CAMARGO LEVEE,RD,,,,,,,,37.9922059,-83.88544748,0.097,3/15/2022,1353,1,1,0,0,CLEAR,DRY,TRUE,COLLISION WITH FIXED OBJECT NON - INTERSECTION - FIRST EVENT COLLISION 09 - 32 EXCLUDING 16,SINGLE VEHICLE,CURVE & LEVEL,DAYLIGHT,,,44638.68199,FALSE,228,Accepted,5,5,O,,NOT UNDER PROPER CONTROL,
29832950,0870000,MONTGOMERY CTY SHERIFF DEPT,Accepted,MONTGOMERY,US0460,,MAIN,ST,,,,,,,,37.98349856,-83.87062808,16.253,3/14/2022,841,2,1,0,0,CLEAR,DRY,TRUE,SIDESWIPE COLLISION - OPPOSITE DIRECTION,SIDESWIPE-OPPOSITE DIRECTION,CURVE & GRADE,DAYLIGHT,,,44638.68167,FALSE,228,Accepted,5,5,O,,FAILED TO KEEP PROPER LANE,
29832974,0870000,MONTGOMERY CTY SHERIFF DEPT,Accepted,MONTGOMERY,KY0011,,MAYSVILLE,RD,,,,,,,,38.14125191,-83.95795839,13.814,3/17/2022,258,1,1,0,0,CLEAR,DRY,FALSE,COLLISION WITH FIXED OBJECT NON - INTERSECTION - FIRST EVENT COLLISION 09 - 32 EXCLUDING 16,SINGLE VEHICLE,STRAIGHT & LEVEL,DARK-HWY NOT LIGHTED,,,44638.71154,FALSE,248,Accepted,5,5,O,,INATTENTION,
29840788,0870100,MT. STERLING POLICE DEPARTMENT,Accepted,MONTGOMERY,KY0686,,INDIAN MOUND,DR,,US0060,WINCHESTER,,,,,38.05361147,-83.95650568,1.658,3/20/2022,1317,2,2,0,1,CLEAR,DRY,FALSE,ANGLE COLLISION - ONE VEHICLE TURNING LEFT,ANGLE,STRAIGHT & LEVEL,DAYLIGHT,,,44641.38849,FALSE,154,Accepted,5,4,C,,INATTENTION,
29848908,0870100,MT. STERLING POLICE DEPARTMENT,Accepted,MONTGOMERY,US0060,21,MAIN,ST,E,,,,,,,38.05649761,-83.94170589,5.149,3/22/2022,1612,2,2,0,0,CLEAR,DRY,FALSE,1 VEHICLE PARKED POSITION (NOT PARKING LOT/DRIVEWAY),SIDESWIPE-SAME DIRECTION,STRAIGHT & LEVEL,DAYLIGHT,,,44642.88031,FALSE,155,Accepted,5,5,O,,MISJUDGE CLEARANCE,
29864737,0870100,MT. STERLING POLICE DEPARTMENT,Accepted,MONTGOMERY,,,VANCE,DR,,,YOUNG,,,,,38.07438413,-83.95147146,0.055,3/25/2022,1817,2,2,0,0,CLOUDY,DRY,FALSE,VEHICLE BACKING IN INTERSECTION,BACKING,STRAIGHT & HILLCREST,DAYLIGHT,,,44646.91379,FALSE,157,Accepted,5,5,O,,INATTENTION,