IncidentID,AgencyORI,AgencyName,IncidentStatusDesc,County,RdwyNumber,Street,RoadwayName,StreetSfx,StreetDir,IntersectionRdwy,IntersectionRdwyName,BetweenStRdwy1,BetweenStRdwyName1,BetweenStRdwy2,BetweenStRdwyName2,Latitude,Longitude,Milepoint,CollisionDate,CollisionTime,UnitsInvolved,MotorVehiclesInvolved,NumberKilled,NumberInjured,Weather,RdwyConditionCode,HitandRun,DirAnalysisCode,MannerofCollision,RdwyCharacter,LightCondition,RampFromRdwyId,RampToRdwyId,AcceptedDate,IsSecondaryCollision,OwnerBadge,IncidentStatus,InjurySeverityCde,KABCO Code,KABCO,Environmental_Factors,Human_Factors,Vehicular_Factors
29867918,0870100,MT. STERLING POLICE DEPARTMENT,Accepted,MONTGOMERY,,199,ROGERS,AVE,,,,,,,,38.0585453,-83.95236896,0.097,3/21/2022,1229,1,1,0,0,CLEAR,DRY,FALSE,OTHER ROADWAY OR MID-BLOCK COLLISION,SINGLE VEHICLE,STRAIGHT & GRADE,DAYLIGHT,,,44648.02306,FALSE,128,Accepted,5,5,O,,MISJUDGE CLEARANCE,
29880981,0870100,MT. STERLING POLICE DEPARTMENT,Accepted,MONTGOMERY,,1201,INDIAN MOUND DRIVE,,,,,,,,,38.05375819,-83.95682805,,3/29/2022,1731,2,2,0,0,CLOUDY,DRY,FALSE,,REAR END,STRAIGHT & LEVEL,DAYLIGHT,,,44650.93628,FALSE,121,Accepted,5,5,O,,OTHER,
29889373,0870100,MT. STERLING POLICE DEPARTMENT,Accepted,MONTGOMERY,,306,CLEAR WATER,WAY,,,,,,,,38.0496542,-83.95212411,0.029,3/23/2022,958,2,2,0,0,CLEAR,DRY,TRUE,1 VEHICLE PARKED POSITION (NOT PARKING LOT/DRIVEWAY),BACKING,STRAIGHT & LEVEL,DAYLIGHT,,,44652.90018,FALSE,152,Accepted,5,5,O,,MISJUDGE CLEARANCE,
29907672,0870000,MONTGOMERY CTY SHERIFF DEPT,Accepted,MONTGOMERY,KY0646,,KIDDVILLE,RD,,,,,,,,38.00793892,-83.95225495,11.463,3/20/2022,2019,2,2,0,0,CLEAR,DRY,FALSE,SIDESWIPE COLLISION - OPPOSITE DIRECTION,SIDESWIPE-OPPOSITE DIRECTION,STRAIGHT & LEVEL,DARK-HWY NOT LIGHTED,,,44657.73898,FALSE,249,Accepted,5,5,O,,MISJUDGE CLEARANCE,
29907680,0870000,MONTGOMERY CTY SHERIFF DEPT,Accepted,MONTGOMERY,KY0713,,SPENCER,PIKE,,,,,,,,38.03728815,-83.88623833,9.913,3/21/2022,1340,1,1,0,0,CLEAR,DRY,FALSE,COLLISION WITH FIXED OBJECT NON - INTERSECTION - FIRST EVENT COLLISION 09 - 32 EXCLUDING 16,SINGLE VEHICLE,CURVE & LEVEL,DAYLIGHT,,,44657.73911,FALSE,228,Accepted,5,5,O,,,OTHER
29907685,0870000,MONTGOMERY CTY SHERIFF DEPT,Accepted,MONTGOMERY,,,1ST,ST,,,,,,,,38.06975297,-83.92383171,0.074,3/21/2022,1408,2,2,0,0,CLEAR,DRY,FALSE,VEHICLE BACKING NON INTERSECTION,BACKING,STRAIGHT & LEVEL,DAYLIGHT,,,44657.73918,FALSE,228,Accepted,5,5,O,,,
29907691,0870000,MONTGOMERY CTY SHERIFF DEPT,Accepted,MONTGOMERY,KY0599,,KY599,,,,,,,,,37.95640951,-83.84489055,4.844,3/22/2022,1650,2,2,0,0,CLEAR,DRY,TRUE,SIDESWIPE COLLISION - OPPOSITE DIRECTION,SIDESWIPE-OPPOSITE DIRECTION,STRAIGHT & LEVEL,DAYLIGHT,,,44657.7393,FALSE,238,Accepted,5,5,O,,"ALCOHOL INVOLVEMENT, NOT UNDER PROPER CONTROL",
29907693,0870000,MONTGOMERY CTY SHERIFF DEPT,Accepted,MONTGOMERY,,,QUISENBERRY,RD,,,,,,,,38.10260947,-83.88656663,0.639,3/10/2022,2050,1,1,1,4,CLEAR,DRY,FALSE,OTHER ROADWAY OR MID-BLOCK COLLISION,SINGLE VEHICLE,STRAIGHT & HILLCREST,DARK-HWY NOT LIGHTED,,,44657.73944,FALSE,292,Accepted,5,1,K,,"NOT UNDER PROPER CONTROL, OVERCORRECTING/OVERSTEERING",
29907713,0870000,MONTGOMERY CTY SHERIFF DEPT,Accepted,MONTGOMERY,US0060,,WINCHESTER,RD,,,,,,,,38.04425769,-83.99270696,2.16,3/27/2022,1350,1,1,0,0,CLEAR,DRY,FALSE,RAN OFF ROADWAY (1 VEHICLE WITH/EARTH EMBANKMENT/DITCH),SINGLE VEHICLE,CURVE & GRADE,DAYLIGHT,,,44657.74032,FALSE,228,Accepted,5,5,O,ANIMALS ACTION,,
29907719,0870000,MONTGOMERY CTY SHERIFF DEPT,Accepted,MONTGOMERY,,,ELMWOOD,DR,,,,,,,,38.05163792,-83.95995123,0.022,3/23/2022,1014,1,1,0,0,CLOUDY,DRY,FALSE,COLLISION WITH FIXED OBJECT NON - INTERSECTION - FIRST EVENT COLLISION 09 - 32 EXCLUDING 16,SINGLE VEHICLE,STRAIGHT & LEVEL,DAYLIGHT,,,44657.74051,FALSE,226,Accepted,5,5,O,,INATTENTION,
29907720,0870000,MONTGOMERY CTY SHERIFF DEPT,Accepted,MONTGOMERY,US0460,,PARIS,RD,,,,,,,,38.09891712,-84.00004242,4.356,3/23/2022,1511,1,1,0,0,CLEAR,DRY,FALSE,RAN OFF ROADWAY (1 VEHICLE WITH/EARTH EMBANKMENT/DITCH),SINGLE VEHICLE,STRAIGHT & LEVEL,DAYLIGHT,,,44657.74058,FALSE,226,Accepted,5,5,O,,"ALCOHOL INVOLVEMENT, DISTRACTION",
29907722,0870000,MONTGOMERY CTY SHERIFF DEPT,Accepted,MONTGOMERY,KY0686,,INDIAN MOUND,DR,,,,,,,,38.04763518,-83.92348095,4.237,3/29/2022,854,1,1,0,0,CLOUDY,DRY,FALSE,COLLISION WITH NON-FIXED OBJECT ,SINGLE VEHICLE,CURVE & LEVEL,DAYLIGHT,,,44657.74068,FALSE,226,Accepted,5,5,O,DEBRIS IN ROADWAY,,
29907724,0870000,MONTGOMERY CTY SHERIFF DEPT,Accepted,MONTGOMERY,KY0686,,INDIAN MOUND,DR,,,ALEXA,,,,,38.06554501,-83.95546976,0.849,3/28/2022,1625,2,2,0,0,CLEAR,DRY,FALSE,ANGLE COLLISION - OTHER,ANGLE,STRAIGHT & LEVEL,DAYLIGHT,,,44657.74079,FALSE,238,Accepted,5,5,O,BACKUP DUE TO REGULAR CONGESTION,OTHER,
29907732,0870000,MONTGOMERY CTY SHERIFF DEPT,Accepted,MONTGOMERY,US0060,3060,OWINGSVILLE,RD,,,,,,,,38.08579232,-83.89978645,8.464,4/1/2022,1632,2,2,0,0,CLEAR,DRY,FALSE,SIDESWIPE COLLISION - OPPOSITE DIRECTION,SIDESWIPE-OPPOSITE DIRECTION,STRAIGHT & LEVEL,DAYLIGHT,,,44657.74116,FALSE,252,Accepted,5,5,O,,FAILED TO KEEP PROPER LANE,
29916184,0870100,MT. STERLING POLICE DEPARTMENT,Accepted,MONTGOMERY,KY0686,,INDIAN MOUND,DR,,US0060,MAIN,,,,,38.0538533,-83.95623678,1.657,4/8/2022,959,2,2,0,0,CLOUDY,DRY,FALSE,ANGLE COLLISION - OTHER,ANGLE,STRAIGHT & LEVEL,DAYLIGHT,,,44659.95621,FALSE,128,Accepted,5,5,O,,DISTRACTION,
29925089,0870100,MT. STERLING POLICE DEPARTMENT,Accepted,MONTGOMERY,KY0686,499,INDIAN MOUND,DR,,,,,,,,38.06909138,-83.955896,0.601,4/8/2022,1126,2,2,0,0,CLEAR,DRY,FALSE,VEHICLE BACKING NON INTERSECTION,BACKING,STRAIGHT & LEVEL,DAYLIGHT,,,44662.61785,FALSE,152,Accepted,5,5,O,,MISJUDGE CLEARANCE,
29925091,0870100,MT. STERLING POLICE DEPARTMENT,Accepted,MONTGOMERY,KY0011,,LEVEE,RD,,,,,,,,38.04127329,-83.94735786,9.213,4/8/2022,1816,2,2,0,3,CLOUDY,WET,FALSE,REAR END IN TRAFFIC LANES BOTH VEHICLES MOVING,REAR END,STRAIGHT & LEVEL,DAYLIGHT,,,44662.61794,FALSE,156,Accepted,5,3,B,SLIPPERY SURFACE,INATTENTION,
29925489,0870000,MONTGOMERY CTY SHERIFF DEPT,Accepted,MONTGOMERY,US0060,3426,WINCHESTER,RD,,,,,,,,38.0357337,-84.01245133,0.812,4/4/2022,2208,1,1,0,0,CLEAR,DRY,FALSE,COLLISION WITH ANIMAL NON INTERSECTION,SINGLE VEHICLE,STRAIGHT & LEVEL,DARK-HWY NOT LIGHTED,,,44662.6896,FALSE,252,Accepted,5,5,O,,,
29925491,0870000,MONTGOMERY CTY SHERIFF DEPT,Accepted,MONTGOMERY,KY0686,,INDIAN MOUND,DR,,,,,,,,38.0544724,-83.91689492,4.843,4/8/2022,1532,2,2,0,0,CLOUDY,DRY,FALSE,1 VEHICLE ENTERING/LEAVING ENTRANCE,ANGLE,STRAIGHT & LEVEL,DAYLIGHT,,,44662.68972,FALSE,226,Accepted,5,5,O,,FAILED TO YIELD RIGHT OF WAY,
29925495,0870000,MONTGOMERY CTY SHERIFF DEPT,Accepted,MONTGOMERY,,,CHENAULT,LN,,,,,,,,38.04777639,-83.9567455,0.446,4/3/2022,2245,1,1,0,0,CLEAR,DRY,FALSE,RAN OFF ROADWAY (1 VEHICLE WITH/EARTH EMBANKMENT/DITCH),SINGLE VEHICLE,CURVE & LEVEL,DARK-HWY LIGHTED/ON,,,44662.68988,FALSE,238,Accepted,5,5,O,,ALCOHOL INVOLVEMENT,
29929227,0870000,MONTGOMERY CTY SHERIFF DEPT,Accepted,MONTGOMERY,KY0011,10190,LEVEE,RD,,,,,,,,37.92403471,-83.9126792,0.329,4/11/2022,2355,1,1,0,1,RAINING,WET,FALSE,RAN OFF ROADWAY (1 VEHICLE WITH/EARTH EMBANKMENT/DITCH),SINGLE VEHICLE,CURVE & LEVEL,DARK-HWY NOT LIGHTED,,,44663.58696,FALSE,234,Accepted,5,3,B,SLIPPERY SURFACE,INATTENTION,
29931246,0870100,MT. STERLING POLICE DEPARTMENT,Accepted,MONTGOMERY,US0460,,CAMARGO,RD,,,,,,,,38.03796987,-83.93290024,10.99,4/11/2022,500,1,1,0,0,CLOUDY,WET,FALSE,COLLISION WITH ANIMAL NON INTERSECTION,SINGLE VEHICLE,STRAIGHT & LEVEL,DARK-HWY NOT LIGHTED,,,44663.97146,FALSE,129,Accepted,5,5,O,ANIMALS ACTION,,
29931250,0870100,MT. STERLING POLICE DEPARTMENT,Accepted,MONTGOMERY,,495,SPRING,ST,,,,,,,,38.05138984,-83.95287088,0.206,4/12/2022,1510,2,1,0,1,CLOUDY,DRY,FALSE,COLLISION WITH PEDESTRIAN NON - INTERSECTION,SINGLE VEHICLE,STRAIGHT & LEVEL,DAYLIGHT,,,44663.97159,FALSE,108,Accepted,5,4,C,,"FATIGUE, MEDICATION",
29932841,0870100,MT. STERLING POLICE DEPARTMENT,Accepted,MONTGOMERY,KY0686,,INDIAN MOUND,DR,,,COMMONWEALTH,,,,,38.06729207,-83.95546268,0.717,4/12/2022,1420,2,2,0,0,CLEAR,DRY,FALSE,ANGLE COLLISION - OTHER,ANGLE,STRAIGHT & LEVEL,DAYLIGHT,,,44664.39227,FALSE,152,Accepted,5,5,O,,MISJUDGE CLEARANCE,
29935783,0870100,MT. STERLING POLICE DEPARTMENT,Accepted,MONTGOMERY,,,EVANS,AVE,,,,,,,,38.07552019,-83.94900035,0.032,4/13/2022,1323,2,2,0,0,CLEAR,DRY,FALSE,REAR END IN TRAFFIC LANES BOTH VEHICLES MOVING,REAR END,STRAIGHT & LEVEL,DAYLIGHT,,,44665.00251,FALSE,156,Accepted,5,5,O,,INATTENTION,
29942574,0870000,MONTGOMERY CTY SHERIFF DEPT,Accepted,MONTGOMERY,US0060,,WINCHESTER,RD,,,CRESCENT,,,,,38.04685695,-83.98412827,2.689,4/12/2022,1643,2,2,0,0,CLEAR,DRY,TRUE,OPPOSITE DIRECTION - BOTH VEHICLES GOING STRAIGHT AHEAD,SIDESWIPE-OPPOSITE DIRECTION,STRAIGHT & LEVEL,DAYLIGHT,,,44666.61332,FALSE,245,Accepted,5,5,O,,"FAILED TO YIELD RIGHT OF WAY, TURNING IMPROPERLY",
29942576,0870000,MONTGOMERY CTY SHERIFF DEPT,Accepted,MONTGOMERY,KY0011,,MAYSVILLE,RD,,,,,,,,38.08890607,-83.95018586,10.084,4/11/2022,1312,2,2,0,0,RAINING,WET,FALSE,1 VEHICLE ENTERING/LEAVING ENTRANCE,ANGLE,STRAIGHT & GRADE,DAYLIGHT,,,44666.61341,FALSE,228,Accepted,5,5,O,,,OTHER
29942578,0870000,MONTGOMERY CTY SHERIFF DEPT,Accepted,MONTGOMERY,KY0011,,MAYSVILLE,RD,,,,,,,,38.15031957,-83.95506679,14.468,4/12/2022,2327,1,1,0,0,CLEAR,DRY,FALSE,COLLISION WITH ANIMAL NON INTERSECTION,SINGLE VEHICLE,STRAIGHT & LEVEL,DARK-HWY NOT LIGHTED,,,44666.6135,FALSE,252,Accepted,5,5,O,ANIMALS ACTION,,
29942579,0870000,MONTGOMERY CTY SHERIFF DEPT,Accepted,MONTGOMERY,,,PREWITT,PIKE,,,,,,,,38.0195931,-83.98633185,2.207,4/13/2022,2210,1,1,0,0,RAINING,WET,FALSE,COLLISION WITH FIXED OBJECT NON - INTERSECTION - FIRST EVENT COLLISION 09 - 32 EXCLUDING 16,SINGLE VEHICLE,CURVE & LEVEL,DARK-HWY NOT LIGHTED,,,44666.61355,FALSE,252,Accepted,5,5,O,,,
29943901,0870100,MT. STERLING POLICE DEPARTMENT,Accepted,MONTGOMERY,KY1991,,HINKSTON,PIKE,,,,,,,,38.06898996,-83.93801428,0.476,4/13/2022,1417,2,2,0,0,CLOUDY,DRY,TRUE,SIDESWIPE COLLISION - OPPOSITE DIRECTION,SIDESWIPE-OPPOSITE DIRECTION,STRAIGHT & LEVEL,DAYLIGHT,,,44666.91914,FALSE,128,Accepted,5,5,O,OTHER,OTHER,
29943907,0870100,MT. STERLING POLICE DEPARTMENT,Accepted,MONTGOMERY,KY0686,,INDIAN MOUND,DR,,,ALEXA,,,,,38.06552621,-83.95524897,0.847,4/15/2022,1710,2,2,0,2,CLEAR,DRY,FALSE,ANGLE COLLISION - OTHER,ANGLE,STRAIGHT & LEVEL,DAYLIGHT,,,44666.9194,FALSE,157,Accepted,4,2,A,,"FAILED TO YIELD RIGHT OF WAY, IMPROPER PASSING, WEAVING IN TRAFFIC",
29944548,0870100,MT. STERLING POLICE DEPARTMENT,Accepted,MONTGOMERY,KY0686,,INDIAN MOUND,DR,,,COMMONWEALTH,,,,,38.06734629,-83.95542691,0.721,4/15/2022,1706,2,2,0,0,CLOUDY,DRY,FALSE,,OPPOSING LEFT TURN,STRAIGHT & LEVEL,DAYLIGHT,,,44667.08721,FALSE,121,Accepted,5,5,O,,OTHER,
29944549,0870100,MT. STERLING POLICE DEPARTMENT,Accepted,MONTGOMERY,,1314,SHADELAWN,DR,,,,,,,,38.03645553,-83.95939196,0.365,4/15/2022,425,2,2,0,0,CLEAR,DRY,FALSE,,BACKING,STRAIGHT & LEVEL,DARK-HWY LIGHTED/OFF,,,44667.08728,FALSE,121,Accepted,5,5,O,OTHER,INATTENTION,
29944692,0870000,MONTGOMERY CTY SHERIFF DEPT,Accepted,MONTGOMERY,KY0537,,VAN THOMPSON,RD,,,,,,,,38.13099189,-83.88713869,8.537,4/1/2022,810,1,1,0,0,CLOUDY,WET,FALSE,RAN OFF ROADWAY (1 VEHICLE WITH/EARTH EMBANKMENT/DITCH),SINGLE VEHICLE,STRAIGHT & HILLCREST,DAYLIGHT,,,44667.12684,FALSE,232,Accepted,5,5,O,,"INATTENTION, OVERCORRECTING/OVERSTEERING",
29948235,0870000,MONTGOMERY CTY SHERIFF DEPT,Accepted,MONTGOMERY,US0460,,MAIN,ST,,,TRAVIS,,,,,37.97489109,-83.84624604,17.688,4/13/2022,1524,2,2,0,2,RAINING,WET,FALSE,OPPOSING LEFT TURN,OPPOSING LEFT TURN,STRAIGHT & LEVEL,DAYLIGHT,,,44668.53258,FALSE,228,Accepted,3,3,B,,FAILED TO YIELD RIGHT OF WAY,
29954154,0870100,MT. STERLING POLICE DEPARTMENT,Accepted,MONTGOMERY,KY0011,,LEVEE,RD,,CR1243A,FULLER,,,,,38.03644659,-83.94999168,8.923,4/18/2022,906,2,2,0,0,RAINING,WET,FALSE,REAR END IN TRAFFIC LANES BOTH VEHICLES MOVING,REAR END,STRAIGHT & LEVEL,DAWN,,,44669.87962,FALSE,152,Accepted,5,5,O,,DISTRACTION,
29970605,KSP0800,"KY STATE POLICE, POST 08",Accepted,MONTGOMERY,US0460,,MAIN,ST,,,,,,,,37.98232289,-83.86764493,16.438,4/20/2022,1656,2,2,0,0,CLEAR,DRY,FALSE,REAR END IN TRAFFIC LANES BOTH VEHICLES MOVING,REAR END,STRAIGHT & LEVEL,DAYLIGHT,,,44673.45176,FALSE,522,Accepted,5,5,O,,"DISTRACTION, INATTENTION",
29974314,0870000,MONTGOMERY CTY SHERIFF DEPT,Accepted,MONTGOMERY,US0460,,PARIS,RD,,,,,,,,38.088214,-83.95127982,7.243,4/15/2022,1648,2,2,0,0,CLEAR,DRY,FALSE,REAR END IN TRAFFIC LANES BOTH VEHICLES MOVING,REAR END,STRAIGHT & LEVEL,DAYLIGHT,,,44674.64157,FALSE,249,Accepted,5,5,O,,INATTENTION,
29974317,0870000,MONTGOMERY CTY SHERIFF DEPT,Accepted,MONTGOMERY,,,RICHMOND,AVE,,,,,,,,38.04715752,-83.94848999,0.535,4/14/2022,2242,3,3,0,2,CLEAR,DRY,FALSE,1 VEHICLE PARKED POSITION (NOT PARKING LOT/DRIVEWAY),ANGLE,CURVE & HILLCREST,DARK-HWY LIGHTED/ON,,,44674.64177,FALSE,292,Accepted,5,3,B,,"ALCOHOL INVOLVEMENT, EXCEEDED STATED SPEED LIMIT, NOT UNDER PROPER CONTROL",
29974320,0870000,MONTGOMERY CTY SHERIFF DEPT,Accepted,MONTGOMERY,,569,JAMIE RIDGE,DR,,,,,,,,38.07051551,-83.89734244,0.033,4/18/2022,743,2,2,0,0,CLOUDY,DRY,FALSE,1 VEHICLE PARKED POSITION (NOT PARKING LOT/DRIVEWAY),SIDESWIPE-SAME DIRECTION,STRAIGHT & LEVEL,DARK-HWY NOT LIGHTED,,,44674.64195,FALSE,234,Accepted,5,5,O,,"INATTENTION, MISJUDGE CLEARANCE",
29974322,0870000,MONTGOMERY CTY SHERIFF DEPT,Accepted,MONTGOMERY,US0060,,WINCHESTER,RD,,,WESTWOOD,,,,,38.05320186,-83.96225602,3.991,4/14/2022,2230,2,2,0,0,CLEAR,DRY,FALSE,SIDESWIPE-SAME DIRECTION,SIDESWIPE-SAME DIRECTION,STRAIGHT & GRADE,DARK-HWY NOT LIGHTED,,,44674.6421,FALSE,238,Accepted,5,5,O,,INATTENTION,
29978079,0870100,MT. STERLING POLICE DEPARTMENT,Accepted,MONTGOMERY,,,HIGH,ST,W,,HOWARD,,,,,38.05728128,-83.94376537,0.256,4/23/2022,1413,2,2,0,0,CLEAR,DRY,FALSE,ANGLE COLLISION - OTHER,ANGLE,STRAIGHT & LEVEL,DAYLIGHT,,,44675.90519,FALSE,156,Accepted,5,5,O,,INATTENTION,
29981844,0870000,MONTGOMERY CTY SHERIFF DEPT,Accepted,MONTGOMERY,KY0713,6295,SPENCER,PIKE,,,,,,,,38.0304372,-83.87390895,10.792,4/22/2022,1702,2,2,0,0,CLEAR,DRY,FALSE,SIDESWIPE COLLISION - OPPOSITE DIRECTION,SIDESWIPE-OPPOSITE DIRECTION,CURVE & LEVEL,DAYLIGHT,,,44676.6611,FALSE,246,Accepted,5,5,O,,MISJUDGE CLEARANCE,
29987693,0870100,MT. STERLING POLICE DEPARTMENT,Accepted,MONTGOMERY,,,SYCAMORE,ST,N,,,,,,,38.05681166,-83.94537532,0.452,4/24/2022,1920,3,3,0,0,CLEAR,DRY,FALSE,1 VEHICLE PARKED POSITION (NOT PARKING LOT/DRIVEWAY),SIDESWIPE-SAME DIRECTION,STRAIGHT & LEVEL,DAYLIGHT,,,44678.01086,FALSE,156,Accepted,5,5,O,,NOT UNDER PROPER CONTROL,STEERING FAILURE
29987694,0870100,MT. STERLING POLICE DEPARTMENT,Accepted,MONTGOMERY,KY0686,,INDIAN MOUND,DR,,,MAPLETON ELEMENTARY SCHOOL,,,,,38.06181034,-83.95558652,1.089,4/25/2022,1118,2,2,0,2,CLEAR,DRY,FALSE,ANGLE COLLISION - ONE VEHICLE TURNING LEFT,ANGLE,STRAIGHT & LEVEL,DAYLIGHT,,,44678.01092,FALSE,154,Accepted,5,4,C,,"FAILED TO YIELD RIGHT OF WAY, INATTENTION",
29989229,0870000,MONTGOMERY CTY SHERIFF DEPT,Accepted,MONTGOMERY,,,STEPSTONE,RD,,,,,,,,38.08508061,-83.8886233,0.476,4/9/2022,1753,2,2,0,0,CLOUDY,DRY,FALSE,1 VEHICLE ENTERING/LEAVING ENTRANCE,ANGLE,STRAIGHT & GRADE,DAYLIGHT,,,44678.43382,FALSE,252,Accepted,5,5,O,,,"BRAKES DEFECTIVE, TIRES"
29994646,0870100,MT. STERLING POLICE DEPARTMENT,Accepted,MONTGOMERY,US0460,,MAYSVILLE,ST,N,,,,,,,38.06384511,-83.94468856,9.023,4/20/2022,1148,3,3,0,0,CLEAR,DRY,FALSE,REAR END IN TRAFFIC LANES BOTH VEHICLES MOVING,REAR END,STRAIGHT & HILLCREST,DAYLIGHT,,,44679.62686,FALSE,149,Accepted,5,5,O,VIEW OBSTRUCTED/LIMITED DUE TO RDWY,,
30019055,0870100,MT. STERLING POLICE DEPARTMENT,Accepted,MONTGOMERY,,,SILVER LAKE,DR,,,,,,,,38.08139314,-83.95032549,0.038,5/2/2022,2045,2,2,0,0,CLEAR,DRY,FALSE,1 VEHICLE ENTERING/LEAVING ENTRANCE,ANGLE,STRAIGHT & GRADE,DUSK,,,44685.85793,FALSE,129,Accepted,5,5,O,,OTHER,
30022702,0870000,MONTGOMERY CTY SHERIFF DEPT,Accepted,MONTGOMERY,KY0213,,BEDFORD,RD,,,,,,,,38.00953589,-83.83376187,7.897,4/30/2022,1115,1,1,0,0,CLEAR,DRY,FALSE,COLLISION WITH FIXED OBJECT NON - INTERSECTION - FIRST EVENT COLLISION 09 - 32 EXCLUDING 16,SINGLE VEHICLE,STRAIGHT & GRADE,DAYLIGHT,,,44686.72009,FALSE,226,Accepted,5,5,O,,NOT UNDER PROPER CONTROL,
30022706,0870000,MONTGOMERY CTY SHERIFF DEPT,Accepted,MONTGOMERY,US0060,,WINCHESTER,RD,,,CRESCENT,,,,,38.04693415,-83.98407726,2.683,4/28/2022,1647,2,2,0,0,CLEAR,DRY,FALSE,REAR END - ONE VEHICLE TURNING LEFT,REAR END,STRAIGHT & LEVEL,DAYLIGHT,,,44686.72034,FALSE,238,Accepted,5,5,O,,"INATTENTION, NOT UNDER PROPER CONTROL",
30022707,0870000,MONTGOMERY CTY SHERIFF DEPT,Accepted,MONTGOMERY,,,RICHMOND,AVE,,,,,,,,38.04221473,-83.95073044,0.256,5/2/2022,609,2,2,0,0,CLEAR,DRY,FALSE,1 VEHICLE ENTERING/LEAVING ENTRANCE,ANGLE,STRAIGHT & LEVEL,DAWN,,,44686.72045,FALSE,231,Accepted,5,5,O,,INATTENTION,
30027522,0870100,MT. STERLING POLICE DEPARTMENT,Accepted,MONTGOMERY,US0460,,CAMARGO,RD,,,,,,,,38.04189168,-83.93423878,10.705,5/5/2022,805,2,2,0,0,CLEAR,DRY,FALSE,REAR END IN TRAFFIC LANES BOTH VEHICLES MOVING,REAR END,STRAIGHT & LEVEL,DAYLIGHT,,,44687.96187,FALSE,156,Accepted,5,5,O,,INATTENTION,
30033096,0870100,MT. STERLING POLICE DEPARTMENT,Accepted,MONTGOMERY,,316,CLAY,ST,,,ELM,,,,,38.05837539,-83.94914747,0.339,5/8/2022,10,2,2,0,0,CLOUDY,WET,FALSE,,REAR END,STRAIGHT & GRADE,DARK-HWY LIGHTED/ON,,,44690.06222,FALSE,121,Accepted,5,5,O,SLIPPERY SURFACE,ALCOHOL INVOLVEMENT,
30052610,0870100,MT. STERLING POLICE DEPARTMENT,Accepted,MONTGOMERY,,,SYCAMORE,ST,N,,HIGH,,,,,38.05690756,-83.94541664,0.445,5/6/2022,1515,3,3,0,0,RAINING,WET,FALSE,ANGLE COLLISION - OTHER,ANGLE,STRAIGHT & GRADE,DAYLIGHT,,,44693.97191,FALSE,128,Accepted,5,5,O,,,BRAKES DEFECTIVE
30052612,0870100,MT. STERLING POLICE DEPARTMENT,Accepted,MONTGOMERY,,505,HOLT,AVE,,,,,,,,38.05996067,-83.9527951,0.346,4/30/2022,1502,2,2,0,0,CLEAR,DRY,FALSE,1 VEHICLE PARKED POSITION (NOT PARKING LOT/DRIVEWAY),BACKING,STRAIGHT & LEVEL,DAYLIGHT,,,44693.972,FALSE,155,Accepted,5,5,O,,"EMOTIONAL, IMPROPER BACKING",
30052618,0870100,MT. STERLING POLICE DEPARTMENT,Accepted,MONTGOMERY,,,HIGH,ST,E,,,,,,,38.05754809,-83.94246151,,5/11/2022,951,1,1,0,1,CLEAR,DRY,FALSE,COLLISION WITH FIXED OBJECT NON - INTERSECTION - FIRST EVENT COLLISION 09 - 32 EXCLUDING 16,SINGLE VEHICLE,STRAIGHT & LEVEL,DAYLIGHT,,,44693.97214,FALSE,159,Accepted,5,4,C,GLARE (SUN),MISJUDGE CLEARANCE,
30052619,0870100,MT. STERLING POLICE DEPARTMENT,Accepted,MONTGOMERY,KY0686,,INDIAN MOUND,DR,,,,,,,,38.07096974,-83.95487348,0.463,5/11/2022,1222,2,2,0,0,CLEAR,DRY,FALSE,SIDESWIPE COLLISION - SAME DIRECTION,SIDESWIPE-SAME DIRECTION,STRAIGHT & LEVEL,DAYLIGHT,,,44693.97219,FALSE,156,Accepted,5,5,O,,"FAILED TO YIELD RIGHT OF WAY, FAILED TO KEEP PROPER LANE",
30053246,0870000,MONTGOMERY CTY SHERIFF DEPT,Accepted,MONTGOMERY,,,OREAR,RD,,,,,,,,37.95583947,-83.93883252,0.044,4/28/2022,1315,2,1,0,0,CLEAR,DRY,FALSE,SIDESWIPE COLLISION - OPPOSITE DIRECTION,SIDESWIPE-OPPOSITE DIRECTION,CURVE & GRADE,DAYLIGHT,,,44694.12688,FALSE,232,Accepted,5,5,O,,MISJUDGE CLEARANCE,
30055037,0870000,MONTGOMERY CTY SHERIFF DEPT,Accepted,MONTGOMERY,US0460,,PARIS,RD,,,,,,,,38.11671745,-84.04680625,1.383,5/4/2022,1445,1,1,0,4,CLEAR,DRY,FALSE,RAN OFF ROADWAY (1 VEHICLE WITH/EARTH EMBANKMENT/DITCH),SINGLE VEHICLE,CURVE & LEVEL,DAYLIGHT,,,44694.54796,FALSE,226,Accepted,5,2,A,,"EXCEEDED STATED SPEED LIMIT, NOT UNDER PROPER CONTROL",
30055038,0870000,MONTGOMERY CTY SHERIFF DEPT,Accepted,MONTGOMERY,KY0011,8920,LEVEE,RD,,,,,,,,37.94745729,-83.93227917,2.317,5/5/2022,1424,1,1,0,1,CLEAR,DRY,FALSE,COLLISION WITH FIXED OBJECT NON - INTERSECTION - FIRST EVENT COLLISION 09 - 32 EXCLUDING 16,SINGLE VEHICLE,STRAIGHT & LEVEL,DAYLIGHT,,,44694.54824,FALSE,226,Accepted,2,2,A,,"NOT UNDER PROPER CONTROL, OVERCORRECTING/OVERSTEERING",