IncidentID,AgencyORI,AgencyName,IncidentStatusDesc,County,RdwyNumber,Street,RoadwayName,StreetSfx,StreetDir,IntersectionRdwy,IntersectionRdwyName,BetweenStRdwy1,BetweenStRdwyName1,BetweenStRdwy2,BetweenStRdwyName2,Latitude,Longitude,Milepoint,CollisionDate,CollisionTime,UnitsInvolved,MotorVehiclesInvolved,NumberKilled,NumberInjured,Weather,RdwyConditionCode,HitandRun,DirAnalysisCode,MannerofCollision,RdwyCharacter,LightCondition,RampFromRdwyId,RampToRdwyId,AcceptedDate,IsSecondaryCollision,OwnerBadge,IncidentStatus,InjurySeverityCde,KABCO Code,KABCO,Environmental_Factors,Human_Factors,Vehicular_Factors
30055044,0870000,MONTGOMERY CTY SHERIFF DEPT,Accepted,MONTGOMERY,US0460,,MAIN,ST,,KY0213,BEDFORD,,,,,37.97725184,-83.85372065,17.275,5/8/2022,1225,2,2,0,3,CLEAR,DRY,FALSE,ANGLE COLLISION - OTHER,ANGLE,STRAIGHT & LEVEL,DAYLIGHT,,,44694.54868,FALSE,228,Accepted,5,3,B,,"FAILED TO YIELD RIGHT OF WAY, INATTENTION",
30055046,0870000,MONTGOMERY CTY SHERIFF DEPT,Accepted,MONTGOMERY,KY0011,7310,LEVEE,RD,,,,,,,,37.95795459,-83.93882473,3.143,5/6/2022,38,1,1,0,0,CLEAR,DRY,FALSE,OTHER ROADWAY OR MID-BLOCK COLLISION,SINGLE VEHICLE,STRAIGHT & LEVEL,DARK-HWY NOT LIGHTED,,,44694.54891,FALSE,231,Accepted,5,5,O,,"ALCOHOL INVOLVEMENT, NOT UNDER PROPER CONTROL",
30055047,0870000,MONTGOMERY CTY SHERIFF DEPT,Accepted,MONTGOMERY,US0460,3409,CAMARGO,RD,,,,,,,,37.99955236,-83.89729954,14.359,5/9/2022,706,2,2,0,0,CLEAR,DRY,FALSE,1 VEHICLE ENTERING/LEAVING ENTRANCE,ANGLE,STRAIGHT & LEVEL,DAYLIGHT,,,44694.54904,FALSE,231,Accepted,5,5,O,,INATTENTION,
30055050,0870000,MONTGOMERY CTY SHERIFF DEPT,Accepted,MONTGOMERY,,5757,MCCORMICK,RD,,,,,,,,38.01808064,-83.84932939,1.995,5/9/2022,1100,2,2,0,0,CLEAR,DRY,FALSE,1 VEHICLE PARKED POSITION (NOT PARKING LOT/DRIVEWAY),HEAD ON,STRAIGHT & GRADE,DAYLIGHT,,,44694.54935,FALSE,228,Accepted,5,5,O,,,OTHER
30055053,0870000,MONTGOMERY CTY SHERIFF DEPT,Accepted,MONTGOMERY,,506,PLUM LICK,RD,,,,,,,,38.13723038,-84.04947803,1.486,5/11/2022,625,2,2,0,0,CLEAR,DRY,FALSE,1 VEHICLE PARKED POSITION (NOT PARKING LOT/DRIVEWAY),ANGLE,CURVE & GRADE,DAWN,,,44694.54982,FALSE,248,Accepted,5,5,O,,INATTENTION,
30057341,0870000,MONTGOMERY CTY SHERIFF DEPT,Accepted,MONTGOMERY,,,COUNTRY HEIGHTS,DR,,US0460,CAMARGO,,,,,38.0324922,-83.92790998,,1/6/2022,1220,2,1,0,0,SNOWING,SNOW/SLUSH,FALSE,ANGLE COLLISION - OTHER,ANGLE,STRAIGHT & LEVEL,DAYLIGHT,,,44695.12673,FALSE,232,Accepted,5,5,O,SLIPPERY SURFACE,,
30066761,0870100,MT. STERLING POLICE DEPARTMENT,Accepted,MONTGOMERY,US0060,,WINCHESTER,RD,,KY0686,INDIAN MOUND,,,,,38.05379611,-83.95639942,4.315,5/15/2022,1805,2,2,0,0,CLEAR,DRY,FALSE,ANGLE COLLISION - OTHER,ANGLE,STRAIGHT & LEVEL,DAYLIGHT,,,44697.90283,FALSE,154,Accepted,5,5,O,,FAILED TO YIELD RIGHT OF WAY,
30066762,0870100,MT. STERLING POLICE DEPARTMENT,Accepted,MONTGOMERY,,,REESE,WAY,,KY0686,INDIAN MOUND,,,,,38.06741806,-83.95516277,0.01,5/15/2022,1725,2,2,0,0,CLOUDY,DRY,FALSE,OTHER INTERSECTION COLLISIONS,REAR END,STRAIGHT & LEVEL,DAYLIGHT,,,44697.90288,FALSE,157,Accepted,5,5,O,GLARE (SUN),"DISTRACTION, INATTENTION",
30066763,0870100,MT. STERLING POLICE DEPARTMENT,Accepted,MONTGOMERY,KY0686,,INDIAN MOUND,DR,,,,,,,,38.06740302,-83.9554751,0.716,5/7/2022,1450,2,2,0,0,CLEAR,DRY,FALSE,OTHER ROADWAY OR MID-BLOCK COLLISION,REAR END,STRAIGHT & LEVEL,DAYLIGHT,,,44697.90293,FALSE,149,Accepted,5,5,O,,INATTENTION,
30071700,0870100,MT. STERLING POLICE DEPARTMENT,Accepted,MONTGOMERY,KY0713,,HIGH,ST,W,,,,,,,38.05769315,-83.95313459,5.951,4/18/2022,1406,1,1,0,0,CLEAR,DRY,FALSE,COLLISION WITH FIXED OBJECT NON - INTERSECTION - FIRST EVENT COLLISION 09 - 32 EXCLUDING 16,SINGLE VEHICLE,STRAIGHT & LEVEL,DAYLIGHT,,,44698.99291,FALSE,152,Accepted,5,5,O,,TOO FAST FOR CONDITIONS,
30078413,0870000,MONTGOMERY CTY SHERIFF DEPT,Accepted,MONTGOMERY,US0060,1834,OWINGSVILLE,RD,,,,,,,,38.0814275,-83.9037468,8.089,5/13/2022,1731,1,1,0,0,CLEAR,DRY,FALSE,RAN OFF ROADWAY (1 VEHICLE WITH/EARTH EMBANKMENT/DITCH),SINGLE VEHICLE,STRAIGHT & LEVEL,DAYLIGHT,,,44700.53583,FALSE,249,Accepted,5,5,O,,,
30078414,0870000,MONTGOMERY CTY SHERIFF DEPT,Accepted,MONTGOMERY,,629,SMITH,ST,,,,,,,,38.05827104,-83.92878731,0.292,5/5/2022,1900,2,2,0,0,CLEAR,DRY,FALSE,1 VEHICLE PARKED POSITION (NOT PARKING LOT/DRIVEWAY),BACKING,STRAIGHT & HILLCREST,DAYLIGHT,,,44700.5359,FALSE,246,Accepted,5,5,O,,MISJUDGE CLEARANCE,
30078416,0870000,MONTGOMERY CTY SHERIFF DEPT,Accepted,MONTGOMERY,,108,JAMES,WAY,,,,,,,,38.03293485,-83.97086845,0.037,5/7/2022,2235,2,2,0,0,CLEAR,DRY,FALSE,1 VEHICLE PARKED POSITION (NOT PARKING LOT/DRIVEWAY),REAR END,STRAIGHT & LEVEL,DARK-HWY NOT LIGHTED,,,44700.53598,FALSE,246,Accepted,5,5,O,,ALCOHOL INVOLVEMENT,
30078458,0870000,MONTGOMERY CTY SHERIFF DEPT,Accepted,MONTGOMERY,US0460,,PARIS,RD,,,,,,,,38.09701142,-83.97612228,5.709,5/14/2022,150,1,1,0,0,CLOUDY,DRY,FALSE,RAN OFF ROADWAY (1 VEHICLE WITH/EARTH EMBANKMENT/DITCH),SINGLE VEHICLE,CURVE & LEVEL,DARK-HWY NOT LIGHTED,,,44700.53765,FALSE,234,Accepted,5,5,O,ANIMALS ACTION,NOT UNDER PROPER CONTROL,
30078462,0870000,MONTGOMERY CTY SHERIFF DEPT,Accepted,MONTGOMERY,US0060,,OWINGSVILLE,RD,,,OLD OWINGSVILLE,,,,,38.06207801,-83.93131228,5.878,5/16/2022,752,2,2,0,0,CLOUDY,WET,FALSE,ANGLE COLLISION - OTHER,ANGLE,STRAIGHT & LEVEL,DAYLIGHT,,,44700.53782,FALSE,228,Accepted,5,5,O,,FAILED TO YIELD RIGHT OF WAY,
30096797,0870000,MONTGOMERY CTY SHERIFF DEPT,Accepted,MONTGOMERY,KY0713,860,SPENCER,PIKE,,,,,,,,38.05891795,-83.92458256,7.265,5/15/2022,1842,2,2,0,4,CLEAR,DRY,FALSE,SIDESWIPE COLLISION - OPPOSITE DIRECTION,SIDESWIPE-OPPOSITE DIRECTION,CURVE & LEVEL,DAYLIGHT,,,44705.53352,FALSE,249,Accepted,5,3,B,,INATTENTION,
30096798,0870000,MONTGOMERY CTY SHERIFF DEPT,Accepted,MONTGOMERY,,,MCFARLAND,RD,,,,,,,,37.96535902,-83.8062323,0.119,4/27/2022,1756,2,2,0,0,CLEAR,DRY,FALSE,VEHICLE BACKING NON INTERSECTION,BACKING,STRAIGHT & LEVEL,DAYLIGHT,,,44705.53362,FALSE,252,Accepted,5,5,O,,,
30096800,0870000,MONTGOMERY CTY SHERIFF DEPT,Accepted,MONTGOMERY,,4454,MCCORMICK,RD,,,,,,,,38.00776427,-83.87566491,1.309,5/10/2022,1330,1,1,0,0,CLEAR,DRY,FALSE,COLLISION WITH FIXED OBJECT NON - INTERSECTION - FIRST EVENT COLLISION 09 - 32 EXCLUDING 16,SINGLE VEHICLE,STRAIGHT & LEVEL,DAYLIGHT,,,44705.53376,FALSE,238,Accepted,5,5,O,,MISJUDGE CLEARANCE,
30096803,0870000,MONTGOMERY CTY SHERIFF DEPT,Accepted,MONTGOMERY,,,FOGG,PIKE,,,,,,,,38.04143842,-83.95211748,0.238,5/16/2022,1736,2,2,0,0,CLEAR,DRY,FALSE,SIDESWIPE COLLISION - OPPOSITE DIRECTION,SIDESWIPE-OPPOSITE DIRECTION,STRAIGHT & LEVEL,DAYLIGHT,,,44705.53387,FALSE,238,Accepted,5,5,O,,"ALCOHOL INVOLVEMENT, NOT UNDER PROPER CONTROL",
30096806,0870000,MONTGOMERY CTY SHERIFF DEPT,Accepted,MONTGOMERY,KY0686,,INDIAN MOUND,DR,,,,,,,,38.06185176,-83.95535153,1.08,5/18/2022,2,2,2,0,0,CLEAR,DRY,FALSE,VEHICLE BACKING NON INTERSECTION,BACKING,STRAIGHT & LEVEL,DARK-HWY NOT LIGHTED,,,44705.53398,FALSE,248,Accepted,5,5,O,,"IMPROPER BACKING, INATTENTION",
30096935,0870000,MONTGOMERY CTY SHERIFF DEPT,Accepted,MONTGOMERY,KY0686,,INDIAN MOUND,DR,,,,,,,,38.06563637,-83.95549803,0.854,5/19/2022,1459,2,2,0,0,CLEAR,DRY,FALSE,1 VEHICLE ENTERING/LEAVING ENTRANCE,ANGLE,STRAIGHT & LEVEL,DAYLIGHT,,,44705.55348,FALSE,226,Accepted,5,5,O,,FAILED TO YIELD RIGHT OF WAY,
30096946,0870000,MONTGOMERY CTY SHERIFF DEPT,Accepted,MONTGOMERY,US0460,,CAMARGO,RD,,,CAMARGO LEVEE,,,,,37.99340681,-83.8860815,15.142,5/16/2022,1725,2,2,0,0,CLEAR,DRY,FALSE,OPPOSING LEFT TURN,OPPOSING LEFT TURN,STRAIGHT & LEVEL,DAYLIGHT,,,44705.55371,FALSE,252,Accepted,5,5,O,,,
30096948,0870000,MONTGOMERY CTY SHERIFF DEPT,Accepted,MONTGOMERY,US0460,3800,PARIS,RD,,,,,,,,38.11715438,-84.04829524,1.297,5/21/2022,1744,1,1,0,1,SEVERE CROSSWINDS,WET,FALSE,COLLISION WITH FIXED OBJECT NON - INTERSECTION - FIRST EVENT COLLISION 09 - 32 EXCLUDING 16,SINGLE VEHICLE,STRAIGHT & LEVEL,DAYLIGHT,,,44705.5538,FALSE,249,Accepted,3,3,B,"VIEW OBSTRUCTED, LIMITED DUE TO WEATHER CONDITIONS",,
30096949,0870000,MONTGOMERY CTY SHERIFF DEPT,Accepted,MONTGOMERY,,2600,HOWELL DRENNEN,RD,,,,,,,,38.07042153,-83.99642446,0.326,5/13/2022,1746,2,2,0,0,CLEAR,DRY,FALSE,1 VEHICLE PARKED POSITION (NOT PARKING LOT/DRIVEWAY),BACKING,STRAIGHT & LEVEL,DAYLIGHT,,,44705.55387,FALSE,246,Accepted,5,5,O,,"INATTENTION, MISJUDGE CLEARANCE",
30103371,0870100,MT. STERLING POLICE DEPARTMENT,Accepted,MONTGOMERY,US0060,,MAIN,ST,W,,,,,,,38.0542246,-83.95246571,4.535,5/24/2022,133,1,1,0,0,CLEAR,DRY,FALSE,COLLISION WITH FIXED OBJECT NON - INTERSECTION - FIRST EVENT COLLISION 09 - 32 EXCLUDING 16,SINGLE VEHICLE,STRAIGHT & LEVEL,DARK-HWY LIGHTED/ON,,,44706.83095,FALSE,129,Accepted,5,5,O,ANIMALS ACTION,NOT UNDER PROPER CONTROL,
30103374,0870100,MT. STERLING POLICE DEPARTMENT,Accepted,MONTGOMERY,KY0686,,INDIAN MOUND,DR,,,MAYSVILLE,,,,,38.07397092,-83.94845503,,5/25/2022,926,2,2,0,0,CLEAR,DRY,FALSE,OTHER INTERSECTION COLLISIONS,REAR END,STRAIGHT & LEVEL,DAYLIGHT,,,44706.83109,FALSE,153,Accepted,5,5,O,,DISTRACTION,
30106365,0870100,MT. STERLING POLICE DEPARTMENT,Accepted,MONTGOMERY,KY0011,,LEVEE,RD,,,INDIAN MOUND,,,,,38.0412143,-83.94807967,,5/26/2022,945,2,2,0,0,RAINING,WET,FALSE,OTHER INTERSECTION COLLISIONS,REAR END,STRAIGHT & LEVEL,DAYLIGHT,,,44707.59715,FALSE,153,Accepted,5,5,O,BACKUP DUE TO REGULAR CONGESTION,FOLLOWING TOO CLOSE,
30117261,0870100,MT. STERLING POLICE DEPARTMENT,Accepted,MONTGOMERY,,,WALMART,DR,,,,,,,,38.06969685,-83.9559156,0.161,5/26/2022,2120,2,2,0,0,CLOUDY,WET,FALSE,1 VEHICLE ENTERING/LEAVING ENTRANCE,ANGLE,STRAIGHT & LEVEL,DARK-HWY LIGHTED/ON,,,44710.8675,FALSE,129,Accepted,5,5,O,,INATTENTION,
30119579,0870100,MT. STERLING POLICE DEPARTMENT,Accepted,MONTGOMERY,US0460,690,MAYSVILLE,ST,N,,,,,,,38.07348254,-83.94819542,8.331,5/29/2022,56,2,2,0,1,CLEAR,DRY,FALSE,1 VEHICLE PARKED POSITION (NOT PARKING LOT/DRIVEWAY),BACKING,STRAIGHT & LEVEL,DARK-HWY LIGHTED/ON,,,44711.60687,FALSE,120,Accepted,5,4,C,,"OTHER, SICK",
30127104,0870100,MT. STERLING POLICE DEPARTMENT,Accepted,MONTGOMERY,US0460,690,MAYSVILLE,ST,N,,,,,,,38.07272238,-83.94780685,,5/31/2022,825,2,2,0,0,CLEAR,DRY,FALSE,SIDESWIPE COLLISION - OPPOSITE DIRECTION,SIDESWIPE-OPPOSITE DIRECTION,STRAIGHT & LEVEL,DAYLIGHT,,,44712.99292,FALSE,153,Accepted,5,5,O,,INATTENTION,
30135585,0870000,MONTGOMERY CTY SHERIFF DEPT,Accepted,MONTGOMERY,US0460,,MAIN,ST,,,,,,,,37.97771156,-83.8549578,17.218,5/14/2022,1955,2,2,0,1,RAINING,WET,FALSE,1 VEHICLE ENTERING/LEAVING ENTRANCE,ANGLE,STRAIGHT & LEVEL,DAYLIGHT,,,44714.68557,FALSE,246,Accepted,5,3,B,SLIPPERY SURFACE,NOT UNDER PROPER CONTROL,BRAKES DEFECTIVE
30135589,0870000,MONTGOMERY CTY SHERIFF DEPT,Accepted,MONTGOMERY,US0060,2108,WINCHESTER,RD,,,,,,,,38.04747493,-83.98033781,2.908,5/18/2022,1640,2,2,0,1,CLEAR,DRY,FALSE,REAR END IN TRAFFIC LANES BOTH VEHICLES MOVING,REAR END,STRAIGHT & LEVEL,DAYLIGHT,,,44714.68569,FALSE,246,Accepted,5,3,B,,"INATTENTION, NOT UNDER PROPER CONTROL",
30144788,0870100,MT. STERLING POLICE DEPARTMENT,Accepted,MONTGOMERY,,110,STONE TRACE DRIVE,,,,,,,,,38.08008782,-83.95057689,,6/4/2022,1840,2,2,0,0,CLEAR,DRY,FALSE,,ANGLE,STRAIGHT & LEVEL,DAYLIGHT,,,44717.05896,FALSE,121,Accepted,5,5,O,,INATTENTION,
30144789,0870100,MT. STERLING POLICE DEPARTMENT,Accepted,MONTGOMERY,US0460,,CAMARGO,RD,,,COUNTRY HEIGHTS,,,,,38.03264564,-83.92807217,11.448,6/4/2022,2321,1,1,0,0,CLEAR,DRY,FALSE,,SINGLE VEHICLE,STRAIGHT & LEVEL,DARK-HWY NOT LIGHTED,,,44717.05908,FALSE,121,Accepted,5,5,O,,INATTENTION,
30144792,0870100,MT. STERLING POLICE DEPARTMENT,Accepted,MONTGOMERY,,,WALMART,DR,,,,,,,,38.06903671,-83.95598161,0.116,6/4/2022,1945,2,2,0,0,CLEAR,DRY,FALSE,HEAD-ON COLLISION,HEAD ON,STRAIGHT & LEVEL,DAYLIGHT,,,44717.05916,FALSE,157,Accepted,5,5,O,,"DISTRACTION, INATTENTION",
30159879,0870000,MONTGOMERY CTY SHERIFF DEPT,Accepted,MONTGOMERY,US0460,,CAMARGO,RD,,,CARTWRIGHT,,,,,37.99942409,-83.89727027,14.37,5/27/2022,1138,2,2,0,1,CLOUDY,DRY,FALSE,OTHER INTERSECTION COLLISIONS,REAR END,STRAIGHT & LEVEL,DAYLIGHT,,,44720.6619,FALSE,245,Accepted,5,4,C,,,
30159882,0870000,MONTGOMERY CTY SHERIFF DEPT,Accepted,MONTGOMERY,US0460,,CAMARGO,RD,,,,,,,,38.00382711,-83.90220362,13.954,5/26/2022,1401,2,2,0,0,CLOUDY,DRY,FALSE,REAR END IN TRAFFIC LANES BOTH VEHICLES MOVING,REAR END,STRAIGHT & GRADE,DAYLIGHT,,,44720.66219,FALSE,228,Accepted,5,5,O,,,
30159883,0870000,MONTGOMERY CTY SHERIFF DEPT,Accepted,MONTGOMERY,KY0646,570,WILLOUGHBY TOWN,RD,,,,,,,,37.95256325,-83.89107135,1.77,5/29/2022,1006,1,1,0,0,CLEAR,DRY,FALSE,COLLISION WITH FIXED OBJECT NON - INTERSECTION - FIRST EVENT COLLISION 09 - 32 EXCLUDING 16,SINGLE VEHICLE,CURVE & GRADE,DAYLIGHT,,,44720.66227,FALSE,245,Accepted,5,5,O,,"FAILED TO KEEP PROPER LANE, NOT UNDER PROPER CONTROL",
30159890,0870000,MONTGOMERY CTY SHERIFF DEPT,Accepted,MONTGOMERY,KY0011,,LEVEE,RD,,,,,,,,37.92650836,-83.913807,0.513,5/26/2022,1451,1,1,0,0,CLOUDY,DRY,FALSE,COLLISION WITH FIXED OBJECT NON - INTERSECTION - FIRST EVENT COLLISION 09 - 32 EXCLUDING 16,SINGLE VEHICLE,STRAIGHT & GRADE,DAYLIGHT,,,44720.66252,FALSE,228,Accepted,5,5,O,OTHER,,
30159894,0870000,MONTGOMERY CTY SHERIFF DEPT,Accepted,MONTGOMERY,KY0713,,SPENCER,PIKE,,,,,,,,38.05714298,-83.91967168,7.565,5/21/2022,1150,1,1,0,1,CLEAR,DRY,FALSE,RAN OFF ROADWAY (1 VEHICLE WITH/EARTH EMBANKMENT/DITCH),SINGLE VEHICLE,STRAIGHT & GRADE,DAYLIGHT,,,44720.6627,FALSE,226,Accepted,4,4,C,,NOT UNDER PROPER CONTROL,
30159895,0870000,MONTGOMERY CTY SHERIFF DEPT,Accepted,MONTGOMERY,US0460,,CAMARGO,RD,,,,,,,,38.0216035,-83.91563409,12.478,5/24/2022,1453,2,2,0,0,CLEAR,DRY,TRUE,1 VEHICLE ENTERING/LEAVING ENTRANCE,ANGLE,STRAIGHT & GRADE,DAYLIGHT,,,44720.66276,FALSE,226,Accepted,5,5,O,,FAILED TO YIELD RIGHT OF WAY,
30159899,0870000,MONTGOMERY CTY SHERIFF DEPT,Accepted,MONTGOMERY,,725,LINDEN,CT,,,,,,,,38.08908852,-83.91116346,0.089,5/28/2022,1218,2,2,0,0,CLEAR,DRY,FALSE,1 VEHICLE PARKED POSITION (NOT PARKING LOT/DRIVEWAY),REAR END,STRAIGHT & LEVEL,DAYLIGHT,,,44720.66285,FALSE,226,Accepted,5,5,O,,FAILED TO YIELD RIGHT OF WAY,
30159905,0870000,MONTGOMERY CTY SHERIFF DEPT,Accepted,MONTGOMERY,US0060,,OWINGSVILLE,RD,,,,,,,,38.08119385,-83.90428738,8.057,5/27/2022,2227,2,1,1,0,CLEAR,DRY,FALSE,COLLISION WITH PEDESTRIAN NON - INTERSECTION,SINGLE VEHICLE,STRAIGHT & GRADE,DARK-HWY NOT LIGHTED,,,44720.66301,FALSE,292,Accepted,5,1,K,,,
30160572,0870000,MONTGOMERY CTY SHERIFF DEPT,Accepted,MONTGOMERY,US0460,5300,MAIN,ST,,,,,,,,37.98233192,-83.86759047,16.44,6/3/2022,800,2,2,0,0,CLEAR,DRY,FALSE,1 VEHICLE PARKED POSITION (NOT PARKING LOT/DRIVEWAY),BACKING,STRAIGHT & LEVEL,DAYLIGHT,,,44720.73374,FALSE,245,Accepted,5,5,O,,,
30160573,0870000,MONTGOMERY CTY SHERIFF DEPT,Accepted,MONTGOMERY,KY0011,3233,LEVEE,RD,,,,,,,,38.01071431,-83.94981102,7.138,4/7/2022,428,1,1,0,0,CLOUDY,WET,FALSE,COLLISION WITH FIXED OBJECT NON - INTERSECTION - FIRST EVENT COLLISION 09 - 32 EXCLUDING 16,SINGLE VEHICLE,CURVE & LEVEL,DARK-HWY NOT LIGHTED,,,44720.73385,FALSE,248,Accepted,5,5,O,SLIPPERY SURFACE,NOT UNDER PROPER CONTROL,
30160577,0870000,MONTGOMERY CTY SHERIFF DEPT,Accepted,MONTGOMERY,,,CAMARGO LEVEE,RD,,,,,,,,37.95938409,-83.8951561,2.387,6/3/2022,810,2,2,0,0,CLEAR,DRY,FALSE,SIDESWIPE COLLISION - OPPOSITE DIRECTION,SIDESWIPE-OPPOSITE DIRECTION,CURVE & GRADE,DAYLIGHT,,,44720.73403,FALSE,226,Accepted,5,5,O,,"DISTRACTION, FAILED TO KEEP PROPER LANE",
30160582,0870000,MONTGOMERY CTY SHERIFF DEPT,Accepted,MONTGOMERY,,,RICHMOND,AVE,,,ESTILL TERACE,,,,,38.04807963,-83.94836082,0.468,6/4/2022,2136,2,2,0,0,CLEAR,DRY,FALSE,ANGLE COLLISION - OTHER,ANGLE,STRAIGHT & LEVEL,DARK-HWY NOT LIGHTED,,,44720.73417,FALSE,249,Accepted,5,5,O,,FAILED TO YIELD RIGHT OF WAY,BRAKES DEFECTIVE
30160589,0870000,MONTGOMERY CTY SHERIFF DEPT,Accepted,MONTGOMERY,,601,DOE RUN,DR,,,,,,,,38.07161102,-83.91861732,0.024,6/3/2022,1503,2,2,0,0,CLEAR,DRY,TRUE,1 VEHICLE PARKED POSITION (NOT PARKING LOT/DRIVEWAY),BACKING,STRAIGHT & LEVEL,DAYLIGHT,,,44720.73458,FALSE,245,Accepted,5,5,O,,INATTENTION,
30160591,0870000,MONTGOMERY CTY SHERIFF DEPT,Accepted,MONTGOMERY,US0060,,OWINGSVILLE,RD,,,,,,,,38.0870844,-83.89919253,8.543,5/25/2022,2149,2,2,0,2,CLEAR,DRY,FALSE,REAR END IN TRAFFIC LANES BOTH VEHICLES MOVING,REAR END,STRAIGHT & LEVEL,DARK-HWY LIGHTED/ON,,,44720.73471,FALSE,246,Accepted,5,4,C,,"INATTENTION, NOT UNDER PROPER CONTROL",
30160593,0870000,MONTGOMERY CTY SHERIFF DEPT,Accepted,MONTGOMERY,KY0599,,KY599,,,,,,,,,37.90494492,-83.8022974,0.001,6/3/2022,2138,1,1,0,1,CLEAR,DRY,FALSE,RAN OFF ROADWAY (1 VEHICLE WITH/EARTH EMBANKMENT/DITCH),SINGLE VEHICLE,CURVE & GRADE,DARK-HWY NOT LIGHTED,,,44720.73484,FALSE,246,Accepted,5,3,B,,NOT UNDER PROPER CONTROL,
30160596,0870000,MONTGOMERY CTY SHERIFF DEPT,Accepted,MONTGOMERY,KY0011,,LEVEE,RD,,,,,,,,37.97181678,-83.93532304,4.184,6/6/2022,1126,2,2,0,0,CLOUDY,DRY,FALSE,SIDESWIPE COLLISION - OPPOSITE DIRECTION,SIDESWIPE-OPPOSITE DIRECTION,CURVE & LEVEL,DAYLIGHT,,,44720.73498,FALSE,228,Accepted,5,5,O,,,
30164875,0870100,MT. STERLING POLICE DEPARTMENT,Accepted,MONTGOMERY,,,YOUNG,LN,,,,,,,,38.07443757,-83.95194642,0.256,6/8/2022,1550,2,2,0,0,CLOUDY,DRY,FALSE,1 VEHICLE ENTERING/LEAVING ENTRANCE,ANGLE,STRAIGHT & LEVEL,DAYLIGHT,,,44721.75235,FALSE,108,Accepted,5,5,O,,FAILED TO YIELD RIGHT OF WAY,
30164901,0870100,MT. STERLING POLICE DEPARTMENT,Accepted,MONTGOMERY,,,EVANS,AVE,,,,,,,,38.07548573,-83.94915154,0.04,6/7/2022,535,2,2,0,0,CLEAR,WET,FALSE,1 VEHICLE ENTERING/LEAVING ENTRANCE,ANGLE,STRAIGHT & LEVEL,DARK-HWY LIGHTED/ON,,,44721.75668,FALSE,144,Accepted,5,5,O,,INATTENTION,
30165885,0870100,MT. STERLING POLICE DEPARTMENT,Accepted,MONTGOMERY,US0460,US460,MAYSVILLE,RD,,,SILVER LAKE,,,,,38.08138941,-83.94963866,7.769,6/8/2022,1949,2,2,0,1,CLOUDY,DRY,FALSE,ANGLE COLLISION - OTHER,ANGLE,STRAIGHT & GRADE,DAYLIGHT,,,44722.02757,FALSE,108,Accepted,5,4,C,,FAILED TO YIELD RIGHT OF WAY,
30172083,0870100,MT. STERLING POLICE DEPARTMENT,Accepted,MONTGOMERY,KY0686,,INDIAN MOUND,DR,,,PATSY,,,,,38.07104952,-83.95510676,0.464,6/3/2022,1810,2,2,0,0,CLEAR,DRY,FALSE,ANGLE COLLISION - ONE VEHICLE TURNING LEFT,ANGLE,STRAIGHT & LEVEL,DAYLIGHT,,,44723.89473,FALSE,120,Accepted,5,5,O,,"FAILED TO YIELD RIGHT OF WAY, INATTENTION",
30178674,0870000,MONTGOMERY CTY SHERIFF DEPT,Accepted,MONTGOMERY,KY0213,,KY213,,,,AZEBERRYE,,,,,37.92929902,-83.86471193,1.839,5/28/2022,1027,1,1,0,1,CLOUDY,DRY,FALSE,COLLISION WITH FIXED OBJECT IN INTERSECTION - FIRST EVENT COLLISION 09 - 32,SINGLE VEHICLE,STRAIGHT & LEVEL,DAYLIGHT,,,44725.74938,FALSE,245,Accepted,5,3,B,,,
30178678,0870000,MONTGOMERY CTY SHERIFF DEPT,Accepted,MONTGOMERY,,,OLD OWINGSVILLE,RD,,,,,,,,38.07110379,-83.92044942,1.287,6/8/2022,1407,2,2,0,0,CLEAR,DRY,FALSE,1 VEHICLE ENTERING/LEAVING ENTRANCE,ANGLE,CURVE & LEVEL,DAYLIGHT,,,44725.74954,FALSE,226,Accepted,5,5,O,,FAILED TO YIELD RIGHT OF WAY,
30178682,0870000,MONTGOMERY CTY SHERIFF DEPT,Accepted,MONTGOMERY,US0460,,MAYSVILLE,RD,,,MONTGOMERY COUNTY INTERMEDIATE SCHOOL,,,,,38.08298708,-83.94955772,7.657,6/9/2022,813,1,1,0,0,CLEAR,DRY,FALSE,COLLISION WITH ANIMAL IN INTERSECTION,SINGLE VEHICLE,STRAIGHT & LEVEL,DAYLIGHT,,,44725.74973,FALSE,228,Accepted,5,5,O,ANIMALS ACTION,,
30178687,0870000,MONTGOMERY CTY SHERIFF DEPT,Accepted,MONTGOMERY,,,LONG BRANCH,RD,,,SCIENCE RIDGE,,,,,37.97149232,-83.81762275,0.039,6/12/2022,1403,1,1,0,0,CLEAR,DRY,FALSE,COLLISION WITH FIXED OBJECT IN INTERSECTION - FIRST EVENT COLLISION 09 - 32,SINGLE VEHICLE,CURVE & LEVEL,DAYLIGHT,,,44725.74996,FALSE,245,Accepted,5,5,O,,FAILED TO KEEP PROPER LANE,