IncidentID,AgencyORI,AgencyName,IncidentStatusDesc,County,RdwyNumber,Street,RoadwayName,StreetSfx,StreetDir,IntersectionRdwy,IntersectionRdwyName,BetweenStRdwy1,BetweenStRdwyName1,BetweenStRdwy2,BetweenStRdwyName2,Latitude,Longitude,Milepoint,CollisionDate,CollisionTime,UnitsInvolved,MotorVehiclesInvolved,NumberKilled,NumberInjured,Weather,RdwyConditionCode,HitandRun,DirAnalysisCode,MannerofCollision,RdwyCharacter,LightCondition,RampFromRdwyId,RampToRdwyId,AcceptedDate,IsSecondaryCollision,OwnerBadge,IncidentStatus,InjurySeverityCde,KABCO Code,KABCO,Environmental_Factors,Human_Factors,Vehicular_Factors
30178689,0870000,MONTGOMERY CTY SHERIFF DEPT,Accepted,MONTGOMERY,KY0686,,INDIAN MOUND,DR,,,,,,,,38.0542745,-83.95652918,1.625,6/10/2022,1738,2,2,0,3,CLOUDY,WET,FALSE,1 VEHICLE ENTERING/LEAVING ENTRANCE,ANGLE,STRAIGHT & LEVEL,DAYLIGHT,,,44725.75003,FALSE,249,Accepted,3,3,B,,"INATTENTION, MISJUDGE CLEARANCE",
30178690,0870000,MONTGOMERY CTY SHERIFF DEPT,Accepted,MONTGOMERY,KY1991,,HINKSTON,PIKE,,,,,,,,38.09650692,-83.92078379,2.795,6/12/2022,5,1,1,0,0,CLOUDY,DRY,FALSE,COLLISION WITH ANIMAL NON INTERSECTION,SINGLE VEHICLE,CURVE & LEVEL,DARK-HWY NOT LIGHTED,,,44725.75014,FALSE,234,Accepted,5,5,O,ANIMALS ACTION,,
30182972,0870000,MONTGOMERY CTY SHERIFF DEPT,Accepted,MONTGOMERY,US0460,,PARIS,RD,,,,,,,,38.11663918,-84.04345409,1.568,6/11/2022,923,1,1,0,0,CLEAR,WET,FALSE,COLLISION WITH ANIMAL NON INTERSECTION,SINGLE VEHICLE,CURVE & LEVEL,DAYLIGHT,,,44726.69194,FALSE,226,Accepted,5,5,O,ANIMALS ACTION,,
30182973,0870000,MONTGOMERY CTY SHERIFF DEPT,Accepted,MONTGOMERY,US0460,,CAMARGO,RD,,,,,,,,37.99214197,-83.882334,15.364,6/9/2022,1356,1,1,0,0,CLEAR,DRY,FALSE,COLLISION WITH FIXED OBJECT NON - INTERSECTION - FIRST EVENT COLLISION 09 - 32 EXCLUDING 16,SINGLE VEHICLE,STRAIGHT & LEVEL,DAYLIGHT,,,44726.69201,FALSE,226,Accepted,5,5,O,,FELL ASLEEP,
30196269,0870100,MT. STERLING POLICE DEPARTMENT,Accepted,MONTGOMERY,US0060,,MAIN,ST,E,,MARTIN LUTHER KING,,,,,38.05737717,-83.93783812,5.366,6/11/2022,2025,2,2,0,0,CLEAR,DRY,FALSE,ANGLE COLLISION - OTHER,ANGLE,STRAIGHT & LEVEL,DUSK,,,44729.72638,FALSE,129,Accepted,5,5,O,,INATTENTION,
30196778,0870100,MT. STERLING POLICE DEPARTMENT,Accepted,MONTGOMERY,KY0686,499,INDIAN MOUND,DR,,,,,,,,38.06188592,-83.95549275,1.086,6/15/2022,1903,2,2,0,0,CLEAR,DRY,FALSE,OTHER ROADWAY OR MID-BLOCK COLLISION,REAR END,STRAIGHT & LEVEL,DAYLIGHT,,,44729.86019,FALSE,154,Accepted,5,5,O,,INATTENTION,
30216017,0870100,MT. STERLING POLICE DEPARTMENT,Accepted,MONTGOMERY,US0460,,CAMARGO,RD,,KY0686,INDIAN MOUND,,,,,38.04192117,-83.93433585,10.699,6/17/2022,1504,2,2,0,1,CLEAR,DRY,FALSE,,ANGLE,STRAIGHT & LEVEL,DAYLIGHT,,,44734.91177,FALSE,121,Accepted,5,2,A,IMPROPER/NON-WORKING TRAFFIC CONTROLS,OTHER,
30216019,0870100,MT. STERLING POLICE DEPARTMENT,Accepted,MONTGOMERY,,501,MAYSVILLE,,N,,,,,,,38.06737119,-83.94556287,,6/17/2022,1546,2,2,0,0,CLEAR,DRY,FALSE,,BACKING,STRAIGHT & LEVEL,DAYLIGHT,,,44734.91186,FALSE,121,Accepted,5,5,O,,OTHER,
30220140,0870100,MT. STERLING POLICE DEPARTMENT,Accepted,MONTGOMERY,,,EVANS,AVE,,,NORTHVIEW,,,,,38.07548949,-83.94915064,0.04,6/22/2022,2355,1,1,0,0,CLEAR,DRY,FALSE,COLLISION WITH FIXED OBJECT IN INTERSECTION - FIRST EVENT COLLISION 09 - 32,SINGLE VEHICLE,STRAIGHT & LEVEL,DARK-HWY LIGHTED/ON,,,44735.80183,FALSE,129,Accepted,5,5,O,,MISJUDGE CLEARANCE,
30220142,0870100,MT. STERLING POLICE DEPARTMENT,Accepted,MONTGOMERY,,207,HOLT,AVE,,,,,,,,38.05990416,-83.94756364,,6/23/2022,1005,2,2,0,0,CLEAR,DRY,FALSE,1 VEHICLE PARKED POSITION (NOT PARKING LOT/DRIVEWAY),BACKING,STRAIGHT & LEVEL,DAYLIGHT,,,44735.80191,FALSE,153,Accepted,5,5,O,,INATTENTION,
30241314,0870000,MONTGOMERY CTY SHERIFF DEPT,Accepted,MONTGOMERY,US0060,,WINCHESTER,RD,,,WADES MILL,,,,,38.03145081,-84.02551045,0.068,6/16/2022,812,2,2,0,0,CLEAR,DRY,FALSE,OTHER INTERSECTION COLLISIONS,REAR END,STRAIGHT & GRADE,DAYLIGHT,,,44741.4718,FALSE,228,Accepted,5,5,O,OTHER,,
30241316,0870000,MONTGOMERY CTY SHERIFF DEPT,Accepted,MONTGOMERY,KY0713,3161,SPENCER,PIKE,,,,,,,,38.02998148,-83.84250035,12.576,6/10/2022,2036,1,1,0,0,CLEAR,DRY,FALSE,RAN OFF ROADWAY (1 VEHICLE WITH/EARTH EMBANKMENT/DITCH),SINGLE VEHICLE,STRAIGHT & LEVEL,DAYLIGHT,,,44741.47191,FALSE,246,Accepted,5,5,O,,ALCOHOL INVOLVEMENT,
30241324,0870000,MONTGOMERY CTY SHERIFF DEPT,Accepted,MONTGOMERY,KY0011,4774,LEVEE,RD,,,,,,,,37.97657562,-83.93796943,4.525,6/17/2022,1316,4,4,0,1,RAINING,WATER (STANDING OR MOVING),FALSE,REAR END IN TRAFFIC LANES BOTH VEHICLES MOVING,REAR END,STRAIGHT & LEVEL,DAYLIGHT,,,44741.47214,FALSE,245,Accepted,5,3,B,"DEBRIS IN ROADWAY, VIEW OBSTRUCTED, LIMITED DUE TO WEATHER CONDITIONS",INATTENTION,
30241327,0870000,MONTGOMERY CTY SHERIFF DEPT,Accepted,MONTGOMERY,KY0011,,MAYSVILLE,RD,,,,,,,,38.1335234,-83.9575033,13.28,6/17/2022,631,1,1,0,0,CLEAR,DRY,FALSE,COLLISION WITH NON-FIXED OBJECT ,SINGLE VEHICLE,CURVE & LEVEL,DAYLIGHT,,,44741.47231,FALSE,248,Accepted,5,5,O,DEBRIS IN ROADWAY,,
30241334,0870000,MONTGOMERY CTY SHERIFF DEPT,Accepted,MONTGOMERY,,,PARKVIEW PLACE MOBILE HOME PARK,,,,,,,,,38.07412317,-83.91196681,0.077,6/19/2022,2006,2,2,0,0,CLEAR,DRY,FALSE,1 VEHICLE PARKED POSITION (NOT PARKING LOT/DRIVEWAY),ANGLE,STRAIGHT & LEVEL,DAYLIGHT,,,44741.47265,FALSE,238,Accepted,5,5,O,,NOT UNDER PROPER CONTROL,
30241335,0870000,MONTGOMERY CTY SHERIFF DEPT,Accepted,MONTGOMERY,KY0686,,INDIAN MOUND,DR,,,RICHMOND,,,,,38.04237192,-83.95071238,2.606,6/19/2022,1741,2,2,0,3,CLEAR,DRY,FALSE,ANGLE COLLISION - OTHER,ANGLE,STRAIGHT & LEVEL,DAYLIGHT,,,44741.47274,FALSE,249,Accepted,5,2,A,,"FAILED TO YIELD RIGHT OF WAY, INATTENTION",
30241337,0870000,MONTGOMERY CTY SHERIFF DEPT,Accepted,MONTGOMERY,US0460,,CAMARGO,RD,,,,,,,,37.99825115,-83.89585992,14.487,6/20/2022,1453,2,2,0,0,CLEAR,DRY,FALSE,REAR END IN TRAFFIC LANES BOTH VEHICLES MOVING,REAR END,STRAIGHT & LEVEL,DAYLIGHT,,,44741.47284,FALSE,228,Accepted,5,5,O,,"FATIGUE, FELL ASLEEP",
30241727,0870000,MONTGOMERY CTY SHERIFF DEPT,Accepted,MONTGOMERY,KY0213,,KY213,,,,,,,,,37.93072159,-83.86509174,1.941,6/19/2022,28,1,1,0,2,CLEAR,DRY,FALSE,RAN OFF ROADWAY (1 VEHICLE WITH/EARTH EMBANKMENT/DITCH),SINGLE VEHICLE,STRAIGHT & GRADE,DARK-HWY NOT LIGHTED,,,44741.55988,FALSE,234,Accepted,4,3,B,HOLES/DEEP RUTS/BUMPS,OVERCORRECTING/OVERSTEERING,
30241728,0870000,MONTGOMERY CTY SHERIFF DEPT,Accepted,MONTGOMERY,KY0686,,INDIAN MOUND,DR,,,RICHMOND,,,,,38.04231675,-83.95065401,2.602,6/21/2022,659,2,2,0,2,CLEAR,DRY,FALSE,ANGLE COLLISION - OTHER,ANGLE,STRAIGHT & HILLCREST,DAYLIGHT,,,44741.55995,FALSE,234,Accepted,3,3,B,,"FAILED TO YIELD RIGHT OF WAY, INATTENTION",
30241731,0870000,MONTGOMERY CTY SHERIFF DEPT,Accepted,MONTGOMERY,KY0646,,KIDDVILLE,RD,,,,,,,,37.99106837,-83.97608753,9.657,6/16/2022,1600,2,2,0,0,CLEAR,DRY,FALSE,HEAD-ON COLLISION,HEAD ON,CURVE & LEVEL,DAYLIGHT,,,44741.56013,FALSE,252,Accepted,5,5,O,,FAILED TO KEEP PROPER LANE,
30241732,0870000,MONTGOMERY CTY SHERIFF DEPT,Accepted,MONTGOMERY,,,CLARENCE,DR,,,,,,,,38.09253422,-83.89765128,0.003,6/20/2022,1557,2,2,0,0,CLEAR,DRY,FALSE,REAR END IN TRAFFIC LANES BOTH VEHICLES MOVING,REAR END,STRAIGHT & LEVEL,DAYLIGHT,,,44741.5602,FALSE,252,Accepted,5,5,O,,,
30241738,0870000,MONTGOMERY CTY SHERIFF DEPT,Accepted,MONTGOMERY,US0060,,OWINGSVILLE,RD,,,,,,,,38.09106942,-83.89784803,8.847,6/22/2022,1707,2,2,0,0,CLEAR,DRY,FALSE,REAR END IN TRAFFIC LANES BOTH VEHICLES MOVING,REAR END,STRAIGHT & LEVEL,DAYLIGHT,,,44741.56046,FALSE,246,Accepted,5,5,O,,"FOLLOWING TOO CLOSE, NOT UNDER PROPER CONTROL",
30241739,0870000,MONTGOMERY CTY SHERIFF DEPT,Accepted,MONTGOMERY,KY1331,2757,HOWARDS MILL,RD,,,,,,,,38.06596685,-83.86012811,2.752,6/17/2022,2201,1,1,0,2,CLEAR,DRY,FALSE,RAN OFF ROADWAY (1 VEHICLE WITH/EARTH EMBANKMENT/DITCH),SINGLE VEHICLE,STRAIGHT & LEVEL,DARK-HWY NOT LIGHTED,,,44741.56053,FALSE,246,Accepted,5,4,C,,DRUG INVOLVEMENT,
30241741,0870000,MONTGOMERY CTY SHERIFF DEPT,Accepted,MONTGOMERY,,,CAMARGO LEVEE,RD,,,,,,,,37.99267673,-83.88582441,0.04,6/16/2022,749,2,2,0,0,CLEAR,DRY,FALSE,1 VEHICLE ENTERING/LEAVING ENTRANCE,ANGLE,STRAIGHT & LEVEL,DAYLIGHT,,,44741.5606,FALSE,226,Accepted,5,5,O,VIEW OBSTRUCTED/LIMITED DUE TO RDWY,FAILED TO YIELD RIGHT OF WAY,
30241747,0870000,MONTGOMERY CTY SHERIFF DEPT,Accepted,MONTGOMERY,,,WADES MILL,RD,,,,,,,,38.03150669,-84.02546949,0.004,6/21/2022,2235,1,1,0,0,CLEAR,DRY,FALSE,COLLISION WITH NON-FIXED OBJECT ,SINGLE VEHICLE,STRAIGHT & LEVEL,DARK-HWY NOT LIGHTED,,,44741.56081,FALSE,246,Accepted,5,5,O,,,
30241751,0870000,MONTGOMERY CTY SHERIFF DEPT,Accepted,MONTGOMERY,,,NEW CUT,RD,,,CLAY LICK,,,,,37.96942151,-83.79808284,0.881,6/25/2022,1342,2,2,0,0,CLEAR,DRY,FALSE,ANGLE COLLISION - OTHER,ANGLE,STRAIGHT & HILLCREST,DAYLIGHT,,,44741.56093,FALSE,231,Accepted,5,5,O,,INATTENTION,
30241753,0870000,MONTGOMERY CTY SHERIFF DEPT,Accepted,MONTGOMERY,,,PREWITT GRASSY LICK,RD,,,,,,,,38.07634169,-84.02090943,2.987,6/23/2022,1409,2,2,0,0,CLEAR,DRY,FALSE,SIDESWIPE COLLISION - OPPOSITE DIRECTION,SIDESWIPE-OPPOSITE DIRECTION,STRAIGHT & LEVEL,DAYLIGHT,,,44741.56105,FALSE,226,Accepted,5,5,O,OTHER,,
30247350,0870000,MONTGOMERY CTY SHERIFF DEPT,Accepted,MONTGOMERY,US0460,,CAMARGO,RD,,,,,,,,38.01545389,-83.91079147,12.996,5/26/2022,903,2,2,0,0,RAINING,WET,FALSE,REAR END IN TRAFFIC LANES BOTH VEHICLES MOVING,REAR END,CURVE & LEVEL,DAYLIGHT,,,44742.65713,FALSE,228,Accepted,5,5,O,SLIPPERY SURFACE,,
30247352,0870000,MONTGOMERY CTY SHERIFF DEPT,Accepted,MONTGOMERY,US0460,,CAMARGO,RD,,,,,,,,37.99930066,-83.89711374,14.382,6/29/2022,1442,2,2,0,0,CLEAR,DRY,FALSE,OTHER ROADWAY OR MID-BLOCK COLLISION,OPPOSING LEFT TURN,STRAIGHT & LEVEL,DAYLIGHT,,,44742.65731,FALSE,228,Accepted,5,5,O,,FAILED TO YIELD RIGHT OF WAY,
30248914,0870100,MT. STERLING POLICE DEPARTMENT,Accepted,MONTGOMERY,KY0011,,LEVEE,RD,,,,,,,,38.04098571,-83.9479977,9.229,6/30/2022,1033,2,2,0,0,CLEAR,DRY,FALSE,REAR END IN TRAFFIC LANES BOTH VEHICLES MOVING,REAR END,STRAIGHT & LEVEL,DAYLIGHT,,,44742.97117,FALSE,156,Accepted,5,5,O,,INATTENTION,
30248915,0870100,MT. STERLING POLICE DEPARTMENT,Accepted,MONTGOMERY,,,HIGH,ST,W,,BROADWAY,,,,,38.05740871,-83.94315842,0.291,6/30/2022,1151,2,2,0,0,CLEAR,DRY,FALSE,COLLISION WITH PARKED VEHICLE,ANGLE,STRAIGHT & GRADE,DAYLIGHT,,,44742.97127,FALSE,128,Accepted,5,5,O,,MISJUDGE CLEARANCE,
30257071,0870100,MT. STERLING POLICE DEPARTMENT,Accepted,MONTGOMERY,US0060,,WINCHESTER,RD,,,,,,,,38.05383368,-83.95636413,4.317,6/29/2022,1724,2,2,0,1,CLEAR,DRY,FALSE,,ANGLE,STRAIGHT & LEVEL,DAYLIGHT,,,44745.60618,FALSE,130,Accepted,5,4,C,,"FAILED TO YIELD RIGHT OF WAY, INATTENTION",
30265303,0870000,MONTGOMERY CTY SHERIFF DEPT,Accepted,MONTGOMERY,US0460,,CAMARGO,RD,,,GATEWAY,,,,,38.00100821,-83.89909632,14.216,6/21/2022,1738,2,2,0,0,CLEAR,DRY,FALSE,ANGLE COLLISION - OTHER,ANGLE,STRAIGHT & LEVEL,DAYLIGHT,,,44747.66309,FALSE,238,Accepted,5,5,O,,INATTENTION,
30267309,0870100,MT. STERLING POLICE DEPARTMENT,Accepted,MONTGOMERY,US0460,,MAYSVILLE,ST,N,,WINN,,,,,38.06377753,-83.94467851,9.028,7/4/2022,1017,2,2,0,0,CLEAR,DRY,FALSE,OTHER INTERSECTION COLLISIONS,REAR END,STRAIGHT & HILLCREST,DAYLIGHT,,,44748.06849,FALSE,128,Accepted,5,5,O,,INATTENTION,
30279825,0870100,MT. STERLING POLICE DEPARTMENT,Accepted,MONTGOMERY,US0460,,MAYSVILLE,RD,,I 0064,I64 W EXIT110 OFF RAMP TO US460,,,,,38.0788851,-83.94948147,7.944,7/5/2022,1500,2,2,0,0,CLEAR,DRY,FALSE,ANGLE COLLISION - ONE VEHICLE TURNING LEFT,ANGLE,STRAIGHT & LEVEL,DAYLIGHT,,,44750.78624,FALSE,120,Accepted,5,5,O,,"INATTENTION, OTHER",
30303183,0870100,MT. STERLING POLICE DEPARTMENT,Accepted,MONTGOMERY,,,COURT,ST,,,,,,,,38.05675537,-83.94268575,,7/13/2022,1009,2,2,0,0,CLEAR,DRY,FALSE,1 VEHICLE PARKED POSITION (NOT PARKING LOT/DRIVEWAY),BACKING,STRAIGHT & LEVEL,DAYLIGHT,,,44756.85661,FALSE,153,Accepted,5,5,O,OTHER,"DISTRACTION, MISJUDGE CLEARANCE",
30303184,0870100,MT. STERLING POLICE DEPARTMENT,Accepted,MONTGOMERY,,,FOX,ST,,,,,,,,38.05643539,-83.93480489,0.024,7/8/2022,1222,2,2,0,0,CLEAR,DRY,FALSE,SIDESWIPE COLLISION - SAME DIRECTION,SIDESWIPE-SAME DIRECTION,STRAIGHT & LEVEL,DAYLIGHT,,,44756.85666,FALSE,149,Accepted,5,5,O,,MISJUDGE CLEARANCE,
30307547,0870100,MT. STERLING POLICE DEPARTMENT,Accepted,MONTGOMERY,,,MAYSVILLE,,N,,I 64 ,,,,,38.07882631,-83.94965441,,7/15/2022,556,2,2,0,0,CLEAR,DRY,FALSE,OPPOSING LEFT TURN,OPPOSING LEFT TURN,STRAIGHT & LEVEL,DAWN,,,44757.88979,FALSE,153,Accepted,5,5,O,,INATTENTION,
30317708,0870100,MT. STERLING POLICE DEPARTMENT,Accepted,MONTGOMERY,,,WINGTIP,WAY,,,FALCON,,,,,38.07569112,-83.94841495,0.1,7/6/2022,1217,2,2,0,0,CLOUDY,DRY,FALSE,ANGLE COLLISION - OTHER,ANGLE,STRAIGHT & LEVEL,DAYLIGHT,,,44760.92344,FALSE,137,Accepted,5,5,O,VIEW OBSTRUCTED/LIMITED DUE TO RDWY,FAILED TO YIELD RIGHT OF WAY,
30317711,0870100,MT. STERLING POLICE DEPARTMENT,Accepted,MONTGOMERY,KY0686,,INDIAN MOUND,DR,,,,,,,,38.07366512,-83.95123191,0.168,6/30/2022,1645,2,2,0,0,CLEAR,DRY,FALSE,1 VEHICLE ENTERING/LEAVING ENTRANCE,ANGLE,STRAIGHT & LEVEL,DAYLIGHT,,,44760.92355,FALSE,155,Accepted,5,5,O,,FAILED TO YIELD RIGHT OF WAY,
30317851,0870100,MT. STERLING POLICE DEPARTMENT,Accepted,MONTGOMERY,KY0686,520,INDIAN MOUND,DR,,,REESE,,,,,38.0673351,-83.95517101,0.721,7/17/2022,1645,2,2,0,0,RAINING,WET,FALSE,ANGLE COLLISION - OTHER,ANGLE,STRAIGHT & LEVEL,DAYLIGHT,,,44760.97541,FALSE,120,Accepted,5,5,O,,INATTENTION,
30326752,0870000,MONTGOMERY CTY SHERIFF DEPT,Accepted,MONTGOMERY,US0060,1530,OWINGSVILLE,RD,,,,,,,,38.06787774,-83.93097382,6.309,7/5/2022,1644,1,1,0,1,RAINING,WET,FALSE,RAN OFF ROADWAY (1 VEHICLE WITH/EARTH EMBANKMENT/DITCH),SINGLE VEHICLE,CURVE & LEVEL,DAYLIGHT,,,44762.67973,FALSE,246,Accepted,5,4,C,SLIPPERY SURFACE,NOT UNDER PROPER CONTROL,
30326757,0870000,MONTGOMERY CTY SHERIFF DEPT,Accepted,MONTGOMERY,KY0646,8080,CREAM ALLEY,RD,,,,,,,,37.96432047,-83.91297973,3.245,7/6/2022,1812,1,1,0,0,RAINING,WET,FALSE,RAN OFF ROADWAY (1 VEHICLE WITH/EARTH EMBANKMENT/DITCH),SINGLE VEHICLE,STRAIGHT & LEVEL,DAYLIGHT,,,44762.67995,FALSE,246,Accepted,5,5,O,WATER POOLING,,
30326759,0870000,MONTGOMERY CTY SHERIFF DEPT,Accepted,MONTGOMERY,KY0599,,KY599,,,,,,,,,37.95502004,-83.84535225,4.745,7/6/2022,1806,1,1,0,0,FOG WITH RAIN,WET,FALSE,COLLISION WITH FIXED OBJECT NON - INTERSECTION - FIRST EVENT COLLISION 09 - 32 EXCLUDING 16,SINGLE VEHICLE,STRAIGHT & GRADE,DAYLIGHT,,,44762.6801,FALSE,246,Accepted,5,5,O,DEBRIS IN ROADWAY,,
30326766,0870000,MONTGOMERY CTY SHERIFF DEPT,Accepted,MONTGOMERY,KY0686,,INDIAN MOUND,DR,,,,,,,,38.05455221,-83.95645248,1.608,7/1/2022,1502,2,2,0,0,CLEAR,DRY,FALSE,OTHER ROADWAY OR MID-BLOCK COLLISION,REAR END,STRAIGHT & LEVEL,DAYLIGHT,,,44762.68044,FALSE,231,Accepted,5,5,O,,DISTRACTION,
30326772,0870000,MONTGOMERY CTY SHERIFF DEPT,Accepted,MONTGOMERY,US0460,,MAIN,ST,,,,,,,,37.97804163,-83.85631147,17.123,7/8/2022,2137,1,1,0,1,CLOUDY,WET,FALSE,RAN OFF ROADWAY (1 VEHICLE WITH/EARTH EMBANKMENT/DITCH),SINGLE VEHICLE,STRAIGHT & LEVEL,DARK-HWY LIGHTED/OFF,,,44762.68075,FALSE,249,Accepted,4,4,C,,"DRUG INVOLVEMENT, LOST CONSCIOUSNESS/FAINTED, NOT UNDER PROPER CONTROL",
30326774,0870000,MONTGOMERY CTY SHERIFF DEPT,Accepted,MONTGOMERY,US0060,,WINCHESTER,RD,,,,,,,,38.04692477,-83.98528039,2.625,7/7/2022,1545,1,1,0,0,CLEAR,DRY,FALSE,RAN OFF ROADWAY (1 VEHICLE WITH/EARTH EMBANKMENT/DITCH),SINGLE VEHICLE,CURVE & GRADE,DAYLIGHT,,,44762.68088,FALSE,228,Accepted,5,5,O,,ALCOHOL INVOLVEMENT,
30326780,0870000,MONTGOMERY CTY SHERIFF DEPT,Accepted,MONTGOMERY,US0060,,WINCHESTER,RD,,,,,,,,38.04782186,-83.97984282,2.944,7/6/2022,1650,2,2,0,0,RAINING,WET,FALSE,OTHER ROADWAY OR MID-BLOCK COLLISION,REAR END,STRAIGHT & LEVEL,DAYLIGHT,,,44762.68115,FALSE,238,Accepted,5,5,O,"VIEW OBSTRUCTED, LIMITED DUE TO WEATHER CONDITIONS",INATTENTION,
30326795,0870000,MONTGOMERY CTY SHERIFF DEPT,Accepted,MONTGOMERY,KY0011,,LEVEE,RD,,,,,,,,38.0294553,-83.94911787,8.46,7/6/2022,1149,1,1,0,0,CLOUDY,DRY,TRUE,RAN OFF ROADWAY (1 VEHICLE WITH/EARTH EMBANKMENT/DITCH),SINGLE VEHICLE,CURVE & LEVEL,DAYLIGHT,,,44762.68171,FALSE,226,Accepted,5,5,O,,"NOT UNDER PROPER CONTROL, OTHER",
30326796,0870000,MONTGOMERY CTY SHERIFF DEPT,Accepted,MONTGOMERY,KY0213,,KY213,,,,,,,,,37.93909433,-83.86296394,2.546,7/13/2022,1138,1,1,0,1,CLEAR,DRY,FALSE,RAN OFF ROADWAY (1 VEHICLE WITH/EARTH EMBANKMENT/DITCH),SINGLE VEHICLE,STRAIGHT & LEVEL,DAYLIGHT,,,44762.68179,FALSE,226,Accepted,4,4,C,,NOT UNDER PROPER CONTROL,
30326798,0870000,MONTGOMERY CTY SHERIFF DEPT,Accepted,MONTGOMERY,KY0646,1550,WHITAKER,LN,,,,,,,,38.02976764,-83.90687162,14.422,7/12/2022,1221,1,1,0,0,CLOUDY,DRY,FALSE,COLLISION WITH FIXED OBJECT NON - INTERSECTION - FIRST EVENT COLLISION 09 - 32 EXCLUDING 16,SINGLE VEHICLE,STRAIGHT & LEVEL,DAYLIGHT,,,44762.68187,FALSE,231,Accepted,5,5,O,SHOULDERS DEFECTIVE/DROP-OFF,,
30326799,0870000,MONTGOMERY CTY SHERIFF DEPT,Accepted,MONTGOMERY,KY0686,,INDIAN MOUND,DR,,,,,,,,38.06192017,-83.95550674,1.1,7/12/2022,1057,2,2,0,0,CLEAR,DRY,FALSE,SIDESWIPE COLLISION - SAME DIRECTION,SIDESWIPE-SAME DIRECTION,STRAIGHT & LEVEL,DAYLIGHT,,,44762.68196,FALSE,231,Accepted,5,5,O,,"FAILED TO YIELD RIGHT OF WAY, INATTENTION",
30326907,0870000,MONTGOMERY CTY SHERIFF DEPT,Accepted,MONTGOMERY,KY0011,,MAYSVILLE,RD,,,,,,,,38.14559018,-83.9577906,14.111,7/15/2022,345,1,1,0,1,CLEAR,DRY,FALSE,COLLISION WITH ANIMAL NON INTERSECTION,SINGLE VEHICLE,STRAIGHT & GRADE,DARK-HWY NOT LIGHTED,,,44762.70064,FALSE,252,Accepted,3,3,B,,,
30326912,0870000,MONTGOMERY CTY SHERIFF DEPT,Accepted,MONTGOMERY,US0460,,CAMARGO,RD,,,,,,,,38.02360362,-83.91770282,12.298,7/19/2022,754,1,1,0,0,CLEAR,DRY,FALSE,OCCUPANT FELL FROM MOVING VEHICLE,SINGLE VEHICLE,STRAIGHT & LEVEL,DAYLIGHT,,,44762.70072,FALSE,231,Accepted,5,5,O,,,
30326915,0870000,MONTGOMERY CTY SHERIFF DEPT,Accepted,MONTGOMERY,KY0686,,INDIAN MOUND,DR,,US0060,WINCHESTER,,,,,38.05474082,-83.95645279,1.593,7/19/2022,1639,2,2,0,0,CLEAR,DRY,FALSE,OTHER INTERSECTION COLLISIONS,REAR END,STRAIGHT & LEVEL,DAYLIGHT,,,44762.70086,FALSE,249,Accepted,5,5,O,,MISJUDGE CLEARANCE,
30327211,0870100,MT. STERLING POLICE DEPARTMENT,Accepted,MONTGOMERY,,,VANCE,DR,,,YOUNG,,,,,38.07438119,-83.95145912,0.055,7/19/2022,2145,2,2,0,0,CLEAR,DRY,FALSE,ANGLE COLLISION - OTHER,ANGLE,STRAIGHT & GRADE,DARK-HWY LIGHTED/ON,,,44762.7458,FALSE,157,Accepted,5,5,O,,INATTENTION,
30327214,0870100,MT. STERLING POLICE DEPARTMENT,Accepted,MONTGOMERY,KY0713,,SAMUELS,AVE,,,,,,,,38.05600603,-83.94786708,,7/20/2022,1210,2,2,0,0,CLEAR,DRY,FALSE,HEAD-ON COLLISION,HEAD ON,STRAIGHT & LEVEL,DAYLIGHT,,,44762.7459,FALSE,153,Accepted,5,5,O,GLARE (SUN),TURNING IMPROPERLY,
30329914,0870000,MONTGOMERY CTY SHERIFF DEPT,Accepted,MONTGOMERY,KY0686,,INDIAN MOUND,DR,,,,,,,,38.05819535,-83.95616532,1.354,7/20/2022,1806,2,2,0,0,CLOUDY,DRY,FALSE,OTHER ROADWAY OR MID-BLOCK COLLISION,REAR END,STRAIGHT & LEVEL,DAYLIGHT,,,44763.47316,FALSE,291,Accepted,5,5,O,,DISTRACTION,
30332260,0870100,MT. STERLING POLICE DEPARTMENT,Accepted,MONTGOMERY,KY0686,,INDIAN MOUND,DR,,,,,BROOKMEDE,US0060,WINCHESTER,38.05366188,-83.95650847,1.668,7/20/2022,2040,1,1,0,0,CLOUDY,DRY,FALSE,,SINGLE VEHICLE,STRAIGHT & LEVEL,DUSK,,,44763.96758,FALSE,121,Accepted,5,5,O,,,
30334520,0870000,MONTGOMERY CTY SHERIFF DEPT,Accepted,MONTGOMERY,KY0713,,GRASSY LICK,RD,,,,,,,,38.06403006,-83.96871499,4.967,7/18/2022,2115,2,2,0,2,CLEAR,DRY,FALSE,SIDESWIPE COLLISION - OPPOSITE DIRECTION,SIDESWIPE-OPPOSITE DIRECTION,CURVE & GRADE,DARK-HWY NOT LIGHTED,,,44764.54735,FALSE,249,Accepted,5,2,A,,"ALCOHOL INVOLVEMENT, DRUG INVOLVEMENT, NOT UNDER PROPER CONTROL",
30341670,0870100,MT. STERLING POLICE DEPARTMENT,Accepted,MONTGOMERY,US0460,,MAYSVILLE,ST,N,,,,,,,38.05722304,-83.94236621,9.503,7/22/2022,727,1,1,0,0,CLEAR,DRY,TRUE,COLLISION WITH FIXED OBJECT NON - INTERSECTION - FIRST EVENT COLLISION 09 - 32 EXCLUDING 16,SINGLE VEHICLE,STRAIGHT & LEVEL,DAYLIGHT,,,44766.86996,FALSE,128,Accepted,5,5,O,,FELL ASLEEP,