IncidentID,AgencyORI,AgencyName,IncidentStatusDesc,County,RdwyNumber,Street,RoadwayName,StreetSfx,StreetDir,IntersectionRdwy,IntersectionRdwyName,BetweenStRdwy1,BetweenStRdwyName1,BetweenStRdwy2,BetweenStRdwyName2,Latitude,Longitude,Milepoint,CollisionDate,CollisionTime,UnitsInvolved,MotorVehiclesInvolved,NumberKilled,NumberInjured,Weather,RdwyConditionCode,HitandRun,DirAnalysisCode,MannerofCollision,RdwyCharacter,LightCondition,RampFromRdwyId,RampToRdwyId,AcceptedDate,IsSecondaryCollision,OwnerBadge,IncidentStatus,InjurySeverityCde,KABCO Code,KABCO,Environmental_Factors,Human_Factors,Vehicular_Factors
30346676,0870000,MONTGOMERY CTY SHERIFF DEPT,Accepted,MONTGOMERY,,,STEPSTONE,RD,,,,,,,,38.09123888,-83.8648102,1.864,7/22/2022,2255,1,1,0,1,CLEAR,DRY,FALSE,RAN OFF ROADWAY (1 VEHICLE WITH/EARTH EMBANKMENT/DITCH),SINGLE VEHICLE,STRAIGHT & LEVEL,DARK-HWY NOT LIGHTED,,,44767.72536,FALSE,249,Accepted,5,4,C,ANIMALS ACTION,,
30346680,0870000,MONTGOMERY CTY SHERIFF DEPT,Accepted,MONTGOMERY,,2986,QUISENBERRY,RD,,,,,,,,38.09849813,-83.84894128,2.812,7/16/2022,2129,1,1,0,1,CLEAR,DRY,FALSE,COLLISION WITH FIXED OBJECT NON - INTERSECTION - FIRST EVENT COLLISION 09 - 32 EXCLUDING 16,SINGLE VEHICLE,CURVE & GRADE,DARK-HWY NOT LIGHTED,,,44767.72543,FALSE,245,Accepted,3,3,B,,"FAILED TO KEEP PROPER LANE, INATTENTION, NOT UNDER PROPER CONTROL",
30346685,0870000,MONTGOMERY CTY SHERIFF DEPT,Accepted,MONTGOMERY,US0460,,MAIN,ST,,,CHASE,,,,,37.97769506,-83.85508062,17.194,7/3/2022,1750,1,1,1,0,CLEAR,DRY,FALSE,COLLISION WITH FIXED OBJECT IN INTERSECTION - FIRST EVENT COLLISION 09 - 32,SINGLE VEHICLE,STRAIGHT & LEVEL,DAYLIGHT,,,44767.72555,FALSE,245,Accepted,1,1,K,,"FAILED TO KEEP PROPER LANE, NOT UNDER PROPER CONTROL",
30346687,0870000,MONTGOMERY CTY SHERIFF DEPT,Accepted,MONTGOMERY,KY0011,9010,LEVEE,RD,,,,,,,,37.93571593,-83.92415334,1.369,7/24/2022,636,1,1,0,1,CLEAR,DRY,FALSE,RAN OFF ROADWAY (1 VEHICLE WITH/EARTH EMBANKMENT/DITCH),SINGLE VEHICLE,STRAIGHT & LEVEL,DAWN,,,44767.72562,FALSE,234,Accepted,5,3,B,,"DRUG INVOLVEMENT, NOT UNDER PROPER CONTROL, OTHER",
30350359,0870100,MT. STERLING POLICE DEPARTMENT,Accepted,MONTGOMERY,,,INDIAN MOUND,DR,,,MAYSVILLE,,,,,38.07386179,-83.94820071,,7/26/2022,824,2,2,0,0,RAINING,WET,FALSE,OTHER INTERSECTION COLLISIONS,REAR END,STRAIGHT & LEVEL,DAYLIGHT,,,44768.61267,FALSE,153,Accepted,5,5,O,,FOLLOWING TOO CLOSE,
30361052,0870000,MONTGOMERY CTY SHERIFF DEPT,Accepted,MONTGOMERY,US0060,3060,OWINGSVILLE,RD,,,,,,,,38.08591415,-83.89973462,8.473,7/26/2022,642,2,2,0,0,RAINING,WET,FALSE,REAR END IN TRAFFIC LANES BOTH VEHICLES MOVING,REAR END,STRAIGHT & LEVEL,DAWN,,,44771.01534,FALSE,234,Accepted,5,5,O,SLIPPERY SURFACE,"INATTENTION, NOT UNDER PROPER CONTROL",
30361053,0870000,MONTGOMERY CTY SHERIFF DEPT,Accepted,MONTGOMERY,,1615,OLD OWINGSVILLE,RD,,,,,,,,38.07014198,-83.92208896,1.411,7/25/2022,1900,1,1,0,1,CLEAR,DRY,FALSE,OTHER COLLISIONS ON SHOULDER,SINGLE VEHICLE,STRAIGHT & LEVEL,DAYLIGHT,,,44771.01544,FALSE,245,Accepted,5,3,B,,"FAILED TO KEEP PROPER LANE, NOT UNDER PROPER CONTROL",
30361061,0870000,MONTGOMERY CTY SHERIFF DEPT,Accepted,MONTGOMERY,KY0713,,SPENCER,PIKE,,,,,,,,38.0299936,-83.84736882,12.308,7/25/2022,1530,1,1,0,0,CLOUDY,WET,FALSE,RAN OFF ROADWAY (1 VEHICLE WITH/EARTH EMBANKMENT/DITCH),SINGLE VEHICLE,CURVE & LEVEL,DAYLIGHT,,,44771.01576,FALSE,228,Accepted,5,5,O,SLIPPERY SURFACE,,
30367980,0870100,MT. STERLING POLICE DEPARTMENT,Accepted,MONTGOMERY,,205,EVANS,AVE,,,,,,,,38.07556489,-83.95132849,,7/30/2022,1847,2,2,0,0,CLOUDY,DRY,FALSE,,REAR END,STRAIGHT & LEVEL,DAYLIGHT,,,44773.06629,FALSE,121,Accepted,5,5,O,,INATTENTION,
30377664,0870000,MONTGOMERY CTY SHERIFF DEPT,Accepted,MONTGOMERY,KY0599,1650,KY599,,,,,,,,,37.94994799,-83.84492711,4.336,7/26/2022,1745,2,2,0,0,CLEAR,DRY,FALSE,1 VEHICLE PARKED POSITION (NOT PARKING LOT/DRIVEWAY),ANGLE,STRAIGHT & LEVEL,DAYLIGHT,,,44775.55199,FALSE,249,Accepted,5,5,O,ANIMALS ACTION,OVERCORRECTING/OVERSTEERING,
30377670,0870000,MONTGOMERY CTY SHERIFF DEPT,Accepted,MONTGOMERY,US0460,,MAIN,ST,,,,,,,,37.94998669,-83.77470782,22.037,7/26/2022,854,1,1,0,0,RAINING,WET,FALSE,OTHER COLLISIONS ON SHOULDER,SINGLE VEHICLE,STRAIGHT & LEVEL,DAWN,,,44775.55216,FALSE,231,Accepted,5,5,O,SLIPPERY SURFACE,TOO FAST FOR CONDITIONS,TIRES
30377685,0870000,MONTGOMERY CTY SHERIFF DEPT,Accepted,MONTGOMERY,,,OLD OWINGSVILLE,RD,,,,,,,,38.07149943,-83.91687687,1.098,7/30/2022,1032,2,2,0,0,CLEAR,DRY,FALSE,1 VEHICLE ENTERING/LEAVING ENTRANCE,ANGLE,STRAIGHT & LEVEL,DAYLIGHT,,,44775.55278,FALSE,226,Accepted,5,5,O,,"FAILED TO YIELD RIGHT OF WAY, INATTENTION",
30377731,0870000,MONTGOMERY CTY SHERIFF DEPT,Accepted,MONTGOMERY,KY0686,,INDIAN MOUND,DR,,KY0713,HIGH,,,,,38.05802258,-83.95585585,1.364,8/1/2022,1359,2,2,0,0,CLOUDY,DRY,FALSE,OPPOSING LEFT TURN,OPPOSING LEFT TURN,STRAIGHT & LEVEL,DAYLIGHT,,,44775.55978,FALSE,228,Accepted,5,5,O,,FAILED TO YIELD RIGHT OF WAY,
30379277,0870100,MT. STERLING POLICE DEPARTMENT,Accepted,MONTGOMERY,,690,MAYSVILLE,,N,,,,,,,38.07355404,-83.94879164,,7/31/2022,1613,2,2,0,0,CLOUDY,DRY,FALSE,,SIDESWIPE-SAME DIRECTION,STRAIGHT & LEVEL,DAYLIGHT,,,44775.85514,FALSE,121,Accepted,5,5,O,,MISJUDGE CLEARANCE,
30379282,0870100,MT. STERLING POLICE DEPARTMENT,Accepted,MONTGOMERY,US0460,,MAYSVILLE,RD,,,,,,,,38.07684066,-83.94917347,8.077,8/1/2022,1900,2,2,0,1,CLEAR,DRY,FALSE,REAR END IN TRAFFIC LANES BOTH VEHICLES MOVING,REAR END,STRAIGHT & LEVEL,DAYLIGHT,,,44775.85533,FALSE,157,Accepted,3,3,B,,INATTENTION,
30379285,0870100,MT. STERLING POLICE DEPARTMENT,Accepted,MONTGOMERY,,,MAGNOLIA,DR,N,,,,,,,38.07321868,-83.9408492,0.009,7/29/2022,1355,2,2,0,0,CLEAR,DRY,FALSE,1 VEHICLE PARKED POSITION (NOT PARKING LOT/DRIVEWAY),BACKING,STRAIGHT & GRADE,DAYLIGHT,,,44775.85552,FALSE,128,Accepted,5,5,O,,MISJUDGE CLEARANCE,
30384156,0870100,MT. STERLING POLICE DEPARTMENT,Accepted,MONTGOMERY,,209,TENNEY,AVE,,,,,,,,38.05446073,-83.93655571,0.13,8/2/2022,1930,1,1,0,0,CLEAR,DRY,FALSE,COLLISION WITH FIXED OBJECT NON - INTERSECTION - FIRST EVENT COLLISION 09 - 32 EXCLUDING 16,SINGLE VEHICLE,STRAIGHT & GRADE,DAYLIGHT,,,44776.91308,FALSE,156,Accepted,5,5,O,,"ALCOHOL INVOLVEMENT, DRUG INVOLVEMENT",
30391414,0870000,MONTGOMERY CTY SHERIFF DEPT,Accepted,MONTGOMERY,,,MIDLAND,TRL,,,FLINT,,,,,38.08298586,-83.92279931,0.714,8/2/2022,2,1,1,0,1,CLEAR,DRY,FALSE,OTHER INTERSECTION COLLISIONS,SINGLE VEHICLE,CURVE & LEVEL,DARK-HWY NOT LIGHTED,,,44778.50474,FALSE,234,Accepted,3,3,B,,"INATTENTION, NOT UNDER PROPER CONTROL",
30392249,0870100,MT. STERLING POLICE DEPARTMENT,Accepted,MONTGOMERY,,,MAYSVILLE,ST,N,,I 64 EXIT RAMPS,,,,,38.07876128,-83.94970768,,8/5/2022,742,2,2,0,0,RAINING,WET,FALSE,VEHICLE BACKING IN INTERSECTION,BACKING,STRAIGHT & LEVEL,DAYLIGHT,,,44778.69745,FALSE,153,Accepted,5,5,O,,"DISTRACTION, NOT UNDER PROPER CONTROL",
30392252,0870100,MT. STERLING POLICE DEPARTMENT,Accepted,MONTGOMERY,,,HIGH,ST,E,CS1078,WILLOW,,,,,38.05889024,-83.93680933,0.301,8/3/2022,1035,2,2,0,0,CLEAR,DRY,FALSE,1 VEHICLE PARKED POSITION (NOT PARKING LOT/DRIVEWAY),REAR END,STRAIGHT & LEVEL,DAYLIGHT,,,44778.6976,FALSE,152,Accepted,5,5,O,,MISJUDGE CLEARANCE,
30404172,0870100,MT. STERLING POLICE DEPARTMENT,Accepted,MONTGOMERY,KY0011,,LEVEE,RD,,,FULLER,,,,,38.03662927,-83.94995923,8.935,8/5/2022,1710,2,2,0,0,RAINING,WET,FALSE,,SIDESWIPE-SAME DIRECTION,STRAIGHT & LEVEL,DAYLIGHT,,,44781.92094,FALSE,121,Accepted,5,5,O,SLIPPERY SURFACE,"INATTENTION, NOT UNDER PROPER CONTROL",BRAKES DEFECTIVE
30404173,0870100,MT. STERLING POLICE DEPARTMENT,Accepted,MONTGOMERY,KY0686,,INDIAN MOUND,DR,,,PATSY,,,,,38.07097229,-83.95486727,0.463,8/7/2022,1515,2,2,0,0,CLEAR,DRY,FALSE,ANGLE COLLISION - OTHER,ANGLE,STRAIGHT & HILLCREST,DAYLIGHT,,,44781.92102,FALSE,157,Accepted,5,5,O,,INATTENTION,
30404801,0870000,MONTGOMERY CTY SHERIFF DEPT,Accepted,MONTGOMERY,US0460,,CAMARGO,RD,,,QUEEN,,,,,38.04537521,-83.93530701,10.452,8/6/2022,1702,2,2,0,2,CLEAR,DRY,FALSE,ANGLE COLLISION - OTHER,ANGLE,CURVE & LEVEL,DAYLIGHT,,,44782.09962,FALSE,249,Accepted,5,3,B,,"FAILED TO YIELD RIGHT OF WAY, INATTENTION",
30429741,0870100,MT. STERLING POLICE DEPARTMENT,Accepted,MONTGOMERY,KY0686,,INDIAN MOUND,DR,,,MT STERLING,,,,,38.07107306,-83.95509296,0.462,8/13/2022,1458,2,2,0,0,CLEAR,DRY,FALSE,ANGLE COLLISION - OTHER,ANGLE,STRAIGHT & LEVEL,DAYLIGHT,,,44787.91706,FALSE,155,Accepted,5,5,O,,FAILED TO YIELD RIGHT OF WAY,
30429742,0870100,MT. STERLING POLICE DEPARTMENT,Accepted,MONTGOMERY,KY0686,,INDIAN MOUND,DR,,,TIGHLMAN,,,,,38.04084525,-83.93897664,3.243,8/14/2022,1355,2,2,0,0,CLOUDY,DRY,FALSE,ANGLE COLLISION - OTHER,ANGLE,STRAIGHT & HILLCREST,DAYLIGHT,,,44787.91717,FALSE,128,Accepted,5,5,O,,INATTENTION,
30437756,0870000,MONTGOMERY CTY SHERIFF DEPT,Accepted,MONTGOMERY,KY0646,490,KIDDVILLE,RD,,,,,,,,38.00642664,-83.95539594,11.26,8/10/2022,1232,2,2,0,2,CLEAR,DRY,FALSE,REAR END IN TRAFFIC LANES BOTH VEHICLES MOVING,REAR END,STRAIGHT & LEVEL,DAYLIGHT,,,44789.50871,FALSE,226,Accepted,5,4,C,,"DISTRACTION, FAILED TO YIELD RIGHT OF WAY",
30437762,0870000,MONTGOMERY CTY SHERIFF DEPT,Accepted,MONTGOMERY,US0460,4322,CAMARGO,RD,,,,,,,,37.99431743,-83.88802449,15.021,8/14/2022,1015,1,1,0,1,CLEAR,DRY,FALSE,COLLISION WITH FIXED OBJECT NON - INTERSECTION - FIRST EVENT COLLISION 09 - 32 EXCLUDING 16,SINGLE VEHICLE,STRAIGHT & LEVEL,DAYLIGHT,,,44789.50908,FALSE,231,Accepted,5,3,B,,"FAILED TO KEEP PROPER LANE, LOST CONSCIOUSNESS/FAINTED, SICK",
30437764,0870000,MONTGOMERY CTY SHERIFF DEPT,Accepted,MONTGOMERY,US0460,,MAIN,ST,,KY0213,KY213,,,,,37.97638724,-83.85100324,17.435,8/15/2022,1050,2,2,0,2,CLEAR,DRY,FALSE,ANGLE COLLISION - OTHER,ANGLE,STRAIGHT & LEVEL,DAYLIGHT,,,44789.50922,FALSE,228,Accepted,5,2,A,,FAILED TO YIELD RIGHT OF WAY,
30445863,0870100,MT. STERLING POLICE DEPARTMENT,Accepted,MONTGOMERY,KY0686,809,INDIAN MOUND,DR,,,,,,,,38.04113957,-83.94577722,,8/12/2022,1408,2,2,0,0,CLEAR,DRY,FALSE,OTHER ROADWAY OR MID-BLOCK COLLISION,OPPOSING LEFT TURN,STRAIGHT & LEVEL,DAYLIGHT,,,44791.17317,FALSE,153,Accepted,5,5,O,,"FAILED TO YIELD RIGHT OF WAY, INATTENTION",
30445864,0870100,MT. STERLING POLICE DEPARTMENT,Accepted,MONTGOMERY,,3,MAYSVILLE,AVE,,,,,,,,38.06533715,-83.94596491,0.042,8/11/2022,1312,2,2,0,0,CLEAR,DRY,FALSE,1 VEHICLE PARKED POSITION (NOT PARKING LOT/DRIVEWAY),BACKING,STRAIGHT & LEVEL,DAYLIGHT,,,44791.17324,FALSE,154,Accepted,5,5,O,,MISJUDGE CLEARANCE,
30445865,0870100,MT. STERLING POLICE DEPARTMENT,Accepted,MONTGOMERY,,,SPRING,ST,,,,,,,,38.05141909,-83.95374354,0.158,8/16/2022,1604,4,3,0,0,CLEAR,DRY,FALSE,1 VEHICLE PARKED POSITION (NOT PARKING LOT/DRIVEWAY),HEAD ON,STRAIGHT & GRADE,DAYLIGHT,,,44791.1733,FALSE,157,Accepted,5,5,O,,"DRUG INVOLVEMENT, INATTENTION, MEDICATION",
30456629,0870100,MT. STERLING POLICE DEPARTMENT,Accepted,MONTGOMERY,US0460,,MAYSVILLE,ST,N,,CULPEPPER,,,,,38.07190215,-83.94740625,8.453,8/19/2022,1001,3,3,0,0,CLEAR,DRY,FALSE,SIDESWIPE-SAME DIRECTION,SIDESWIPE-SAME DIRECTION,STRAIGHT & LEVEL,DAYLIGHT,,,44793.99367,TRUE,158,Accepted,5,5,O,,,BRAKES DEFECTIVE
30482168,0870000,MONTGOMERY CTY SHERIFF DEPT,Accepted,MONTGOMERY,KY0213,6873,BEDFORD,RD,,KY0713,SPENCER,,,,,38.02326012,-83.82412341,9.127,7/13/2022,523,1,1,0,0,CLOUDY,WET,TRUE,COLLISION WITH FIXED OBJECT IN INTERSECTION - FIRST EVENT COLLISION 09 - 32,SINGLE VEHICLE,STRAIGHT & LEVEL,DARK-HWY NOT LIGHTED,,,44799.4509,FALSE,234,Accepted,5,5,O,SLIPPERY SURFACE,DRUG INVOLVEMENT,
30482174,0870000,MONTGOMERY CTY SHERIFF DEPT,Accepted,MONTGOMERY,KY0213,,KY213,,,,,,,,,37.9715314,-83.85541988,4.913,8/16/2022,1437,2,2,0,0,CLEAR,DRY,FALSE,1 VEHICLE ENTERING/LEAVING ENTRANCE,ANGLE,STRAIGHT & LEVEL,DAYLIGHT,,,44799.4511,FALSE,226,Accepted,5,5,O,,FAILED TO YIELD RIGHT OF WAY,
30482176,0870000,MONTGOMERY CTY SHERIFF DEPT,Accepted,MONTGOMERY,KY0599,3220,KY599,,,,,,,,,37.93368932,-83.83483086,2.843,8/17/2022,633,1,1,0,1,FOG,DRY,FALSE,COLLISION WITH FIXED OBJECT NON - INTERSECTION - FIRST EVENT COLLISION 09 - 32 EXCLUDING 16,SINGLE VEHICLE,CURVE & GRADE,DARK-HWY NOT LIGHTED,,,44799.4512,FALSE,234,Accepted,3,3,B,"VIEW OBSTRUCTED, LIMITED DUE TO WEATHER CONDITIONS",NOT UNDER PROPER CONTROL,
30482177,0870000,MONTGOMERY CTY SHERIFF DEPT,Accepted,MONTGOMERY,US0060,,OWINGSVILLE,RD,,,,,,,,38.09288653,-83.89763046,8.972,8/19/2022,1133,2,2,0,0,CLEAR,DRY,FALSE,1 VEHICLE ENTERING/LEAVING ENTRANCE,ANGLE,STRAIGHT & LEVEL,DAYLIGHT,,,44799.45126,FALSE,226,Accepted,5,5,O,,FAILED TO YIELD RIGHT OF WAY,
30482178,0870000,MONTGOMERY CTY SHERIFF DEPT,Accepted,MONTGOMERY,KY0011,,LEVEE,RD,,,,,,,,37.96725294,-83.9390998,3.793,8/19/2022,1511,2,2,0,0,CLEAR,DRY,TRUE,SIDESWIPE COLLISION - OPPOSITE DIRECTION,SIDESWIPE-OPPOSITE DIRECTION,CURVE & LEVEL,DAYLIGHT,,,44799.45132,FALSE,226,Accepted,5,5,O,,,
30482181,0870000,MONTGOMERY CTY SHERIFF DEPT,Accepted,MONTGOMERY,KY0686,,INDIAN MOUND,DR,,,RICHMOND,,,,,38.04232331,-83.95066006,2.603,8/19/2022,1600,2,2,0,0,CLEAR,DRY,FALSE,ANGLE COLLISION - OTHER,ANGLE,STRAIGHT & LEVEL,DAYLIGHT,,,44799.45145,FALSE,249,Accepted,5,5,O,,FAILED TO YIELD RIGHT OF WAY,
30482195,0870000,MONTGOMERY CTY SHERIFF DEPT,Accepted,MONTGOMERY,US0460,8060,MAIN,ST,,,,,,,,37.9757165,-83.84894936,17.547,8/19/2022,1733,2,2,0,0,CLEAR,DRY,FALSE,1 VEHICLE PARKED POSITION (NOT PARKING LOT/DRIVEWAY),BACKING,STRAIGHT & LEVEL,DAYLIGHT,,,44799.45184,FALSE,245,Accepted,5,5,O,,INATTENTION,
30482200,0870000,MONTGOMERY CTY SHERIFF DEPT,Accepted,MONTGOMERY,KY1050,2595,KY1050,,,,,,,,,37.94752559,-83.80332722,4.576,8/23/2022,1755,1,1,0,1,CLEAR,DRY,FALSE,RAN OFF ROADWAY (1 VEHICLE WITH/EARTH EMBANKMENT/DITCH),SINGLE VEHICLE,STRAIGHT & LEVEL,DAYLIGHT,,,44799.45218,FALSE,246,Accepted,2,2,A,,ALCOHOL INVOLVEMENT,
30482201,0870000,MONTGOMERY CTY SHERIFF DEPT,Accepted,MONTGOMERY,US0460,,CAMARGO,RD,,,,,,,,37.99229345,-83.88272471,15.328,8/19/2022,1347,2,2,0,0,CLEAR,DRY,FALSE,VEHICLE BACKING NON INTERSECTION,BACKING,STRAIGHT & LEVEL,DAYLIGHT,,,44799.45225,FALSE,292,Accepted,5,5,O,,INATTENTION,
30484333,0870100,MT. STERLING POLICE DEPARTMENT,Accepted,MONTGOMERY,US0460,,CAMARGO,RD,,,,,,,,38.04118839,-83.93404106,10.755,8/14/2022,1604,2,2,0,0,CLEAR,DRY,FALSE,SIDESWIPE COLLISION - SAME DIRECTION,SIDESWIPE-SAME DIRECTION,STRAIGHT & LEVEL,DAYLIGHT,,,44799.8892,FALSE,120,Accepted,5,5,O,,INATTENTION,
30489742,0870100,MT. STERLING POLICE DEPARTMENT,Accepted,MONTGOMERY,KY0686,,INDIAN MOUND,DR,,,TIGHLMAN,,,,,38.04097748,-83.93905705,3.249,8/23/2022,1619,2,2,0,0,CLEAR,DRY,FALSE,ANGLE COLLISION - OTHER,ANGLE,STRAIGHT & LEVEL,DAYLIGHT,,,44801.89039,FALSE,157,Accepted,5,5,O,,FAILED TO YIELD RIGHT OF WAY,
30489743,0870100,MT. STERLING POLICE DEPARTMENT,Accepted,MONTGOMERY,KY0686,,INDIAN MOUND,DR,,,PATSY,,,,,38.07097947,-83.9548671,0.463,8/23/2022,1900,2,2,0,0,CLEAR,DRY,FALSE,SIDESWIPE-SAME DIRECTION,SIDESWIPE-SAME DIRECTION,CURVE & HILLCREST,DAYLIGHT,,,44801.89045,FALSE,157,Accepted,5,5,O,,FAILED TO KEEP PROPER LANE,
30497976,0870000,MONTGOMERY CTY SHERIFF DEPT,Accepted,MONTGOMERY,,102,ADENA,DR,,,,,,,,38.07810792,-83.91677315,0.199,8/23/2022,1205,2,2,0,0,CLEAR,DRY,FALSE,1 VEHICLE ENTERING/LEAVING ENTRANCE,ANGLE,STRAIGHT & LEVEL,DAYLIGHT,,,44803.48442,FALSE,231,Accepted,5,5,O,,INATTENTION,
30497980,0870000,MONTGOMERY CTY SHERIFF DEPT,Accepted,MONTGOMERY,KY0213,2225,KY213,,,,,,,,,37.94439875,-83.86424914,2.877,8/22/2022,753,2,2,0,1,CLEAR,DRY,FALSE,OTHER ROADWAY OR MID-BLOCK COLLISION,REAR END,STRAIGHT & LEVEL,DARK-HWY NOT LIGHTED,,,44803.48459,FALSE,234,Accepted,3,3,B,OTHER,INATTENTION,
30499199,0870100,MT. STERLING POLICE DEPARTMENT,Accepted,MONTGOMERY,,,LARKSPUR,DR,,,,,,,,38.0707679,-83.94266274,0.056,7/11/2022,1656,2,2,0,0,CLEAR,DRY,FALSE,VEHICLE BACKING NON INTERSECTION,BACKING,STRAIGHT & LEVEL,DAYLIGHT,,,44803.67644,FALSE,155,Accepted,5,5,O,,IMPROPER BACKING,
30508315,0870000,MONTGOMERY CTY SHERIFF DEPT,Accepted,MONTGOMERY,US0060,3339,WINCHESTER,RD,,,,,,,,38.04456713,-83.99908637,1.803,8/19/2022,1721,2,2,0,0,CLEAR,DRY,FALSE,REAR END IN TRAFFIC LANES BOTH VEHICLES MOVING,REAR END,CURVE & GRADE,DAYLIGHT,,,44805.47705,FALSE,246,Accepted,5,5,O,,FOLLOWING TOO CLOSE,
30511201,0870100,MT. STERLING POLICE DEPARTMENT,Accepted,MONTGOMERY,US0460,,MAYSVILLE,ST,N,KY0686,INDIAN MOUND,,,,,38.07415357,-83.94836652,8.277,8/31/2022,648,2,2,0,0,CLEAR,DRY,FALSE,OTHER INTERSECTION COLLISIONS,REAR END,STRAIGHT & LEVEL,DAWN,,,44805.95419,FALSE,128,Accepted,5,5,O,,DISTRACTION,
30511208,0870100,MT. STERLING POLICE DEPARTMENT,Accepted,MONTGOMERY,US0460,328,MAYSVILLE,ST,N,,JOHNSON,,,,,38.06238182,-83.94424337,9.129,9/1/2022,1553,2,2,0,0,CLEAR,DRY,FALSE,OTHER INTERSECTION COLLISIONS,REAR END,STRAIGHT & GRADE,DAYLIGHT,,,44805.95442,FALSE,158,Accepted,5,5,O,,DISTRACTION,
30513347,0870000,MONTGOMERY CTY SHERIFF DEPT,Accepted,MONTGOMERY,KY0213,,KY213,,,US0460,MAIN,,,,,37.97637289,-83.85101806,5.321,8/22/2022,1537,2,2,0,0,CLEAR,DRY,FALSE,ANGLE COLLISION - OTHER,ANGLE,STRAIGHT & LEVEL,DAYLIGHT,,,44806.46847,FALSE,238,Accepted,5,5,O,,"FAILED TO YIELD RIGHT OF WAY, INATTENTION",
30520285,0870100,MT. STERLING POLICE DEPARTMENT,Accepted,MONTGOMERY,,,QUEEN,ST,N,,BOX,,,,,38.0603437,-83.94023134,0.231,9/4/2022,556,1,1,0,0,RAINING,WET,FALSE,COLLISION WITH FIXED OBJECT IN INTERSECTION - FIRST EVENT COLLISION 09 - 32,SINGLE VEHICLE,STRAIGHT & LEVEL,DARK-HWY LIGHTED/OFF,,,44808.77462,FALSE,154,Accepted,5,5,O,,"DISTRACTION, INATTENTION",
30520288,0870100,MT. STERLING POLICE DEPARTMENT,Accepted,MONTGOMERY,,,COLLIER,WAY,,,SWISS STONE,,,,,38.05261484,-83.95091755,0.021,9/4/2022,1344,2,2,0,0,CLOUDY,DRY,FALSE,ANGLE COLLISION - OTHER,ANGLE,STRAIGHT & LEVEL,DAYLIGHT,,,44808.77472,FALSE,154,Accepted,5,5,O,,MISJUDGE CLEARANCE,
30523260,0870000,MONTGOMERY CTY SHERIFF DEPT,Accepted,MONTGOMERY,,3878,STEPSTONE,RD,,,,,,,,38.09097042,-83.86494422,1.851,8/29/2022,1736,1,1,0,0,CLEAR,DRY,FALSE,RAN OFF ROADWAY (1 VEHICLE WITH/EARTH EMBANKMENT/DITCH),SINGLE VEHICLE,STRAIGHT & LEVEL,DAYLIGHT,,,44809.48161,FALSE,249,Accepted,5,5,O,,NOT UNDER PROPER CONTROL,
30523261,0870000,MONTGOMERY CTY SHERIFF DEPT,Accepted,MONTGOMERY,US0060,,WINCHESTER,RD,,,,,,,,38.04923626,-83.97742615,3.1,8/31/2022,1359,2,2,0,1,CLEAR,DRY,FALSE,1 VEHICLE ENTERING/LEAVING ENTRANCE,ANGLE,STRAIGHT & LEVEL,DAYLIGHT,,,44809.48167,FALSE,226,Accepted,5,4,C,,FAILED TO YIELD RIGHT OF WAY,
30523263,0870000,MONTGOMERY CTY SHERIFF DEPT,Accepted,MONTGOMERY,US0060,,OWINGSVILLE,RD,,,,,,,,38.09131027,-83.89776652,8.864,9/2/2022,1513,2,2,0,0,RAINING,WET,FALSE,REAR END IN TRAFFIC LANES BOTH VEHICLES MOVING,REAR END,STRAIGHT & LEVEL,DAYLIGHT,,,44809.4818,FALSE,226,Accepted,5,5,O,SLIPPERY SURFACE,"DISTRACTION, INATTENTION",
30523264,0870000,MONTGOMERY CTY SHERIFF DEPT,Accepted,MONTGOMERY,,,CAMARGO LEVEE,RD,,,,,,,,37.95938269,-83.89518443,2.389,9/3/2022,1521,1,1,0,0,RAINING,WET,FALSE,COLLISION WITH FIXED OBJECT NON - INTERSECTION - FIRST EVENT COLLISION 09 - 32 EXCLUDING 16,SINGLE VEHICLE,CURVE & GRADE,DAYLIGHT,,,44809.48193,FALSE,226,Accepted,5,5,O,SLIPPERY SURFACE,"INATTENTION, NOT UNDER PROPER CONTROL, TOO FAST FOR CONDITIONS",
30523269,0870000,MONTGOMERY CTY SHERIFF DEPT,Accepted,MONTGOMERY,,,STEPSTONE,RD,,,,,,,,38.08666905,-83.88136536,0.889,9/1/2022,1030,2,2,0,0,CLEAR,DRY,TRUE,SIDESWIPE COLLISION - OPPOSITE DIRECTION,SIDESWIPE-OPPOSITE DIRECTION,STRAIGHT & LEVEL,DAYLIGHT,,,44809.48209,FALSE,228,Accepted,5,5,O,,,