IncidentID,AgencyORI,AgencyName,IncidentStatusDesc,County,RdwyNumber,Street,RoadwayName,StreetSfx,StreetDir,IntersectionRdwy,IntersectionRdwyName,BetweenStRdwy1,BetweenStRdwyName1,BetweenStRdwy2,BetweenStRdwyName2,Latitude,Longitude,Milepoint,CollisionDate,CollisionTime,UnitsInvolved,MotorVehiclesInvolved,NumberKilled,NumberInjured,Weather,RdwyConditionCode,HitandRun,DirAnalysisCode,MannerofCollision,RdwyCharacter,LightCondition,RampFromRdwyId,RampToRdwyId,AcceptedDate,IsSecondaryCollision,OwnerBadge,IncidentStatus,InjurySeverityCde,KABCO Code,KABCO,Environmental_Factors,Human_Factors,Vehicular_Factors
30527561,0870000,MONTGOMERY CTY SHERIFF DEPT,Accepted,MONTGOMERY,KY0011,3833,LEVEE,RD,,,,,,,,38.00162786,-83.94091733,6.328,9/3/2022,1424,1,1,0,0,RAINING,WET,FALSE,RAN OFF ROADWAY (1 VEHICLE WITH/EARTH EMBANKMENT/DITCH),SINGLE VEHICLE,CURVE & LEVEL,DAYLIGHT,,,44810.46704,FALSE,291,Accepted,5,5,O,SLIPPERY SURFACE,TOO FAST FOR CONDITIONS,
30527565,0870000,MONTGOMERY CTY SHERIFF DEPT,Accepted,MONTGOMERY,,,OLD OWINGSVILLE,RD,,,,,,,,38.07162434,-83.91661363,1.081,9/5/2022,1610,2,2,0,0,RAINING,WET,FALSE,REAR END IN TRAFFIC LANES BOTH VEHICLES MOVING,REAR END,STRAIGHT & LEVEL,DAYLIGHT,,,44810.46721,FALSE,249,Accepted,5,5,O,SLIPPERY SURFACE,,
30527567,0870000,MONTGOMERY CTY SHERIFF DEPT,Accepted,MONTGOMERY,US0460,12625,MAIN,ST,,,,,,,,37.94974161,-83.7745721,22.024,9/4/2022,2005,1,1,0,1,RAINING,WET,FALSE,RAN OFF ROADWAY (1 VEHICLE WITH/EARTH EMBANKMENT/DITCH),SINGLE VEHICLE,STRAIGHT & LEVEL,DARK-HWY NOT LIGHTED,,,44810.46748,FALSE,238,Accepted,5,2,A,,ALCOHOL INVOLVEMENT,
30527568,0870000,MONTGOMERY CTY SHERIFF DEPT,Accepted,MONTGOMERY,US0060,3025,OWINGSVILLE,RD,,,,,,,,38.08092293,-83.90475167,8.027,8/31/2022,702,2,2,0,0,CLEAR,DRY,FALSE,REAR END IN TRAFFIC LANES BOTH VEHICLES MOVING,REAR END,STRAIGHT & LEVEL,DAWN,,,44810.46761,FALSE,234,Accepted,5,5,O,,INATTENTION,
30533102,KSP0800,"KY STATE POLICE, POST 08",Accepted,MONTGOMERY,,6616,CAMARGO LEVEE,RD,,,,,,,,37.96770618,-83.88648759,1.516,8/18/2022,1431,1,1,0,1,CLEAR,DRY,FALSE,OTHER ROADWAY OR MID-BLOCK COLLISION,SINGLE VEHICLE,CURVE & LEVEL,DAYLIGHT,,,44811.57945,FALSE,714,Accepted,5,2,A,,"FAILED TO KEEP PROPER LANE, NOT UNDER PROPER CONTROL",
30533661,0870100,MT. STERLING POLICE DEPARTMENT,Accepted,MONTGOMERY,KY0686,,INDIAN MOUND,DR,,,,,,,,38.06733248,-83.95517218,0.721,9/5/2022,1033,2,2,0,0,CLOUDY,DRY,FALSE,1 VEHICLE ENTERING/LEAVING ENTRANCE,ANGLE,STRAIGHT & LEVEL,DAYLIGHT,,,44811.65675,FALSE,159,Accepted,5,5,O,,DISREGARD TRAFFIC CONTROL,
30533664,0870100,MT. STERLING POLICE DEPARTMENT,Accepted,MONTGOMERY,KY0686,810,INDIAN MOUND,DR,,,,,,,,38.06115767,-83.95398851,0.936,9/5/2022,1507,2,2,0,0,RAINING,WET,FALSE,SIDESWIPE COLLISION - SAME DIRECTION,SIDESWIPE-SAME DIRECTION,STRAIGHT & LEVEL,DAYLIGHT,,,44811.6569,FALSE,158,Accepted,5,5,O,"VIEW OBSTRUCTED, LIMITED DUE TO WEATHER CONDITIONS",FAILED TO YIELD RIGHT OF WAY,OTHER
30552817,0870100,MT. STERLING POLICE DEPARTMENT,Accepted,MONTGOMERY,,191,EVANS,AVE,,,,,,,,38.07546498,-83.95139751,0.162,9/9/2022,1748,2,2,0,0,CLEAR,DRY,FALSE,VEHICLE BACKING NON INTERSECTION,BACKING,STRAIGHT & LEVEL,DAYLIGHT,,,44816.59893,FALSE,108,Accepted,5,5,O,,IMPROPER BACKING,
30552825,0870100,MT. STERLING POLICE DEPARTMENT,Accepted,MONTGOMERY,KY0686,1201,INDIAN MOUND,DR,,US0060,WINCHESTER,,,,,38.05393559,-83.95651713,1.649,9/6/2022,1656,2,2,0,0,CLEAR,DRY,TRUE,OTHER INTERSECTION COLLISIONS,REAR END,STRAIGHT & LEVEL,DAYLIGHT,,,44816.59933,FALSE,158,Accepted,5,5,O,,DISTRACTION,
30552828,0870100,MT. STERLING POLICE DEPARTMENT,Accepted,MONTGOMERY,US0460,,MAYSVILLE,ST,N,,VIRGINIA,,,,,38.06056693,-83.94355304,9.263,9/11/2022,1756,2,2,0,0,CLOUDY,WET,FALSE,OTHER INTERSECTION COLLISIONS,REAR END,STRAIGHT & GRADE,DAYLIGHT,,,44816.59944,FALSE,158,Accepted,5,5,O,SLIPPERY SURFACE,INATTENTION,
30552829,0870100,MT. STERLING POLICE DEPARTMENT,Accepted,MONTGOMERY,US0460,,MAYSVILLE,ST,N,,EVANS,,,,,38.07557051,-83.9488604,8.178,9/12/2022,929,2,2,0,0,CLOUDY,DRY,FALSE,SIDESWIPE-SAME DIRECTION,SIDESWIPE-SAME DIRECTION,STRAIGHT & LEVEL,DAYLIGHT,,,44816.59952,FALSE,128,Accepted,5,5,O,,,BRAKES DEFECTIVE
30559618,0870100,MT. STERLING POLICE DEPARTMENT,Accepted,MONTGOMERY,KY0686,480,INDIAN MOUND,DR,,,PATSY,,,,,38.07099317,-83.9548722,0.462,9/13/2022,1813,2,2,0,0,CLEAR,DRY,FALSE,ANGLE COLLISION - ONE VEHICLE TURNING LEFT,ANGLE,CURVE & LEVEL,DAYLIGHT,,,44817.97545,FALSE,108,Accepted,5,5,O,,"DISREGARD TRAFFIC CONTROL, FAILED TO YIELD RIGHT OF WAY",
30559620,0870100,MT. STERLING POLICE DEPARTMENT,Accepted,MONTGOMERY,KY0686,,INDIAN MOUND,DR,,KY0011,LEVEE,,,,,38.0411007,-83.94789566,2.761,9/13/2022,1533,2,2,0,0,CLEAR,DRY,FALSE,ANGLE COLLISION - OTHER,ANGLE,STRAIGHT & LEVEL,DAYLIGHT,,,44817.97553,FALSE,157,Accepted,5,5,O,,"DISREGARD TRAFFIC CONTROL, INATTENTION",
30561711,0870000,MONTGOMERY CTY SHERIFF DEPT,Accepted,MONTGOMERY,,330,WELCH,RD,,,,,,,,37.96034054,-83.87875733,1.412,9/9/2022,1217,1,1,0,0,CLEAR,DRY,FALSE,COLLISION WITH FIXED OBJECT NON - INTERSECTION - FIRST EVENT COLLISION 09 - 32 EXCLUDING 16,SINGLE VEHICLE,STRAIGHT & LEVEL,DAYLIGHT,,,44818.46947,FALSE,231,Accepted,5,5,O,SHOULDERS DEFECTIVE/DROP-OFF,MISJUDGE CLEARANCE,
30561722,0870000,MONTGOMERY CTY SHERIFF DEPT,Accepted,MONTGOMERY,KY0213,,KY213,,,,,,,,,37.94082918,-83.86252132,2.669,9/8/2022,1454,2,2,0,3,CLEAR,DRY,FALSE,HEAD-ON COLLISION,HEAD ON,STRAIGHT & LEVEL,DAYLIGHT,,,44818.46995,FALSE,228,Accepted,3,3,B,,,
30561726,0870000,MONTGOMERY CTY SHERIFF DEPT,Accepted,MONTGOMERY,,5757,MCCORMICK,RD,,,,,,,,38.0181786,-83.84998679,1.959,9/10/2022,1949,1,1,0,0,CLOUDY,WET,FALSE,RAN OFF ROADWAY (1 VEHICLE WITH/EARTH EMBANKMENT/DITCH),SINGLE VEHICLE,STRAIGHT & LEVEL,DARK-HWY LIGHTED/OFF,,,44818.47006,FALSE,249,Accepted,5,5,O,SHOULDERS DEFECTIVE/DROP-OFF,MISJUDGE CLEARANCE,
30561734,0870000,MONTGOMERY CTY SHERIFF DEPT,Accepted,MONTGOMERY,US0060,4500,OWINGSVILLE,RD,,,,,,,,38.1220326,-83.87970747,11.367,6/27/2022,250,1,1,0,2,RAINING,WET,FALSE,OTHER COLLISIONS ON SHOULDER,SINGLE VEHICLE,STRAIGHT & GRADE,DARK-HWY NOT LIGHTED,,,44818.47026,FALSE,234,Accepted,2,2,A,SLIPPERY SURFACE,"NOT UNDER PROPER CONTROL, TOO FAST FOR CONDITIONS",
30562789,0870100,MT. STERLING POLICE DEPARTMENT,Accepted,MONTGOMERY,,,INDIAN MOUND,DR,,,,,,,,38.04178989,-83.9345634,,9/13/2022,638,2,2,0,0,CLEAR,DRY,FALSE,SIDESWIPE COLLISION - SAME DIRECTION,SIDESWIPE-SAME DIRECTION,STRAIGHT & LEVEL,DARK-HWY LIGHTED/ON,,,44818.6431,FALSE,153,Accepted,5,5,O,,INATTENTION,
30567090,0870000,MONTGOMERY CTY SHERIFF DEPT,Accepted,MONTGOMERY,,,CARTWRIGHT,RD,,,,,,,,38.00056405,-83.89314889,0.237,9/9/2022,1512,1,1,0,0,CLEAR,DRY,FALSE,COLLISION WITH FIXED OBJECT NON - INTERSECTION - FIRST EVENT COLLISION 09 - 32 EXCLUDING 16,SINGLE VEHICLE,STRAIGHT & LEVEL,DAYLIGHT,,,44819.48146,FALSE,226,Accepted,5,5,O,,"INATTENTION, NOT UNDER PROPER CONTROL",
30567093,0870000,MONTGOMERY CTY SHERIFF DEPT,Accepted,MONTGOMERY,KY0011,,LEVEE,RD,,,,,,,,38.02004837,-83.94924242,7.803,9/7/2022,1654,2,2,0,0,CLEAR,DRY,FALSE,SIDESWIPE COLLISION - OPPOSITE DIRECTION,SIDESWIPE-OPPOSITE DIRECTION,STRAIGHT & LEVEL,DAYLIGHT,,,44819.48161,FALSE,238,Accepted,5,5,O,,TOO FAST FOR CONDITIONS,
30567094,0870000,MONTGOMERY CTY SHERIFF DEPT,Accepted,MONTGOMERY,KY0011,,LEVEE,RD,,,,,,,,38.02055621,-83.94904102,7.84,9/12/2022,1722,1,1,0,0,CLEAR,DRY,FALSE,RAN OFF ROADWAY (1 VEHICLE WITH/EARTH EMBANKMENT/DITCH),SINGLE VEHICLE,STRAIGHT & LEVEL,DAYLIGHT,,,44819.48169,FALSE,238,Accepted,5,5,O,,NOT UNDER PROPER CONTROL,
30567099,0870000,MONTGOMERY CTY SHERIFF DEPT,Accepted,MONTGOMERY,US0460,5300,MAIN,ST,,,,,,,,37.98236987,-83.86765391,16.436,9/13/2022,1219,2,2,0,0,CLEAR,DRY,FALSE,REAR END IN TRAFFIC LANES BOTH VEHICLES MOVING,REAR END,STRAIGHT & LEVEL,DAYLIGHT,,,44819.48183,FALSE,231,Accepted,5,5,O,,"FOLLOWING TOO CLOSE, INATTENTION",
30572706,0870100,MT. STERLING POLICE DEPARTMENT,Accepted,MONTGOMERY,US0460,,MAYSVILLE,RD,,,INTERSTATE,,,,,38.08040392,-83.94958368,7.837,8/29/2022,2020,2,2,0,0,CLOUDY,DRY,FALSE,SIDESWIPE-SAME DIRECTION,SIDESWIPE-SAME DIRECTION,STRAIGHT & GRADE,DARK-HWY LIGHTED/ON,,,44820.65947,FALSE,158,Accepted,5,5,O,,"FAILED TO YIELD RIGHT OF WAY, TURNING IMPROPERLY",
30581653,KSP0800,"KY STATE POLICE, POST 08",Accepted,MONTGOMERY,KY0686,,INDIAN MOUND,DR,,,,,,,,38.07396476,-83.9485712,0.017,9/16/2022,1537,3,3,0,0,CLEAR,DRY,FALSE,OTHER ROADWAY OR MID-BLOCK COLLISION,REAR END,STRAIGHT & GRADE,DAYLIGHT,,,44823.46409,FALSE,240,Accepted,5,5,O,BACKUP DUE TO REGULAR CONGESTION,"DISTRACTION, EMOTIONAL, INATTENTION",
30583842,0870100,MT. STERLING POLICE DEPARTMENT,Accepted,MONTGOMERY,,642,YOUNG,LN,,,EVANS,,,,,38.07495333,-83.94957577,0.037,9/12/2022,2026,2,2,0,0,CLOUDY,DRY,FALSE,COLLISION WITH PARKED VEHICLE,BACKING,STRAIGHT & LEVEL,DARK-HWY LIGHTED/ON,,,44823.75179,FALSE,158,Accepted,5,5,O,,"IMPROPER BACKING, MISJUDGE CLEARANCE",
30583844,0870100,MT. STERLING POLICE DEPARTMENT,Accepted,MONTGOMERY,US0460,309,MAYSVILLE,ST,N,,TROJAN,,,,,38.06036784,-83.94346453,9.277,9/11/2022,1157,2,2,0,2,CLEAR,DRY,FALSE,ANGLE COLLISION - OTHER,ANGLE,STRAIGHT & GRADE,DAYLIGHT,,,44823.75189,FALSE,128,Accepted,5,2,A,,FAILED TO YIELD RIGHT OF WAY,
30583860,0870100,MT. STERLING POLICE DEPARTMENT,Accepted,MONTGOMERY,KY0686,,INDIAN MOUND,DR,,,,,,,,38.06732006,-83.955166,0.722,9/8/2022,1246,2,2,0,0,CLEAR,DRY,FALSE,1 VEHICLE ENTERING/LEAVING ENTRANCE,ANGLE,STRAIGHT & LEVEL,DAYLIGHT,,,44823.75245,FALSE,149,Accepted,5,5,O,,TURNING IMPROPERLY,
30584618,0870100,MT. STERLING POLICE DEPARTMENT,Accepted,MONTGOMERY,KY0686,810,INDIAN MOUND,DR,,,KROGER CENTER,,,,,38.06180189,-83.95519915,,9/17/2022,1316,2,2,0,0,CLEAR,DRY,FALSE,,REAR END,STRAIGHT & LEVEL,DAYLIGHT,,,44823.95618,FALSE,121,Accepted,5,5,O,,INATTENTION,
30586691,0870000,MONTGOMERY CTY SHERIFF DEPT,Accepted,MONTGOMERY,KY0713,4428,SPENCER,PIKE,,,,,,,,38.02940422,-83.85230828,12.032,9/13/2022,2148,1,1,0,0,CLEAR,DRY,FALSE,COLLISION WITH FIXED OBJECT NON - INTERSECTION - FIRST EVENT COLLISION 09 - 32 EXCLUDING 16,SINGLE VEHICLE,CURVE & LEVEL,DARK-HWY NOT LIGHTED,,,44824.4346,FALSE,245,Accepted,5,5,O,,"ALCOHOL INVOLVEMENT, FAILED TO KEEP PROPER LANE, NOT UNDER PROPER CONTROL",
30586698,0870000,MONTGOMERY CTY SHERIFF DEPT,Accepted,MONTGOMERY,,2596,CARTWRIGHT,RD,,,,,,,,38.00044358,-83.8935989,0.211,9/18/2022,1710,1,1,0,0,CLEAR,DRY,FALSE,COLLISION WITH FIXED OBJECT NON - INTERSECTION - FIRST EVENT COLLISION 09 - 32 EXCLUDING 16,SINGLE VEHICLE,STRAIGHT & LEVEL,DAYLIGHT,,,44824.43488,FALSE,291,Accepted,5,5,O,,,
30586702,0870000,MONTGOMERY CTY SHERIFF DEPT,Accepted,MONTGOMERY,KY1991,1200,HINKSTON,PIKE,,,,,,,,38.07415938,-83.93490917,0.901,9/18/2022,58,2,1,0,1,CLEAR,DRY,FALSE,COLLISION WITH PEDESTRIAN NON - INTERSECTION,SINGLE VEHICLE,STRAIGHT & LEVEL,DARK-HWY NOT LIGHTED,,,44824.43498,FALSE,234,Accepted,2,2,A,,,
30586706,0870000,MONTGOMERY CTY SHERIFF DEPT,Accepted,MONTGOMERY,KY0011,,LEVEE,RD,,,,,,,,38.04634897,-83.94419942,9.656,9/17/2022,12,2,2,0,0,CLEAR,DRY,FALSE,SIDESWIPE COLLISION - SAME DIRECTION,SIDESWIPE-SAME DIRECTION,STRAIGHT & LEVEL,DARK-HWY NOT LIGHTED,,,44824.43504,FALSE,234,Accepted,5,5,O,,INATTENTION,
30586708,0870000,MONTGOMERY CTY SHERIFF DEPT,Accepted,MONTGOMERY,US0460,,MAIN,ST,,,MCFARLAND,,,,,37.96380895,-83.80682618,19.975,9/19/2022,28,1,1,0,0,CLEAR,DRY,FALSE,COLLISION WITH ANIMAL IN INTERSECTION,SINGLE VEHICLE,STRAIGHT & LEVEL,DARK-HWY NOT LIGHTED,,,44824.43512,FALSE,249,Accepted,5,5,O,ANIMALS ACTION,,
30596133,0870200,MONTGOMERY CO SCHOOL DIST PD,Accepted,MONTGOMERY,,724,WOODFORD,DR,,,,,,,,38.04558724,-83.94118485,0.171,9/21/2022,830,2,2,0,0,CLEAR,DRY,FALSE,1 VEHICLE PARKED POSITION (NOT PARKING LOT/DRIVEWAY),BACKING,CURVE & LEVEL,DAYLIGHT,,,44826.417,FALSE,700,Accepted,5,5,O,,MISJUDGE CLEARANCE,
30601568,0870000,MONTGOMERY CTY SHERIFF DEPT,Accepted,MONTGOMERY,,550,JAMIE RIDGE,DR,,,,,,,,38.07137357,-83.89828589,0.007,9/19/2022,1331,2,2,0,0,CLEAR,DRY,FALSE,1 VEHICLE PARKED POSITION (NOT PARKING LOT/DRIVEWAY),ANGLE,STRAIGHT & LEVEL,DAYLIGHT,,,44827.48117,FALSE,231,Accepted,5,5,O,,"ALCOHOL INVOLVEMENT, FAILED TO KEEP PROPER LANE, NOT UNDER PROPER CONTROL",
30605565,0870100,MT. STERLING POLICE DEPARTMENT,Accepted,MONTGOMERY,,1300,SPRING,ST,,,,,,,,38.05147055,-83.95621549,0.023,9/24/2022,1255,2,2,0,0,CLEAR,DRY,FALSE,1 VEHICLE PARKED POSITION (NOT PARKING LOT/DRIVEWAY),BACKING,STRAIGHT & LEVEL,DAYLIGHT,,,44828.62893,FALSE,159,Accepted,5,5,O,,INATTENTION,
30609111,0870100,MT. STERLING POLICE DEPARTMENT,Accepted,MONTGOMERY,KY0686,,INDIAN MOUND,DR,,US0460,MAYSVILLE,,,,,38.07407477,-83.94838223,0.004,9/21/2022,1556,2,2,0,0,CLOUDY,DRY,FALSE,OTHER INTERSECTION COLLISIONS,REAR END,STRAIGHT & LEVEL,DAYLIGHT,,,44829.8271,FALSE,157,Accepted,5,5,O,,INATTENTION,
30609113,0870100,MT. STERLING POLICE DEPARTMENT,Accepted,MONTGOMERY,KY0686,,INDIAN MOUND,DR,,,,,,,,38.07390617,-83.94882002,0.032,9/25/2022,1158,2,2,0,0,RAINING,WET,FALSE,REAR END IN TRAFFIC LANES BOTH VEHICLES MOVING,REAR END,STRAIGHT & LEVEL,DAYLIGHT,,,44829.8272,FALSE,159,Accepted,5,5,O,,NOT UNDER PROPER CONTROL,
30609114,0870100,MT. STERLING POLICE DEPARTMENT,Accepted,MONTGOMERY,,,MAYSVILLE,,N,,PARIS,,,,,38.08801464,-83.94973486,,9/25/2022,1152,2,2,0,1,RAINING,WET,FALSE,SIDESWIPE-SAME DIRECTION,SIDESWIPE-SAME DIRECTION,STRAIGHT & HILLCREST,DAYLIGHT,,,44829.82725,FALSE,153,Accepted,5,4,C,SLIPPERY SURFACE,"FAILED TO KEEP PROPER LANE, FAILED TO YIELD RIGHT OF WAY",
30611796,0870000,MONTGOMERY CTY SHERIFF DEPT,Accepted,MONTGOMERY,US0460,8950,MAIN,ST,,,,,,,,37.97069369,-83.83383617,18.416,9/18/2022,1248,2,2,0,0,CLEAR,DRY,FALSE,SIDESWIPE COLLISION - SAME DIRECTION,SIDESWIPE-SAME DIRECTION,STRAIGHT & LEVEL,DAYLIGHT,,,44830.42421,FALSE,231,Accepted,5,5,O,,INATTENTION,
30611799,0870000,MONTGOMERY CTY SHERIFF DEPT,Accepted,MONTGOMERY,KY0686,,INDIAN MOUND,DR,,,,,,,,38.06804111,-83.91479665,5.817,9/22/2022,2038,1,1,0,0,CLEAR,DRY,FALSE,RAN OFF ROADWAY (1 VEHICLE WITH/EARTH EMBANKMENT/DITCH),SINGLE VEHICLE,STRAIGHT & LEVEL,DARK-HWY NOT LIGHTED,,,44830.42445,FALSE,246,Accepted,5,5,O,,"DISTRACTION, INATTENTION",
30611800,0870000,MONTGOMERY CTY SHERIFF DEPT,Accepted,MONTGOMERY,US0460,,MAIN,ST,,,ROCKY BRANCH,,,,,37.96310746,-83.80077906,20.322,9/24/2022,1701,1,1,1,0,CLEAR,DRY,FALSE,COLLISION WITH FIXED OBJECT IN INTERSECTION - FIRST EVENT COLLISION 09 - 32,SINGLE VEHICLE,CURVE & GRADE,DAYLIGHT,,,44830.42455,FALSE,246,Accepted,5,1,K,,"FAILED TO KEEP PROPER LANE, NOT UNDER PROPER CONTROL",
30613134,0870100,MT. STERLING POLICE DEPARTMENT,Accepted,MONTGOMERY,US0460,,MAYSVILLE,ST,N,,MT AYR,,,,,38.07408891,-83.94821351,8.278,9/22/2022,1659,2,2,0,0,CLEAR,DRY,FALSE,SIDESWIPE-SAME DIRECTION,SIDESWIPE-SAME DIRECTION,STRAIGHT & LEVEL,DAYLIGHT,,,44830.61862,FALSE,158,Accepted,5,5,O,,IMPROPER PASSING,
30618196,0870000,MONTGOMERY CTY SHERIFF DEPT,Accepted,MONTGOMERY,KY0713,,GRASSY LICK,RD,,,,,,,,38.08118053,-84.01604855,1.913,9/25/2022,1304,1,1,0,1,CLOUDY,WET,FALSE,RAN OFF ROADWAY (1 VEHICLE WITH/EARTH EMBANKMENT/DITCH),SINGLE VEHICLE,CURVE & GRADE,DAYLIGHT,,,44831.64839,FALSE,228,Accepted,5,3,B,SHOULDERS DEFECTIVE/DROP-OFF,,
30633753,0870100,MT. STERLING POLICE DEPARTMENT,Accepted,MONTGOMERY,,,LOCUST,ST,W,,,,,,,38.05441971,-83.9453565,0.376,9/29/2022,138,1,1,0,0,CLEAR,DRY,FALSE,COLLISION WITH FIXED OBJECT NON - INTERSECTION - FIRST EVENT COLLISION 09 - 32 EXCLUDING 16,SINGLE VEHICLE,STRAIGHT & LEVEL,DARK-HWY LIGHTED/ON,,,44834.7945,FALSE,156,Accepted,5,5,O,,"DISTRACTION, FAILED TO KEEP PROPER LANE, INATTENTION",
30633757,0870100,MT. STERLING POLICE DEPARTMENT,Accepted,MONTGOMERY,US0060,,WINCHESTER,RD,,,,,,,,38.05375625,-83.95664058,4.303,9/30/2022,1535,2,2,0,0,CLEAR,DRY,FALSE,OTHER ROADWAY OR MID-BLOCK COLLISION,REAR END,STRAIGHT & LEVEL,DAYLIGHT,,,44834.79463,FALSE,159,Accepted,5,5,O,,INATTENTION,
30633758,0870100,MT. STERLING POLICE DEPARTMENT,Accepted,MONTGOMERY,US0460,611,MAYSVILLE,ST,N,,,,,,,38.07265169,-83.94777901,8.402,9/30/2022,1724,2,2,0,0,CLEAR,DRY,FALSE,REAR END IN TRAFFIC LANES BOTH VEHICLES MOVING,REAR END,STRAIGHT & LEVEL,DAYLIGHT,,,44834.79468,FALSE,159,Accepted,5,5,O,,INATTENTION,
30637230,0870000,MONTGOMERY CTY SHERIFF DEPT,Accepted,MONTGOMERY,,,TAPP,LN,,,,,,,,38.04018851,-83.80015074,1.003,9/20/2022,1305,2,1,0,2,CLEAR,DRY,FALSE,SIDESWIPE COLLISION - OPPOSITE DIRECTION,SIDESWIPE-OPPOSITE DIRECTION,CURVE & LEVEL,DAYLIGHT,,,44836.1269,FALSE,232,Accepted,5,3,B,,MISJUDGE CLEARANCE,
30645033,0870000,MONTGOMERY CTY SHERIFF DEPT,Accepted,MONTGOMERY,,1255,WELCH,RD,,,,,,,,37.96601645,-83.8646106,0.434,9/23/2022,750,2,1,0,0,CLEAR,DRY,FALSE,SIDESWIPE COLLISION - OPPOSITE DIRECTION,SIDESWIPE-OPPOSITE DIRECTION,STRAIGHT & GRADE,DAYLIGHT,,,44838.12683,FALSE,232,Accepted,5,5,O,,MISJUDGE CLEARANCE,
30647569,0870000,MONTGOMERY CTY SHERIFF DEPT,Accepted,MONTGOMERY,US0060,,OWINGSVILLE,RD,,,,,,,,38.08920161,-83.89816093,8.708,9/15/2022,1711,2,2,0,0,CLEAR,DRY,FALSE,OTHER ROADWAY OR MID-BLOCK COLLISION,REAR END,STRAIGHT & LEVEL,DAYLIGHT,,,44838.63839,FALSE,238,Accepted,5,5,O,,INATTENTION,
30647571,0870000,MONTGOMERY CTY SHERIFF DEPT,Accepted,MONTGOMERY,US0060,,OWINGSVILLE,RD,,,,,,,,38.07490551,-83.9184451,7.201,9/15/2022,1728,2,2,0,0,CLEAR,DRY,FALSE,VEHICLE BACKING NON INTERSECTION,BACKING,STRAIGHT & LEVEL,DAYLIGHT,,,44838.6385,FALSE,238,Accepted,5,5,O,,"MISJUDGE CLEARANCE, INATTENTION",
30647573,0870000,MONTGOMERY CTY SHERIFF DEPT,Accepted,MONTGOMERY,US0460,,CAMARGO,RD,,,,,,,,37.99422309,-83.88793294,15.028,9/15/2022,1800,2,2,0,0,CLEAR,DRY,FALSE,SIDESWIPE COLLISION - SAME DIRECTION,SIDESWIPE-SAME DIRECTION,STRAIGHT & LEVEL,DAYLIGHT,,,44838.63859,FALSE,238,Accepted,5,5,O,,FAILED TO YIELD RIGHT OF WAY,
30647593,0870000,MONTGOMERY CTY SHERIFF DEPT,Accepted,MONTGOMERY,US0060,,OWINGSVILLE,RD,,,,,,,,38.08917308,-83.89810854,8.707,9/26/2022,1651,2,2,0,0,CLEAR,DRY,FALSE,REAR END IN TRAFFIC LANES BOTH VEHICLES MOVING,REAR END,STRAIGHT & LEVEL,DAYLIGHT,,,44838.63996,FALSE,249,Accepted,5,5,O,,INATTENTION,
30647594,0870000,MONTGOMERY CTY SHERIFF DEPT,Accepted,MONTGOMERY,,200,LONG BRANCH,RD,,,,,,,,37.97099514,-83.81462295,0.206,9/27/2022,2108,1,1,0,1,CLEAR,DRY,FALSE,RAN OFF ROADWAY (1 VEHICLE WITH/EARTH EMBANKMENT/DITCH),SINGLE VEHICLE,CURVE & LEVEL,DARK-HWY NOT LIGHTED,,,44838.64014,FALSE,246,Accepted,3,3,B,,NOT UNDER PROPER CONTROL,
30647601,0870000,MONTGOMERY CTY SHERIFF DEPT,Accepted,MONTGOMERY,US0060,,OWINGSVILLE,RD,,,,,,,,38.12162387,-83.88046611,11.321,9/24/2022,752,1,1,0,0,RAINING,WET,FALSE,RAN OFF ROADWAY (1 VEHICLE WITH/EARTH EMBANKMENT/DITCH),SINGLE VEHICLE,CURVE & GRADE,DAYLIGHT,,,44838.64073,FALSE,248,Accepted,5,5,O,SLIPPERY SURFACE,NOT UNDER PROPER CONTROL,
30647604,0870000,MONTGOMERY CTY SHERIFF DEPT,Accepted,MONTGOMERY,,605,DOE RUN,DR,,,,,,,,38.0725774,-83.91871233,0.085,9/17/2022,1323,2,2,0,0,CLEAR,DRY,FALSE,1 VEHICLE PARKED POSITION (NOT PARKING LOT/DRIVEWAY),ANGLE,STRAIGHT & LEVEL,DAYLIGHT,,,44838.641,FALSE,226,Accepted,5,5,O,,FAILED TO YIELD RIGHT OF WAY,
30647609,0870000,MONTGOMERY CTY SHERIFF DEPT,Accepted,MONTGOMERY,,,TURLEY,RD,,,,,,,,38.08659418,-83.87126646,0.256,9/27/2022,1538,2,2,0,2,CLEAR,DRY,FALSE,HEAD-ON COLLISION,HEAD ON,CURVE & LEVEL,DAYLIGHT,,,44838.6415,FALSE,249,Accepted,5,3,B,,OTHER,
30650771,0870200,MONTGOMERY CO SCHOOL DIST PD,Accepted,MONTGOMERY,KY0686,,INDIAN MOUND,DR,,,,,,,,38.04096865,-83.94119595,3.12,10/5/2022,830,2,2,0,0,CLEAR,DRY,FALSE,REAR END IN TRAFFIC LANES BOTH VEHICLES MOVING,REAR END,STRAIGHT & HILLCREST,DAYLIGHT,,,44839.41906,FALSE,700,Accepted,5,5,O,GLARE (SUN),MISJUDGE CLEARANCE,
30651334,0870100,MT. STERLING POLICE DEPARTMENT,Accepted,MONTGOMERY,,,WINGTIP,WAY,,,MT AYR,,,,,38.0742427,-83.94794238,0.004,9/26/2022,1227,2,2,0,0,CLEAR,DRY,FALSE,ANGLE COLLISION - OTHER,ANGLE,STRAIGHT & LEVEL,DAYLIGHT,,,44839.50699,FALSE,158,Accepted,5,5,O,,"FAILED TO YIELD RIGHT OF WAY, INATTENTION",