IncidentID,AgencyORI,AgencyName,IncidentStatusDesc,County,RdwyNumber,Street,RoadwayName,StreetSfx,StreetDir,IntersectionRdwy,IntersectionRdwyName,BetweenStRdwy1,BetweenStRdwyName1,BetweenStRdwy2,BetweenStRdwyName2,Latitude,Longitude,Milepoint,CollisionDate,CollisionTime,UnitsInvolved,MotorVehiclesInvolved,NumberKilled,NumberInjured,Weather,RdwyConditionCode,HitandRun,DirAnalysisCode,MannerofCollision,RdwyCharacter,LightCondition,RampFromRdwyId,RampToRdwyId,AcceptedDate,IsSecondaryCollision,OwnerBadge,IncidentStatus,InjurySeverityCde,KABCO Code,KABCO,Environmental_Factors,Human_Factors,Vehicular_Factors
30651336,0870100,MT. STERLING POLICE DEPARTMENT,Accepted,MONTGOMERY,KY0713,,SAMUELS,AVE,,,HIGH,,,,,38.0570174,-83.94827507,6.231,8/30/2022,1210,2,2,0,0,CLOUDY,DRY,FALSE,ANGLE COLLISION - ONE VEHICLE TURNING RIGHT,ANGLE,STRAIGHT & GRADE,DAYLIGHT,,,44839.50706,FALSE,156,Accepted,5,5,O,,FAILED TO KEEP PROPER LANE,
30651339,0870100,MT. STERLING POLICE DEPARTMENT,Accepted,MONTGOMERY,,,HIGH,ST,W,,HOWARD,,,,,38.05740225,-83.94329992,0.284,10/3/2022,1406,2,2,0,0,CLEAR,DRY,FALSE,COLLISION WITH PARKED VEHICLE,SIDESWIPE-SAME DIRECTION,STRAIGHT & LEVEL,DAYLIGHT,,,44839.50722,FALSE,158,Accepted,5,5,O,,MISJUDGE CLEARANCE,
30655400,0870000,MONTGOMERY CTY SHERIFF DEPT,Accepted,MONTGOMERY,,244,BURLEY,WAY,,,,,,,,38.03917496,-83.94827118,0.503,10/4/2022,908,2,2,0,0,CLEAR,DRY,FALSE,1 VEHICLE PARKED POSITION (NOT PARKING LOT/DRIVEWAY),ANGLE,STRAIGHT & GRADE,DAYLIGHT,,,44840.46153,FALSE,226,Accepted,5,5,O,,FELL ASLEEP,
30657372,0870100,MT. STERLING POLICE DEPARTMENT,Accepted,MONTGOMERY,KY0686,,INDIAN MOUND,DR,,,,,,,,38.06711148,-83.95543885,0.707,10/6/2022,1632,2,2,0,0,CLEAR,DRY,FALSE,1 VEHICLE ENTERING/LEAVING ENTRANCE,ANGLE,STRAIGHT & LEVEL,DAYLIGHT,,,44840.79668,FALSE,159,Accepted,5,5,O,,"FAILED TO KEEP PROPER LANE, FAILED TO YIELD RIGHT OF WAY",
30657962,0870100,MT. STERLING POLICE DEPARTMENT,Accepted,MONTGOMERY,,,FALCON,DR,,,WINGTIP,,,,,38.07563869,-83.94843654,,10/6/2022,1526,2,2,0,0,CLEAR,DRY,FALSE,,ANGLE,STRAIGHT & LEVEL,DAYLIGHT,,,44840.97776,FALSE,121,Accepted,5,5,O,,INATTENTION,
30662265,0870100,MT. STERLING POLICE DEPARTMENT,Accepted,MONTGOMERY,,805,INDIAN MOUND,DR,,,,,,,,38.06204896,-83.95566676,,10/7/2022,1332,2,2,0,0,CLEAR,DRY,FALSE,REAR END IN TRAFFIC LANES BOTH VEHICLES MOVING,REAR END,STRAIGHT & LEVEL,DAYLIGHT,,,44842.01345,FALSE,153,Accepted,5,5,O,,INATTENTION,
30663015,0870100,MT. STERLING POLICE DEPARTMENT,Accepted,MONTGOMERY,,,TIPTON TRAILER PARK,,,,QUEEN,,,,,38.04955129,-83.93634436,0.007,10/7/2022,1854,2,2,0,0,CLEAR,DRY,FALSE,,ANGLE,STRAIGHT & LEVEL,DAYLIGHT,,,44842.21785,FALSE,121,Accepted,5,5,O,,EMOTIONAL,
30671100,0870100,MT. STERLING POLICE DEPARTMENT,Accepted,MONTGOMERY,,217,WINN,ST,,,CHENAULT,,,,,38.06264419,-83.94988571,0.294,10/8/2022,1236,1,1,0,0,CLEAR,DRY,FALSE,COLLISION WITH FIXED OBJECT IN INTERSECTION - FIRST EVENT COLLISION 09 - 32,SINGLE VEHICLE,STRAIGHT & GRADE,DAYLIGHT,,,44844.59847,FALSE,158,Accepted,5,5,O,,NOT UNDER PROPER CONTROL,OTHER
30672669,0870100,MT. STERLING POLICE DEPARTMENT,Accepted,MONTGOMERY,KY0686,,INDIAN MOUND,DR,,,,,,,,38.05405735,-83.95648681,1.658,10/10/2022,1418,2,2,0,0,CLEAR,DRY,FALSE,REAR END IN TRAFFIC LANES BOTH VEHICLES MOVING,REAR END,STRAIGHT & LEVEL,DAYLIGHT,,,44844.84568,FALSE,159,Accepted,5,5,O,,INATTENTION,
30676076,0870100,MT. STERLING POLICE DEPARTMENT,Accepted,MONTGOMERY,KY0686,,INDIAN MOUND,DR,,KY0011,LEVEE,,,,,38.04123138,-83.94779096,2.753,10/10/2022,1540,2,2,0,0,CLEAR,DRY,FALSE,OTHER INTERSECTION COLLISIONS,REAR END,STRAIGHT & LEVEL,DAYLIGHT,,,44845.62144,FALSE,157,Accepted,5,5,O,,INATTENTION,
30678492,0870100,MT. STERLING POLICE DEPARTMENT,Accepted,MONTGOMERY,,,MT AYR,DR,,,WINGTIP,,,,,38.07418739,-83.94790792,0.023,10/11/2022,1946,2,2,0,0,CLEAR,DRY,TRUE,,REAR END,STRAIGHT & LEVEL,DARK-HWY LIGHTED/ON,,,44846.13951,FALSE,121,Accepted,5,5,O,,,
30685961,0870100,MT. STERLING POLICE DEPARTMENT,Accepted,MONTGOMERY,,,LOCUST,ST,W,,,,,,,38.05442233,-83.94535506,0.376,10/3/2022,1337,2,2,0,0,CLEAR,DRY,FALSE,REAR END IN TRAFFIC LANES BOTH VEHICLES MOVING,REAR END,STRAIGHT & LEVEL,DAYLIGHT,,,44847.78269,FALSE,156,Accepted,5,5,O,,"FAILED TO YIELD RIGHT OF WAY, IMPROPER BACKING, INATTENTION",
30695969,0870100,MT. STERLING POLICE DEPARTMENT,Accepted,MONTGOMERY,,,QUEEN,ST,S,,,,,,,38.05516635,-83.93833741,0.055,10/14/2022,936,1,1,0,0,CLEAR,DRY,FALSE,OTHER ROADWAY OR MID-BLOCK COLLISION,SINGLE VEHICLE,STRAIGHT & LEVEL,DAYLIGHT,,,44850.82287,FALSE,158,Accepted,5,5,O,,"INATTENTION, MISJUDGE CLEARANCE",
30695970,0870100,MT. STERLING POLICE DEPARTMENT,Accepted,MONTGOMERY,,,EVANS,AVE,,,VANCE,,,,,38.07545126,-83.95148127,0.167,10/14/2022,1226,2,2,0,0,CLEAR,DRY,FALSE,OPPOSITE DIRECTION - BOTH VEHICLES GOING STRAIGHT AHEAD,SIDESWIPE-OPPOSITE DIRECTION,STRAIGHT & LEVEL,DAYLIGHT,,,44850.82292,FALSE,159,Accepted,5,5,O,,"FAILED TO KEEP PROPER LANE, MISJUDGE CLEARANCE",
30695971,0870100,MT. STERLING POLICE DEPARTMENT,Accepted,MONTGOMERY,KY0686,,INDIAN MOUND,DR,,,,,,,,38.05481959,-83.95643621,1.588,10/14/2022,1653,2,2,0,0,CLEAR,DRY,FALSE,OTHER ROADWAY OR MID-BLOCK COLLISION,REAR END,STRAIGHT & LEVEL,DAYLIGHT,,,44850.82297,FALSE,158,Accepted,5,5,O,,DISTRACTION,
30695972,0870100,MT. STERLING POLICE DEPARTMENT,Accepted,MONTGOMERY,KY0686,686,INDIAN MOUND,DR,,,VANCE,,,,,38.07347745,-83.95096175,0.155,10/15/2022,1612,2,2,0,0,CLEAR,DRY,FALSE,SIDESWIPE-SAME DIRECTION,SIDESWIPE-SAME DIRECTION,STRAIGHT & LEVEL,DAYLIGHT,,,44850.82302,FALSE,108,Accepted,5,5,O,,,
30695973,0870100,MT. STERLING POLICE DEPARTMENT,Accepted,MONTGOMERY,US0460,,MAYSVILLE,RD,,,,,,,,38.07754521,-83.94947265,8.043,10/16/2022,1003,2,2,0,0,CLEAR,DRY,FALSE,REAR END IN TRAFFIC LANES BOTH VEHICLES MOVING,REAR END,STRAIGHT & LEVEL,DAYLIGHT,,,44850.82309,FALSE,158,Accepted,5,5,O,,INATTENTION,
30695974,0870100,MT. STERLING POLICE DEPARTMENT,Accepted,MONTGOMERY,,,LOCUST,ST,W,KY0713,LOCUST,,,,,38.05584204,-83.93899235,0.015,10/15/2022,915,2,2,0,0,CLEAR,DRY,TRUE,COLLISION WITH PARKED VEHICLE,SIDESWIPE-SAME DIRECTION,STRAIGHT & LEVEL,DAWN,,,44850.82319,FALSE,158,Accepted,5,5,O,,MISJUDGE CLEARANCE,
30709467,0870100,MT. STERLING POLICE DEPARTMENT,Accepted,MONTGOMERY,US0060,,MAIN,ST,E,,,,,,,38.0583179,-83.93469264,,10/15/2022,732,2,2,0,0,"SMOG, SMOKE",DRY,FALSE,1 VEHICLE ENTERING/LEAVING ENTRANCE,ANGLE,STRAIGHT & LEVEL,DAYLIGHT,,,44853.69857,FALSE,153,Accepted,5,5,O,OTHER,"EMOTIONAL, IMPROPER PASSING",
30709468,0870100,MT. STERLING POLICE DEPARTMENT,Accepted,MONTGOMERY,,,VANCE,DR,,,,,,,,38.0737487,-83.95127238,0.01,10/17/2022,1142,2,2,0,0,CLEAR,DRY,FALSE,REAR END IN TRAFFIC LANES BOTH VEHICLES MOVING,REAR END,STRAIGHT & LEVEL,DAYLIGHT,,,44853.69866,FALSE,159,Accepted,5,5,O,,INATTENTION,
30709469,0870100,MT. STERLING POLICE DEPARTMENT,Accepted,MONTGOMERY,,,HIGH,ST,E,,KENNEDY,,,,,38.05859168,-83.93823769,0.234,10/16/2022,1411,3,2,0,1,CLOUDY,WET,FALSE,ANGLE COLLISION - OTHER,ANGLE,STRAIGHT & LEVEL,DAYLIGHT,,,44853.69873,FALSE,158,Accepted,5,3,B,"NON-HIGHWAY WORK: WORK ZONE (Utility, Tree, etc.)",INATTENTION,
30709479,0870100,MT. STERLING POLICE DEPARTMENT,Accepted,MONTGOMERY,,,WILSON,ALY,,,,,,,,38.05660756,-83.94066481,0.076,10/14/2022,800,1,1,0,0,CLEAR,DRY,FALSE,OTHER ROADWAY OR MID-BLOCK COLLISION,SINGLE VEHICLE,STRAIGHT & LEVEL,DAYLIGHT,,,44853.69915,FALSE,115,Accepted,5,5,O,,INATTENTION,
30709527,0870000,MONTGOMERY CTY SHERIFF DEPT,Accepted,MONTGOMERY,,,CLARENCE,DR,,,,,,,,38.0926752,-83.90117638,0.192,9/23/2022,331,1,1,0,0,CLEAR,DRY,FALSE,COLLISION WITH ANIMAL NON INTERSECTION,SINGLE VEHICLE,STRAIGHT & LEVEL,DARK-HWY LIGHTED/ON,,,44853.70667,FALSE,248,Accepted,5,5,O,ANIMALS ACTION,,
30709532,0870000,MONTGOMERY CTY SHERIFF DEPT,Accepted,MONTGOMERY,KY0686,,INDIAN MOUND,DR,,,,,,,,38.06173026,-83.95578939,1.089,10/8/2022,1201,2,2,0,1,CLEAR,DRY,FALSE,1 VEHICLE ENTERING/LEAVING ENTRANCE,ANGLE,STRAIGHT & LEVEL,DAYLIGHT,,,44853.70686,FALSE,226,Accepted,5,4,C,,FAILED TO YIELD RIGHT OF WAY,
30709533,0870000,MONTGOMERY CTY SHERIFF DEPT,Accepted,MONTGOMERY,US0460,2359,CAMARGO,RD,,,,,,,,38.0144247,-83.90942558,13.102,10/7/2022,1545,2,2,0,0,CLEAR,DRY,FALSE,REAR END IN TRAFFIC LANES BOTH VEHICLES MOVING,REAR END,STRAIGHT & LEVEL,DAYLIGHT,,,44853.70695,FALSE,231,Accepted,5,5,O,,"FOLLOWING TOO CLOSE, INATTENTION",
30709539,0870000,MONTGOMERY CTY SHERIFF DEPT,Accepted,MONTGOMERY,KY0686,,INDIAN MOUND,DR,,KY0713,SPENCER,,,,,38.05474689,-83.91665592,4.866,10/5/2022,2318,2,2,0,1,CLEAR,DRY,FALSE,HEAD-ON COLLISION,HEAD ON,CURVE & LEVEL,DARK-HWY NOT LIGHTED,,,44853.70708,FALSE,245,Accepted,5,4,C,,"CELL PHONE, FAILED TO KEEP PROPER LANE, NOT UNDER PROPER CONTROL",
30709542,0870000,MONTGOMERY CTY SHERIFF DEPT,Accepted,MONTGOMERY,US0460,,MAIN,ST,,KY0213,KY213,,,,,37.97638146,-83.85099264,17.436,10/7/2022,1834,2,2,0,0,CLEAR,DRY,FALSE,ANGLE COLLISION - OTHER,ANGLE,STRAIGHT & LEVEL,DAYLIGHT,,,44853.70714,FALSE,245,Accepted,5,5,O,GLARE (SUN),FAILED TO YIELD RIGHT OF WAY,
30709543,0870000,MONTGOMERY CTY SHERIFF DEPT,Accepted,MONTGOMERY,US0460,,CAMARGO,RD,,KY0646,WHITAKER,,,,,38.02225638,-83.91626533,12.421,10/7/2022,2231,2,2,0,0,CLEAR,DRY,TRUE,OPPOSITE DIRECTION - BOTH VEHICLES GOING STRAIGHT AHEAD,SIDESWIPE-OPPOSITE DIRECTION,STRAIGHT & GRADE,DAWN,,,44853.70722,FALSE,245,Accepted,5,5,O,,FAILED TO KEEP PROPER LANE,
30709552,0870000,MONTGOMERY CTY SHERIFF DEPT,Accepted,MONTGOMERY,KY0646,,NEST EGG,RD,,,,,,,,37.96043562,-83.96531472,6.414,10/10/2022,810,2,2,0,0,CLEAR,DRY,FALSE,HEAD-ON COLLISION,HEAD ON,CURVE & GRADE,DAYLIGHT,,,44853.70754,FALSE,228,Accepted,5,5,O,,,
30709555,0870000,MONTGOMERY CTY SHERIFF DEPT,Accepted,MONTGOMERY,KY0011,,MAYSVILLE,RD,,,,,,,,38.1587824,-83.95771274,15.082,10/10/2022,1532,2,2,0,0,CLEAR,DRY,FALSE,SIDESWIPE COLLISION - SAME DIRECTION,SIDESWIPE-SAME DIRECTION,STRAIGHT & GRADE,DAYLIGHT,,,44853.70772,FALSE,231,Accepted,5,5,O,,"IMPROPER PASSING, MISJUDGE CLEARANCE",
30709557,0870000,MONTGOMERY CTY SHERIFF DEPT,Accepted,MONTGOMERY,,,OLDHAM,RD,,US0460,CAMARGO,,,,,38.00524675,-83.9031658,0.001,10/11/2022,1022,2,2,0,0,CLEAR,DRY,FALSE,OTHER INTERSECTION COLLISIONS,REAR END,STRAIGHT & LEVEL,DAYLIGHT,,,44853.70783,FALSE,228,Accepted,5,5,O,,,
30709619,0870000,MONTGOMERY CTY SHERIFF DEPT,Accepted,MONTGOMERY,KY0011,7885,LEVEE,RD,,,,,,,,37.94960946,-83.93461862,2.509,10/15/2022,1516,2,2,0,0,CLEAR,DRY,FALSE,SIDESWIPE COLLISION - OPPOSITE DIRECTION,SIDESWIPE-OPPOSITE DIRECTION,STRAIGHT & LEVEL,DAYLIGHT,,,44853.71666,FALSE,245,Accepted,5,5,O,,,
30709621,0870000,MONTGOMERY CTY SHERIFF DEPT,Accepted,MONTGOMERY,,172,PAMELA,DR,,,,,,,,38.08299657,-83.92655268,0.094,10/14/2022,829,2,2,0,0,CLEAR,DRY,FALSE,SIDESWIPE COLLISION - OPPOSITE DIRECTION,SIDESWIPE-OPPOSITE DIRECTION,CURVE & LEVEL,DAYLIGHT,,,44853.71676,FALSE,231,Accepted,5,5,O,,MISJUDGE CLEARANCE,
30721279,0870100,MT. STERLING POLICE DEPARTMENT,Accepted,MONTGOMERY,US0060,,MAIN,ST,W,,,,,,,38.05576778,-83.94499878,4.965,10/20/2022,1215,2,2,0,0,CLEAR,DRY,FALSE,OTHER ROADWAY OR MID-BLOCK COLLISION,REAR END,STRAIGHT & LEVEL,DAYLIGHT,,,44856.62821,FALSE,156,Accepted,5,5,O,,INATTENTION,
30723003,0870100,MT. STERLING POLICE DEPARTMENT,Accepted,MONTGOMERY,,406,SCOTT,ST,,,,,MACKIE,,FOX,38.05516704,-83.93555341,0.067,10/7/2022,15,2,2,0,0,CLEAR,DRY,TRUE,,ANGLE,STRAIGHT & GRADE,DARK-HWY LIGHTED/ON,,,44857.18616,FALSE,121,Accepted,5,5,O,,NOT UNDER PROPER CONTROL,
30740851,0870000,MONTGOMERY CTY SHERIFF DEPT,Accepted,MONTGOMERY,KY0646,8529,CREAM ALLEY,RD,,,,,,,,37.96042917,-83.90552692,2.752,10/15/2022,2314,1,1,0,0,CLEAR,DRY,FALSE,RAN OFF ROADWAY (1 VEHICLE WITH/EARTH EMBANKMENT/DITCH),SINGLE VEHICLE,STRAIGHT & LEVEL,DARK-HWY NOT LIGHTED,,,44861.32776,FALSE,249,Accepted,5,5,O,,"ALCOHOL INVOLVEMENT, NOT UNDER PROPER CONTROL",
30740855,0870000,MONTGOMERY CTY SHERIFF DEPT,Accepted,MONTGOMERY,KY0646,,NEST EGG,RD,,KY0011,LEVEE,,,,,37.96863419,-83.93784595,4.625,10/20/2022,1858,2,2,0,0,CLEAR,DRY,FALSE,SIDESWIPE COLLISION - OPPOSITE DIRECTION,SIDESWIPE-OPPOSITE DIRECTION,STRAIGHT & LEVEL,DAYLIGHT,,,44861.32793,FALSE,291,Accepted,5,5,O,,"FAILED TO YIELD RIGHT OF WAY, INATTENTION",
30740901,0870000,MONTGOMERY CTY SHERIFF DEPT,Accepted,MONTGOMERY,KY0011,,MAYSVILLE,RD,,KY0537,VAN THOMPSON,,,,,38.12965601,-83.95878775,12.999,10/18/2022,2005,2,2,0,1,CLEAR,DRY,FALSE,ANGLE COLLISION - OTHER,ANGLE,STRAIGHT & LEVEL,DARK-HWY NOT LIGHTED,,,44861.32939,FALSE,234,Accepted,5,3,B,,"INATTENTION, NOT UNDER PROPER CONTROL",OTHER
30740905,0870000,MONTGOMERY CTY SHERIFF DEPT,Accepted,MONTGOMERY,KY0213,,KY213,,,,,,,,,37.92648384,-83.86327337,1.629,10/24/2022,658,1,1,0,0,CLEAR,DRY,FALSE,OTHER COLLISIONS ON SHOULDER,SINGLE VEHICLE,STRAIGHT & LEVEL,DARK-HWY NOT LIGHTED,,,44861.32955,FALSE,231,Accepted,5,5,O,"DEBRIS IN ROADWAY, SLIPPERY SURFACE",,
30740908,0870000,MONTGOMERY CTY SHERIFF DEPT,Accepted,MONTGOMERY,KY0646,2750,NEST EGG,RD,,,,,,,,37.96029289,-83.978012,7.167,10/24/2022,1155,2,2,0,0,CLEAR,DRY,TRUE,HEAD-ON COLLISION,HEAD ON,CURVE & LEVEL,DAYLIGHT,,,44861.32971,FALSE,245,Accepted,5,5,O,,,
30740941,0870000,MONTGOMERY CTY SHERIFF DEPT,Accepted,MONTGOMERY,,324,ANDREW,DR,,,,,,,,37.97606405,-83.84475832,0.064,10/21/2022,236,2,2,0,0,CLEAR,DRY,TRUE,1 VEHICLE PARKED POSITION (NOT PARKING LOT/DRIVEWAY),BACKING,STRAIGHT & LEVEL,DARK-HWY NOT LIGHTED,,,44861.33769,FALSE,228,Accepted,5,5,O,,IMPROPER BACKING,
30741497,0870100,MT. STERLING POLICE DEPARTMENT,Accepted,MONTGOMERY,KY0686,,INDIAN MOUND,DR,,,,,,,,38.07096272,-83.95487491,0.464,10/24/2022,1725,2,2,0,0,CLEAR,DRY,FALSE,1 VEHICLE ENTERING/LEAVING ENTRANCE,ANGLE,STRAIGHT & LEVEL,DAYLIGHT,,,44861.43007,FALSE,156,Accepted,5,5,O,,DISREGARD TRAFFIC CONTROL,
30741498,0870100,MT. STERLING POLICE DEPARTMENT,Accepted,MONTGOMERY,US0460,,MAYSVILLE,ST,N,,,,,,,38.06377339,-83.94468112,9.028,10/26/2022,1515,2,2,0,0,CLOUDY,DRY,FALSE,1 VEHICLE ENTERING/LEAVING ENTRANCE,ANGLE,STRAIGHT & HILLCREST,DAYLIGHT,,,44861.43014,FALSE,156,Accepted,5,5,O,,FAILED TO YIELD RIGHT OF WAY,
30749307,0870100,MT. STERLING POLICE DEPARTMENT,Accepted,MONTGOMERY,KY1991,,HINKSTON,PIKE,,,,,MAYSVILLE,,SPRING,38.06543505,-83.94495714,0.013,10/28/2022,2113,2,2,0,0,CLEAR,DRY,FALSE,,BACKING,STRAIGHT & GRADE,DARK-HWY LIGHTED/ON,,,44863.14628,FALSE,121,Accepted,5,5,O,,"IMPROPER BACKING, INATTENTION",
30752017,0870000,MONTGOMERY CTY SHERIFF DEPT,Accepted,MONTGOMERY,KY0713,,SPENCER,PIKE,,,,,,,,38.05833432,-83.92247409,7.385,10/13/2022,1737,2,1,0,0,CLEAR,DRY,FALSE,VEHICLE BACKING NON INTERSECTION,BACKING,STRAIGHT & GRADE,DAYLIGHT,,,44864.12829,FALSE,232,Accepted,5,5,O,,"CELL PHONE, DISTRACTION, INATTENTION",
30758242,0870000,MONTGOMERY CTY SHERIFF DEPT,Accepted,MONTGOMERY,US0060,3060,OWINGSVILLE,RD,,,,,,,,38.08524989,-83.90008225,8.423,10/28/2022,735,2,2,0,0,CLEAR,DRY,FALSE,1 VEHICLE ENTERING/LEAVING ENTRANCE,ANGLE,STRAIGHT & LEVEL,DAWN,,,44865.71016,FALSE,245,Accepted,5,5,O,,FAILED TO YIELD RIGHT OF WAY,
30758247,0870000,MONTGOMERY CTY SHERIFF DEPT,Accepted,MONTGOMERY,KY0011,,LEVEE,RD,,KY3363,SAWMILL,,,,,37.92552472,-83.91332698,0.439,10/20/2022,1708,2,2,0,0,BLOWING SAND/SOIL/DIRT/SNOW,DRY,FALSE,ANGLE COLLISION - OTHER,ANGLE,STRAIGHT & LEVEL,DAYLIGHT,,,44865.71023,FALSE,245,Accepted,5,5,O,,FAILED TO YIELD RIGHT OF WAY,
30758265,0870000,MONTGOMERY CTY SHERIFF DEPT,Accepted,MONTGOMERY,,336,ASHGROVE,DR,,,,,,,,38.04507037,-83.95225001,0.232,10/29/2022,1326,4,4,0,1,CLEAR,DRY,FALSE,1 VEHICLE PARKED POSITION (NOT PARKING LOT/DRIVEWAY),REAR END,CURVE & LEVEL,DAYLIGHT,,,44865.71058,FALSE,245,Accepted,5,3,B,,"FAILED TO KEEP PROPER LANE, FELL ASLEEP, NOT UNDER PROPER CONTROL",
30758271,0870000,MONTGOMERY CTY SHERIFF DEPT,Accepted,MONTGOMERY,US0060,4400,OWINGSVILLE,RD,,,,,,,,38.11747195,-83.88568021,10.908,10/30/2022,1707,1,1,0,0,RAINING,WET,FALSE,COLLISION WITH FIXED OBJECT NON - INTERSECTION - FIRST EVENT COLLISION 09 - 32 EXCLUDING 16,SINGLE VEHICLE,CURVE & LEVEL,DAYLIGHT,,,44865.71068,FALSE,245,Accepted,5,5,O,,"FAILED TO KEEP PROPER LANE, NOT UNDER PROPER CONTROL",
30758274,0870000,MONTGOMERY CTY SHERIFF DEPT,Accepted,MONTGOMERY,,411,RICHMOND,AVE,,,,,,,,38.04353999,-83.95007648,0.158,10/29/2022,1700,1,1,0,0,CLEAR,DRY,FALSE,COLLISION WITH FIXED OBJECT NON - INTERSECTION - FIRST EVENT COLLISION 09 - 32 EXCLUDING 16,SINGLE VEHICLE,STRAIGHT & LEVEL,DAYLIGHT,,,44865.71077,FALSE,231,Accepted,5,5,O,,"CELL PHONE, DISTRACTION, INATTENTION",
30758276,0870000,MONTGOMERY CTY SHERIFF DEPT,Accepted,MONTGOMERY,KY0011,,LEVEE,RD,,,,,,,,37.97073008,-83.93537663,4.115,10/30/2022,2045,1,1,0,0,RAINING,WET,FALSE,RAN OFF ROADWAY (1 VEHICLE WITH/EARTH EMBANKMENT/DITCH),SINGLE VEHICLE,CURVE & LEVEL,DARK-HWY NOT LIGHTED,,,44865.71092,FALSE,249,Accepted,5,5,O,"SLIPPERY SURFACE, WATER POOLING",,
30758277,0870000,MONTGOMERY CTY SHERIFF DEPT,Accepted,MONTGOMERY,US0460,,MAIN,ST,,KY0213,KY213,,,,,37.97636105,-83.85098436,17.437,10/30/2022,221,2,2,0,0,CLOUDY,WET,FALSE,ANGLE COLLISION - OTHER,ANGLE,STRAIGHT & LEVEL,DARK-HWY LIGHTED/ON,,,44865.711,FALSE,249,Accepted,5,5,O,OTHER,"DISTRACTION, FAILED TO YIELD RIGHT OF WAY, INATTENTION",
30758281,0870000,MONTGOMERY CTY SHERIFF DEPT,Accepted,MONTGOMERY,US0460,,CAMARGO,RD,,KY0646,WHITAKER,,,,,38.02229654,-83.91626437,12.424,10/10/2022,1816,2,2,0,0,CLEAR,DRY,FALSE,ANGLE COLLISION - OTHER,ANGLE,STRAIGHT & GRADE,DAYLIGHT,,,44865.71127,FALSE,238,Accepted,5,5,O,,"DISREGARD TRAFFIC CONTROL, FAILED TO YIELD RIGHT OF WAY, INATTENTION",
30758282,0870000,MONTGOMERY CTY SHERIFF DEPT,Accepted,MONTGOMERY,KY0011,,LEVEE,RD,,,,,,,,37.92447527,-83.91288467,0.361,10/16/2022,1942,1,1,0,0,RAINING,WET,FALSE,RAN OFF ROADWAY (1 VEHICLE WITH/EARTH EMBANKMENT/DITCH),SINGLE VEHICLE,CURVE & LEVEL,DARK-HWY NOT LIGHTED,,,44865.71136,FALSE,238,Accepted,5,5,O,SLIPPERY SURFACE,TOO FAST FOR CONDITIONS,
30758283,0870000,MONTGOMERY CTY SHERIFF DEPT,Accepted,MONTGOMERY,,,CAMARGO LEVEE,RD,,,,,,,,37.99190403,-83.88514238,0.124,10/10/2022,1716,2,2,0,0,CLEAR,DRY,FALSE,SIDESWIPE COLLISION - OPPOSITE DIRECTION,SIDESWIPE-OPPOSITE DIRECTION,STRAIGHT & LEVEL,DAYLIGHT,,,44865.71144,FALSE,238,Accepted,5,5,O,,MISJUDGE CLEARANCE,
30760542,0870000,MONTGOMERY CTY SHERIFF DEPT,Accepted,MONTGOMERY,KY0011,,LEVEE,RD,,,,,,,,37.92533593,-83.91325161,0.425,10/14/2022,303,2,2,0,0,CLOUDY,DRY,FALSE,COLLISION WITH FIXED OBJECT NON - INTERSECTION - FIRST EVENT COLLISION 09 - 32 EXCLUDING 16,HEAD ON,CURVE & LEVEL,DARK-HWY NOT LIGHTED,,,44866.38668,TRUE,248,Accepted,5,5,O,DEBRIS IN ROADWAY,ALCOHOL INVOLVEMENT,
30760544,0870000,MONTGOMERY CTY SHERIFF DEPT,Accepted,MONTGOMERY,KY0646,7010,CREAM ALLEY,RD,,,,,,,,37.96943827,-83.93134398,4.338,10/23/2022,107,1,1,0,0,CLEAR,DRY,FALSE,RAN OFF ROADWAY (1 VEHICLE WITH/EARTH EMBANKMENT/DITCH),SINGLE VEHICLE,CURVE & LEVEL,DARK-HWY NOT LIGHTED,,,44866.38681,FALSE,234,Accepted,5,5,O,,NOT UNDER PROPER CONTROL,
30765638,0870000,MONTGOMERY CTY SHERIFF DEPT,Accepted,MONTGOMERY,KY0213,1250,KY213,,,,,,,,,37.96043521,-83.85962267,4.097,10/25/2022,1735,1,1,0,0,CLEAR,DRY,FALSE,RAN OFF ROADWAY (1 VEHICLE WITH/EARTH EMBANKMENT/DITCH),SINGLE VEHICLE,STRAIGHT & LEVEL,DAYLIGHT,,,44867.44816,FALSE,245,Accepted,5,5,O,,"FAILED TO KEEP PROPER LANE, NOT UNDER PROPER CONTROL",
30766555,0870100,MT. STERLING POLICE DEPARTMENT,Accepted,MONTGOMERY,KY0686,,INDIAN MOUND,DR,,,,,,,,38.06108029,-83.95557068,1.153,10/31/2022,1321,2,2,0,0,CLEAR,DRY,FALSE,1 VEHICLE ENTERING/LEAVING ENTRANCE,ANGLE,STRAIGHT & LEVEL,DAYLIGHT,,,44867.60323,FALSE,156,Accepted,5,5,O,,"DISREGARD TRAFFIC CONTROL, INATTENTION",