IncidentID,AgencyORI,AgencyName,IncidentStatusDesc,County,RdwyNumber,Street,RoadwayName,StreetSfx,StreetDir,IntersectionRdwy,IntersectionRdwyName,BetweenStRdwy1,BetweenStRdwyName1,BetweenStRdwy2,BetweenStRdwyName2,Latitude,Longitude,Milepoint,CollisionDate,CollisionTime,UnitsInvolved,MotorVehiclesInvolved,NumberKilled,NumberInjured,Weather,RdwyConditionCode,HitandRun,DirAnalysisCode,MannerofCollision,RdwyCharacter,LightCondition,RampFromRdwyId,RampToRdwyId,AcceptedDate,IsSecondaryCollision,OwnerBadge,IncidentStatus,InjurySeverityCde,KABCO Code,KABCO,Environmental_Factors,Human_Factors,Vehicular_Factors
30766567,0870100,MT. STERLING POLICE DEPARTMENT,Accepted,MONTGOMERY,US0460,,CAMARGO,RD,,KY0686,INDIAN MOUND,,,,,38.04211121,-83.93429217,10.69,10/31/2022,1431,2,2,0,2,CLOUDY,DRY,FALSE,ANGLE COLLISION - OTHER,ANGLE,STRAIGHT & LEVEL,DAYLIGHT,,,44867.60643,FALSE,128,Accepted,5,2,A,,"DISREGARD TRAFFIC CONTROL, INATTENTION",
30777524,0870100,MT. STERLING POLICE DEPARTMENT,Accepted,MONTGOMERY,KY0686,,INDIAN MOUND,DR,,,REESE,,,,,38.06732899,-83.95518478,0.722,11/3/2022,1538,3,3,0,2,CLEAR,DRY,FALSE,ANGLE COLLISION - OTHER,ANGLE,STRAIGHT & LEVEL,DAYLIGHT,,,44869.86212,TRUE,159,Accepted,5,4,C,,FAILED TO YIELD RIGHT OF WAY,
30783917,0870000,MONTGOMERY CTY SHERIFF DEPT,Accepted,MONTGOMERY,KY0011,1700,LEVEE,RD,,,,,,,,38.03091648,-83.94960565,8.565,10/27/2022,910,1,1,0,0,CLEAR,DRY,FALSE,RAN OFF ROADWAY (1 VEHICLE WITH/EARTH EMBANKMENT/DITCH),SINGLE VEHICLE,STRAIGHT & LEVEL,DAYLIGHT,,,44872.1278,FALSE,232,Accepted,5,5,O,,,
30789167,0870100,MT. STERLING POLICE DEPARTMENT,Accepted,MONTGOMERY,,,EVANS,AVE,,,,,,,,38.07547539,-83.94896896,0.01,11/7/2022,1801,2,2,0,0,CLEAR,DRY,TRUE,VEHICLE BACKING NON INTERSECTION,BACKING,STRAIGHT & LEVEL,DARK-HWY LIGHTED/ON,,,44873.18457,FALSE,139,Accepted,5,5,O,,INATTENTION,
30793395,0870100,MT. STERLING POLICE DEPARTMENT,Accepted,MONTGOMERY,,,HIGH,ST,E,,,,,,,38.05772327,-83.94178919,0.039,11/8/2022,1240,1,1,0,0,CLEAR,DRY,FALSE,COLLISION WITH FIXED OBJECT NON - INTERSECTION - FIRST EVENT COLLISION 09 - 32 EXCLUDING 16,SINGLE VEHICLE,STRAIGHT & GRADE,DARK-HWY LIGHTED/ON,,,44873.96238,FALSE,157,Accepted,5,5,O,,DISTRACTION,
30796986,0870100,MT. STERLING POLICE DEPARTMENT,Accepted,MONTGOMERY,KY0686,,INDIAN MOUND,DR,,,,,,,,38.07083911,-83.95491411,0.473,11/8/2022,530,1,1,0,0,CLOUDY,DRY,FALSE,COLLISION WITH ANIMAL NON INTERSECTION,SINGLE VEHICLE,STRAIGHT & LEVEL,DARK-HWY LIGHTED/ON,,,44874.63509,FALSE,129,Accepted,5,5,O,ANIMALS ACTION,,
30796987,0870100,MT. STERLING POLICE DEPARTMENT,Accepted,MONTGOMERY,KY0713,,LOCUST,ST,E,,,,,,,38.05592398,-83.9387307,6.462,10/28/2022,1253,2,2,0,0,CLEAR,DRY,FALSE,1 VEHICLE ENTERING/LEAVING ENTRANCE,ANGLE,STRAIGHT & LEVEL,DAYLIGHT,,,44874.63516,FALSE,149,Accepted,5,5,O,,"DISREGARD TRAFFIC CONTROL, INATTENTION",
30800368,0870000,MONTGOMERY CTY SHERIFF DEPT,Accepted,MONTGOMERY,KY0011,3600,LEVEE,RD,,,,,,,,38.00613086,-83.9447218,6.695,11/2/2022,1419,2,2,0,0,CLEAR,DRY,FALSE,VEHICLE BACKING NON INTERSECTION,BACKING,STRAIGHT & LEVEL,DAYLIGHT,,,44875.42416,FALSE,231,Accepted,5,5,O,CONSTRUCTION WORK ZONE,INATTENTION,
30800378,0870000,MONTGOMERY CTY SHERIFF DEPT,Accepted,MONTGOMERY,KY1331,,HOWARDS MILL,RD,,,,,,,,38.07276709,-83.87914893,1.592,11/3/2022,1740,1,1,0,0,CLEAR,DRY,FALSE,COLLISION WITH FIXED OBJECT NON - INTERSECTION - FIRST EVENT COLLISION 09 - 32 EXCLUDING 16,SINGLE VEHICLE,STRAIGHT & LEVEL,DAYLIGHT,,,44875.42493,FALSE,238,Accepted,5,5,O,,DISTRACTION,
30800385,0870000,MONTGOMERY CTY SHERIFF DEPT,Accepted,MONTGOMERY,,,ALEXA,DR,,KY0686,INDIAN MOUND,,,,,38.06552423,-83.95523663,0.014,11/4/2022,1255,2,2,0,0,CLEAR,DRY,FALSE,SIDESWIPE-SAME DIRECTION,SIDESWIPE-SAME DIRECTION,STRAIGHT & LEVEL,DAYLIGHT,,,44875.42519,FALSE,228,Accepted,5,5,O,OTHER,,
30800389,0870000,MONTGOMERY CTY SHERIFF DEPT,Accepted,MONTGOMERY,KY0713,,SPENCER,PIKE,,,,,,,,38.04573114,-83.90111587,8.884,11/4/2022,1559,1,1,0,1,CLEAR,DRY,FALSE,RAN OFF ROADWAY (1 VEHICLE WITH/EARTH EMBANKMENT/DITCH),SINGLE VEHICLE,CURVE & LEVEL,DAYLIGHT,,,44875.42545,FALSE,226,Accepted,5,4,C,,"NOT UNDER PROPER CONTROL, OVERCORRECTING/OVERSTEERING",
30800390,0870000,MONTGOMERY CTY SHERIFF DEPT,Accepted,MONTGOMERY,KY0011,,LEVEE,RD,,,,,,,,38.01132684,-83.95054413,7.193,11/4/2022,1744,1,1,0,0,CLEAR,DRY,FALSE,COLLISION WITH FIXED OBJECT NON - INTERSECTION - FIRST EVENT COLLISION 09 - 32 EXCLUDING 16,SINGLE VEHICLE,STRAIGHT & LEVEL,DAYLIGHT,,,44875.42555,FALSE,228,Accepted,5,5,O,,SICK,
30800392,0870000,MONTGOMERY CTY SHERIFF DEPT,Accepted,MONTGOMERY,,,WOODFORD,DR,,,,,,,,38.04561015,-83.94118042,0.17,11/5/2022,1424,1,1,0,0,CLOUDY,WET,FALSE,RAN OFF ROADWAY (1 VEHICLE WITH/EARTH EMBANKMENT/DITCH),SINGLE VEHICLE,STRAIGHT & LEVEL,DAYLIGHT,,,44875.42571,FALSE,228,Accepted,5,5,O,,NOT UNDER PROPER CONTROL,
30800393,0870000,MONTGOMERY CTY SHERIFF DEPT,Accepted,MONTGOMERY,KY0713,,GRASSY LICK,RD,,,,,,,,38.0774863,-84.00227782,2.782,11/6/2022,905,1,1,0,1,CLOUDY,WET,FALSE,RAN OFF ROADWAY (1 VEHICLE WITH/EARTH EMBANKMENT/DITCH),SINGLE VEHICLE,CURVE & GRADE,DAYLIGHT,,,44875.42579,FALSE,228,Accepted,4,4,C,SLIPPERY SURFACE,,
30800396,0870000,MONTGOMERY CTY SHERIFF DEPT,Accepted,MONTGOMERY,,,STEPSTONE,RD,,,,,,,,38.09471302,-83.84569997,3.001,11/1/2022,1849,2,2,0,0,CLOUDY,DRY,FALSE,SIDESWIPE COLLISION - OPPOSITE DIRECTION,SIDESWIPE-OPPOSITE DIRECTION,STRAIGHT & HILLCREST,DARK-HWY NOT LIGHTED,,,44875.42592,FALSE,234,Accepted,5,5,O,OTHER,INATTENTION,
30800397,0870000,MONTGOMERY CTY SHERIFF DEPT,Accepted,MONTGOMERY,KY0011,,LEVEE,RD,,KY0646,CREAM ALLEY,,,,,37.96973933,-83.93640784,4.02,11/6/2022,1822,2,2,0,2,CLEAR,DRY,FALSE,ANGLE COLLISION - OTHER,ANGLE,STRAIGHT & LEVEL,DARK-HWY NOT LIGHTED,,,44875.42603,FALSE,234,Accepted,3,3,B,,FAILED TO YIELD RIGHT OF WAY,
30800498,0870000,MONTGOMERY CTY SHERIFF DEPT,Accepted,MONTGOMERY,,,MARTIN,RD,N,,OLD KY 213 RD,,,,,37.91603606,-83.87005638,0.425,11/8/2022,1217,1,1,0,2,CLEAR,DRY,FALSE,COLLISION WITH FIXED OBJECT IN INTERSECTION - FIRST EVENT COLLISION 09 - 32,SINGLE VEHICLE,CURVE & LEVEL,DAYLIGHT,,,44875.44224,FALSE,245,Accepted,5,2,A,,"FAILED TO KEEP PROPER LANE, NOT UNDER PROPER CONTROL",
30800502,0870000,MONTGOMERY CTY SHERIFF DEPT,Accepted,MONTGOMERY,KY0011,,MAYSVILLE,RD,,,CECIL,,,,,38.15201527,-83.95492505,14.588,11/8/2022,1830,1,1,0,0,CLEAR,DRY,FALSE,COLLISION WITH ANIMAL IN INTERSECTION,SINGLE VEHICLE,CURVE & LEVEL,DARK-HWY LIGHTED/OFF,,,44875.4424,FALSE,249,Accepted,5,5,O,ANIMALS ACTION,,
30811200,0870100,MT. STERLING POLICE DEPARTMENT,Accepted,MONTGOMERY,,499,INDIAN MOUND DRIVE,,,,,,,,,38.06836261,-83.95617958,,11/4/2022,1610,2,2,0,0,CLEAR,DRY,FALSE,,HEAD ON,STRAIGHT & LEVEL,DAYLIGHT,,,44878.86759,FALSE,121,Accepted,5,5,O,,INATTENTION,
30811203,0870100,MT. STERLING POLICE DEPARTMENT,Accepted,MONTGOMERY,US0460,,CAMARGO,RD,,,,,,,,38.04191452,-83.93424714,10.703,11/12/2022,1436,2,2,0,0,CLOUDY,WET,FALSE,SIDESWIPE COLLISION - SAME DIRECTION,SIDESWIPE-SAME DIRECTION,STRAIGHT & LEVEL,DAYLIGHT,,,44878.86774,FALSE,156,Accepted,5,5,O,,"FAILED TO YIELD RIGHT OF WAY, INATTENTION",
30811204,0870100,MT. STERLING POLICE DEPARTMENT,Accepted,MONTGOMERY,KY0686,,INDIAN MOUND,DR,,,,,,,,38.06342474,-83.91384999,5.494,11/11/2022,1708,1,1,0,0,CLOUDY,WET,TRUE,COLLISION WITH FIXED OBJECT NON - INTERSECTION - FIRST EVENT COLLISION 09 - 32 EXCLUDING 16,SINGLE VEHICLE,STRAIGHT & LEVEL,DAYLIGHT,,,44878.86779,FALSE,158,Accepted,5,5,O,,,
30820984,0870100,MT. STERLING POLICE DEPARTMENT,Accepted,MONTGOMERY,,101,WINGTIP,WAY,,,,,,,,38.07554979,-83.94830446,0.095,11/14/2022,1813,2,2,0,0,CLEAR,DRY,TRUE,,REAR END,STRAIGHT & LEVEL,DARK-HWY LIGHTED/ON,,,44880.92075,FALSE,121,Accepted,5,5,O,,CELL PHONE,
30820989,0870100,MT. STERLING POLICE DEPARTMENT,Accepted,MONTGOMERY,US0460,,MAYSVILLE,ST,N,,JOHNSON,,,,,38.06274021,-83.9443073,9.104,11/15/2022,1713,2,2,0,0,RAINING,WET,FALSE,,REAR END,STRAIGHT & LEVEL,DUSK,,,44880.92087,FALSE,121,Accepted,5,5,O,SLIPPERY SURFACE,OTHER,
30823208,0870000,MONTGOMERY CTY SHERIFF DEPT,Accepted,MONTGOMERY,US0060,,OWINGSVILLE,RD,,,,,,,,38.08621782,-83.89958622,8.496,11/11/2022,604,2,2,0,0,RAINING,WET,FALSE,OTHER ROADWAY OR MID-BLOCK COLLISION,REAR END,STRAIGHT & LEVEL,DARK-HWY LIGHTED/ON,,,44881.46127,FALSE,231,Accepted,5,5,O,SLIPPERY SURFACE,"INATTENTION, TOO FAST FOR CONDITIONS",
30823227,0870000,MONTGOMERY CTY SHERIFF DEPT,Accepted,MONTGOMERY,US0060,,OWINGSVILLE,RD,,,,,,,,38.08871967,-83.89836824,8.675,11/13/2022,445,1,1,0,0,"SLEET, HAIL, FREEZING RAIN",WET,FALSE,COLLISION WITH FIXED OBJECT NON - INTERSECTION - FIRST EVENT COLLISION 09 - 32 EXCLUDING 16,SINGLE VEHICLE,STRAIGHT & LEVEL,DARK-HWY NOT LIGHTED,,,44881.46374,FALSE,249,Accepted,5,5,O,SLIPPERY SURFACE,,
30823232,0870000,MONTGOMERY CTY SHERIFF DEPT,Accepted,MONTGOMERY,KY0686,,INDIAN MOUND,DR,,,REESE,,,,,38.06733557,-83.95540213,0.72,10/27/2022,1710,2,2,0,0,CLEAR,DRY,FALSE,ANGLE COLLISION - ONE VEHICLE TURNING RIGHT,ANGLE,STRAIGHT & LEVEL,DAYLIGHT,,,44881.4641,FALSE,228,Accepted,5,5,O,,FAILED TO YIELD RIGHT OF WAY,
30823243,0870000,MONTGOMERY CTY SHERIFF DEPT,Accepted,MONTGOMERY,KY0713,,SPENCER,PIKE,,,,,,,,38.02707981,-83.80078727,15.124,11/15/2022,745,2,2,0,0,RAINING,WET,FALSE,SIDESWIPE COLLISION - OPPOSITE DIRECTION,SIDESWIPE-OPPOSITE DIRECTION,CURVE & LEVEL,DAWN,,,44881.46521,FALSE,228,Accepted,5,5,O,,,
30823248,0870000,MONTGOMERY CTY SHERIFF DEPT,Accepted,MONTGOMERY,,,CAMARGO LEVEE,RD,,,,,,,,37.96298104,-83.88726078,1.859,11/15/2022,1210,2,2,0,0,RAINING,WET,FALSE,1 VEHICLE ENTERING/LEAVING ENTRANCE,ANGLE,STRAIGHT & GRADE,DAYLIGHT,,,44881.46554,FALSE,226,Accepted,5,5,O,SLIPPERY SURFACE,NOT UNDER PROPER CONTROL,
30823464,0870000,MONTGOMERY CTY SHERIFF DEPT,Accepted,MONTGOMERY,KY0646,2750,NEST EGG,RD,,,,,,,,37.96036667,-83.97809986,7.172,11/11/2022,1550,2,1,0,0,RAINING,WET,FALSE,SIDESWIPE COLLISION - OPPOSITE DIRECTION,SIDESWIPE-OPPOSITE DIRECTION,CURVE & LEVEL,DAYLIGHT,,,44881.46172,FALSE,231,Accepted,5,5,O,,FAILED TO KEEP PROPER LANE,
30838189,0870100,MT. STERLING POLICE DEPARTMENT,Accepted,MONTGOMERY,KY0686,851,INDIAN MOUND,DR,,,,,,,,38.06324985,-83.95562703,1.004,11/13/2022,2023,2,2,0,0,CLEAR,DRY,TRUE,SIDESWIPE COLLISION - SAME DIRECTION,SIDESWIPE-SAME DIRECTION,STRAIGHT & LEVEL,DARK-HWY LIGHTED/ON,,,44885.65585,FALSE,144,Accepted,5,5,O,,NOT UNDER PROPER CONTROL,
30838196,0870100,MT. STERLING POLICE DEPARTMENT,Accepted,MONTGOMERY,,315,QUEEN,ST,N,,,,,,,38.05766373,-83.93932692,,11/20/2022,1130,2,2,0,0,CLEAR,DRY,TRUE,REAR END IN TRAFFIC LANES BOTH VEHICLES MOVING,REAR END,,DAYLIGHT,,,44885.65605,FALSE,153,Accepted,5,5,O,,,
30855278,0870000,MONTGOMERY CTY SHERIFF DEPT,Accepted,MONTGOMERY,US0460,1332,PARIS,RD,,,,,,,,38.09721707,-83.9778421,5.614,11/11/2022,1613,1,1,0,0,CLOUDY,WET,TRUE,RAN OFF ROADWAY (1 VEHICLE WITH/EARTH EMBANKMENT/DITCH),SINGLE VEHICLE,CURVE & LEVEL,DAYLIGHT,,,44889.44175,FALSE,245,Accepted,5,5,O,,"FAILED TO KEEP PROPER LANE, NOT UNDER PROPER CONTROL",
30855284,0870000,MONTGOMERY CTY SHERIFF DEPT,Accepted,MONTGOMERY,US0460,,MAIN,ST,,,,,,,,37.98174368,-83.86585281,16.543,11/18/2022,1138,2,2,0,0,CLEAR,DRY,FALSE,HEAD-ON COLLISION,HEAD ON,STRAIGHT & LEVEL,DAYLIGHT,,,44889.44205,FALSE,226,Accepted,5,5,O,,FAILED TO YIELD RIGHT OF WAY,
30855286,0870000,MONTGOMERY CTY SHERIFF DEPT,Accepted,MONTGOMERY,,,FICKLIN,RD,,,,,,,,37.99240997,-83.86228139,0.546,11/18/2022,1715,1,1,0,0,CLEAR,DRY,FALSE,COLLISION WITH ANIMAL NON INTERSECTION,SINGLE VEHICLE,STRAIGHT & LEVEL,DAYLIGHT,,,44889.44218,FALSE,226,Accepted,5,5,O,ANIMALS ACTION,,
30855287,0870000,MONTGOMERY CTY SHERIFF DEPT,Accepted,MONTGOMERY,US0060,,WINCHESTER,RD,,,,,,,,38.03554673,-84.0131636,0.796,11/18/2022,1509,3,3,0,0,CLEAR,DRY,FALSE,REAR END IN TRAFFIC LANES BOTH VEHICLES MOVING,REAR END,CURVE & LEVEL,DAYLIGHT,,,44889.44225,FALSE,228,Accepted,5,5,O,,,
30855291,0870000,MONTGOMERY CTY SHERIFF DEPT,Accepted,MONTGOMERY,KY0686,,INDIAN MOUND,DR,,,COMMONWEALTH,,,,,38.0673182,-83.95541555,0.723,11/19/2022,1414,2,2,0,0,CLEAR,DRY,FALSE,SIDESWIPE-SAME DIRECTION,SIDESWIPE-SAME DIRECTION,STRAIGHT & LEVEL,DAYLIGHT,,,44889.44241,FALSE,228,Accepted,5,5,O,,,
30855295,0870000,MONTGOMERY CTY SHERIFF DEPT,Accepted,MONTGOMERY,US0060,3060,OWINGSVILLE,RD,,,,,,,,38.08563134,-83.89988249,8.452,11/20/2022,2211,2,2,0,0,CLOUDY,DRY,TRUE,1 VEHICLE ENTERING/LEAVING ENTRANCE,ANGLE,STRAIGHT & HILLCREST,DARK-HWY NOT LIGHTED,,,44889.44262,FALSE,234,Accepted,5,5,O,,OTHER,HEADLIGHTS DEFECTIVE
30855296,0870000,MONTGOMERY CTY SHERIFF DEPT,Accepted,MONTGOMERY,,,MCCORMICK,RD,,US0460,CAMARGO,,,,,37.99414805,-83.88771663,0.002,11/22/2022,1529,2,2,0,1,CLEAR,DRY,FALSE,OTHER INTERSECTION COLLISIONS,REAR END,STRAIGHT & LEVEL,DAYLIGHT,,,44889.44271,FALSE,245,Accepted,5,4,C,,INATTENTION,
30855316,0870000,MONTGOMERY CTY SHERIFF DEPT,Accepted,MONTGOMERY,KY0686,,INDIAN MOUND,DR,,,,,,,,38.07351295,-83.91794188,6.218,11/20/2022,954,2,2,0,0,CLEAR,DRY,FALSE,1 VEHICLE ENTERING/LEAVING ENTRANCE,ANGLE,STRAIGHT & GRADE,DAYLIGHT,,,44889.45546,FALSE,226,Accepted,5,5,O,,FAILED TO YIELD RIGHT OF WAY,
30855319,0870000,MONTGOMERY CTY SHERIFF DEPT,Accepted,MONTGOMERY,US0060,1871,OWINGSVILLE,RD,,,,,,,,38.07063628,-83.92840904,6.561,11/24/2022,216,1,1,0,0,CLEAR,DRY,FALSE,COLLISION WITH FIXED OBJECT NON - INTERSECTION - FIRST EVENT COLLISION 09 - 32 EXCLUDING 16,SINGLE VEHICLE,STRAIGHT & GRADE,DARK-HWY NOT LIGHTED,,,44889.45561,FALSE,234,Accepted,5,5,O,,,
30858437,0870100,MT. STERLING POLICE DEPARTMENT,Accepted,MONTGOMERY,US0460,,MAYSVILLE,ST,N,,,,,,,38.07560049,-83.94870732,8.181,11/18/2022,1256,2,2,0,0,CLEAR,DRY,FALSE,1 VEHICLE ENTERING/LEAVING ENTRANCE,ANGLE,STRAIGHT & LEVEL,DAYLIGHT,,,44890.82483,FALSE,152,Accepted,5,5,O,,DISREGARD TRAFFIC CONTROL,
30858441,0870100,MT. STERLING POLICE DEPARTMENT,Accepted,MONTGOMERY,KY2348,,CALK,AVE,,,,,,,,38.05003332,-83.94574945,0.065,11/22/2022,1530,2,2,0,0,CLEAR,DRY,FALSE,1 VEHICLE PARKED POSITION (NOT PARKING LOT/DRIVEWAY),BACKING,STRAIGHT & LEVEL,DAYLIGHT,,,44890.82499,FALSE,158,Accepted,5,5,O,,IMPROPER BACKING,
30863735,0870000,MONTGOMERY CTY SHERIFF DEPT,Accepted,MONTGOMERY,,4203,ROSE,AVE,,,,,,,,37.99800861,-83.88869706,0.007,11/25/2022,1332,2,2,0,0,CLEAR,DRY,FALSE,VEHICLE BACKING NON INTERSECTION,BACKING,STRAIGHT & LEVEL,DAYLIGHT,,,44892.80606,FALSE,252,Accepted,5,5,O,,DISTRACTION,
30863745,0870100,MT. STERLING POLICE DEPARTMENT,Accepted,MONTGOMERY,,101,COMMONWEALTH,DR,,,,,,,,38.0673404,-83.9562817,,11/26/2022,1348,2,2,0,0,CLEAR,DRY,FALSE,SIDESWIPE COLLISION - SAME DIRECTION,SIDESWIPE-SAME DIRECTION,STRAIGHT & LEVEL,DAYLIGHT,,,44892.81277,FALSE,153,Accepted,5,5,O,,FAILED TO YIELD RIGHT OF WAY,
30873455,0870000,MONTGOMERY CTY SHERIFF DEPT,Accepted,MONTGOMERY,US0060,,OWINGSVILLE,RD,,,,,,,,38.13133117,-83.87636149,12.054,11/29/2022,1222,1,1,0,0,CLEAR,DRY,FALSE,COLLISION WITH ANIMAL NON INTERSECTION,SINGLE VEHICLE,STRAIGHT & GRADE,DAYLIGHT,,,44894.72756,FALSE,226,Accepted,5,5,O,ANIMALS ACTION,,
30878268,0870100,MT. STERLING POLICE DEPARTMENT,Accepted,MONTGOMERY,,,MADISON,SPGS,,,,,,,,38.04947743,-83.95385196,0.134,11/29/2022,1150,2,2,0,0,CLEAR,DRY,FALSE,1 VEHICLE PARKED POSITION (NOT PARKING LOT/DRIVEWAY),SIDESWIPE-OPPOSITE DIRECTION,STRAIGHT & GRADE,DAYLIGHT,,,44895.71587,FALSE,156,Accepted,5,5,O,,INATTENTION,
30878269,0870100,MT. STERLING POLICE DEPARTMENT,Accepted,MONTGOMERY,KY0686,,INDIAN MOUND,DR,,PR1352,FOXGLOVE,,,,,38.06547439,-83.95557974,0.853,11/29/2022,1102,2,2,0,0,CLEAR,DRY,FALSE,1 VEHICLE ENTERING/LEAVING ENTRANCE,ANGLE,STRAIGHT & LEVEL,DAYLIGHT,,,44895.71593,FALSE,152,Accepted,5,5,O,,MISJUDGE CLEARANCE,
30878270,0870100,MT. STERLING POLICE DEPARTMENT,Accepted,MONTGOMERY,,,HOLT,AVE,,,,,,,,38.05992139,-83.94946263,0.164,11/9/2022,1129,2,2,0,0,CLEAR,DRY,FALSE,1 VEHICLE PARKED POSITION (NOT PARKING LOT/DRIVEWAY),BACKING,STRAIGHT & LEVEL,DAYLIGHT,,,44895.71601,FALSE,149,Accepted,5,5,O,,,
30878291,0870100,MT. STERLING POLICE DEPARTMENT,Accepted,MONTGOMERY,KY0011,,LEVEE,RD,,,,,,,,38.04750441,-83.94338396,9.75,11/30/2022,1546,2,2,0,0,CLEAR,DRY,FALSE,1 VEHICLE ENTERING/LEAVING ENTRANCE,ANGLE,STRAIGHT & GRADE,DAYLIGHT,,,44895.71811,FALSE,155,Accepted,5,5,O,,,
30880066,0870000,MONTGOMERY CTY SHERIFF DEPT,Accepted,MONTGOMERY,,,QUISENBERRY,RD,,,,,,,,38.09812467,-83.84934494,2.83,11/27/2022,1600,1,1,0,0,CLOUDY,WET,FALSE,COLLISION WITH FIXED OBJECT NON - INTERSECTION - FIRST EVENT COLLISION 09 - 32 EXCLUDING 16,SINGLE VEHICLE,CURVE & LEVEL,DAYLIGHT,,,44896.18925,FALSE,249,Accepted,5,5,O,"DEBRIS IN ROADWAY, SLIPPERY SURFACE",,
30880067,0870000,MONTGOMERY CTY SHERIFF DEPT,Accepted,MONTGOMERY,KY0686,,INDIAN MOUND,DR,,,,,,,,38.05416397,-83.95645245,1.633,11/29/2022,1739,2,2,0,0,CLOUDY,DRY,FALSE,REAR END IN TRAFFIC LANES BOTH VEHICLES MOVING,REAR END,STRAIGHT & LEVEL,DARK-HWY LIGHTED/OFF,,,44896.18931,FALSE,228,Accepted,5,5,O,,,
30882765,0870100,MT. STERLING POLICE DEPARTMENT,Accepted,MONTGOMERY,KY0686,,INDIAN MOUND,DR,,,PATSY,,,,,38.07096203,-83.95487112,0.464,11/28/2022,1750,2,2,0,0,CLEAR,DRY,FALSE,ANGLE COLLISION - OTHER,ANGLE,CURVE & LEVEL,DARK-HWY NOT LIGHTED,,,44896.67414,FALSE,155,Accepted,5,5,O,,DISREGARD TRAFFIC CONTROL,
30882771,0870100,MT. STERLING POLICE DEPARTMENT,Accepted,MONTGOMERY,US0060,,WINCHESTER,RD,,KY0686,INDIAN MOUND,,,,,38.05380274,-83.95657568,4.305,11/30/2022,1840,2,2,0,0,CLEAR,DRY,FALSE,OTHER INTERSECTION COLLISIONS,REAR END,STRAIGHT & LEVEL,DARK-HWY LIGHTED/ON,,,44896.67436,FALSE,158,Accepted,5,5,O,,DISTRACTION,
30882777,0870100,MT. STERLING POLICE DEPARTMENT,Accepted,MONTGOMERY,,642,NORTHVIEW,DR,,,,,,,,38.07578644,-83.94925254,,12/1/2022,753,2,2,0,0,CLEAR,DRY,FALSE,VEHICLE BACKING NON INTERSECTION,BACKING,STRAIGHT & LEVEL,DAYLIGHT,,,44896.67456,FALSE,153,Accepted,5,5,O,,IMPROPER BACKING,
30883820,0870100,MT. STERLING POLICE DEPARTMENT,Accepted,MONTGOMERY,KY0686,,INDIAN MOUND,DR,,KY0713,GRASSY LICK,,,,,38.05810424,-83.95603763,1.359,11/30/2022,1746,2,2,0,0,CLEAR,DRY,FALSE,OTHER INTERSECTION COLLISIONS,REAR END,STRAIGHT & LEVEL,DARK-HWY LIGHTED/ON,,,44896.90859,FALSE,154,Accepted,5,5,O,,INATTENTION,
30888068,0870100,MT. STERLING POLICE DEPARTMENT,Accepted,MONTGOMERY,KY0686,,INDIAN MOUND,DR,,,BRANDON,,,,,38.06300961,-83.95505667,1.022,11/30/2022,1938,2,2,0,0,CLEAR,DRY,FALSE,ANGLE COLLISION - OTHER,ANGLE,STRAIGHT & LEVEL,DARK-HWY LIGHTED/ON,,,44897.87296,FALSE,157,Accepted,5,5,O,,INATTENTION,
30888070,0870100,MT. STERLING POLICE DEPARTMENT,Accepted,MONTGOMERY,,,WILLOW,ST,,,HIGH,,,,,38.05887863,-83.93699059,0.079,12/2/2022,1112,2,2,0,0,CLOUDY,DRY,FALSE,VEHICLE BACKING IN INTERSECTION,BACKING,STRAIGHT & LEVEL,DAYLIGHT,,,44897.87306,FALSE,154,Accepted,5,5,O,,INATTENTION,
30896274,0870100,MT. STERLING POLICE DEPARTMENT,Accepted,MONTGOMERY,KY1991,,HINKSTON,PIKE,,CS1096,SPRING,,,,,38.06552116,-83.94402529,0.065,11/30/2022,1315,2,2,0,0,CLEAR,DRY,FALSE,SIDESWIPE COLLISION - OPPOSITE DIRECTION,SIDESWIPE-OPPOSITE DIRECTION,CURVE & GRADE,DAYLIGHT,,,44900.59357,FALSE,152,Accepted,5,5,O,,,
30896533,0870000,MONTGOMERY CTY SHERIFF DEPT,Accepted,MONTGOMERY,KY1331,4785,HOWARDS MILL,RD,,,,,,,,38.0637993,-83.83120737,4.405,12/1/2022,922,1,1,0,1,CLEAR,DRY,FALSE,OTHER COLLISIONS ON SHOULDER,SINGLE VEHICLE,CURVE & HILLCREST,DAYLIGHT,,,44900.63871,FALSE,231,Accepted,4,4,C,,,STEERING FAILURE
30896534,0870000,MONTGOMERY CTY SHERIFF DEPT,Accepted,MONTGOMERY,US0060,,WINCHESTER,RD,,,PREWITT,,,,,38.04936291,-83.97743171,3.101,12/1/2022,1957,2,2,0,0,CLEAR,DRY,FALSE,ANGLE COLLISION - OTHER,ANGLE,STRAIGHT & LEVEL,DARK-HWY NOT LIGHTED,,,44900.63879,FALSE,234,Accepted,5,5,O,,FAILED TO YIELD RIGHT OF WAY,