IncidentID,AgencyORI,AgencyName,IncidentStatusDesc,County,RdwyNumber,Street,RoadwayName,StreetSfx,StreetDir,IntersectionRdwy,IntersectionRdwyName,BetweenStRdwy1,BetweenStRdwyName1,BetweenStRdwy2,BetweenStRdwyName2,Latitude,Longitude,Milepoint,CollisionDate,CollisionTime,UnitsInvolved,MotorVehiclesInvolved,NumberKilled,NumberInjured,Weather,RdwyConditionCode,HitandRun,DirAnalysisCode,MannerofCollision,RdwyCharacter,LightCondition,RampFromRdwyId,RampToRdwyId,AcceptedDate,IsSecondaryCollision,OwnerBadge,IncidentStatus,InjurySeverityCde,KABCO Code,KABCO,Environmental_Factors,Human_Factors,Vehicular_Factors
31200669,0870000,MONTGOMERY CTY SHERIFF DEPT,Accepted,MONTGOMERY,US0460,,CAMARGO,RD,,,,,,,,37.99921344,-83.89702621,14.39,2/2/2023,1943,1,1,0,0,CLEAR,DRY,FALSE,COLLISION WITH ANIMAL NON INTERSECTION,SINGLE VEHICLE,STRAIGHT & LEVEL,DARK-HWY LIGHTED/ON,,,44964.46898,FALSE,238,Accepted,5,5,O,ANIMALS ACTION,,
31200670,0870000,MONTGOMERY CTY SHERIFF DEPT,Accepted,MONTGOMERY,KY0686,,INDIAN MOUND,DR,,,,,,,,38.07050208,-83.91614378,6.001,2/6/2023,1843,2,2,0,0,CLEAR,DRY,TRUE,OTHER COLLISIONS ON SHOULDER,SIDESWIPE-OPPOSITE DIRECTION,STRAIGHT & LEVEL,DARK-HWY LIGHTED/OFF,,,44964.46907,FALSE,249,Accepted,5,5,O,,NOT UNDER PROPER CONTROL,
31209564,0870000,MONTGOMERY CTY SHERIFF DEPT,Accepted,MONTGOMERY,KY0537,,BUNKER HILL,RD,,,,,,,,38.14319689,-84.00334516,1.404,1/25/2023,645,1,1,0,0,CLOUDY,WET,TRUE,COLLISION WITH FIXED OBJECT NON - INTERSECTION - FIRST EVENT COLLISION 09 - 32 EXCLUDING 16,SINGLE VEHICLE,STRAIGHT & LEVEL,DARK-HWY NOT LIGHTED,,,44966.22685,FALSE,248,Accepted,5,5,O,SLIPPERY SURFACE,NOT UNDER PROPER CONTROL,
31209565,0870000,MONTGOMERY CTY SHERIFF DEPT,Accepted,MONTGOMERY,KY0713,6275,SPENCER,PIKE,,,,,,,,38.02800881,-83.83959377,12.795,2/6/2023,1818,1,1,0,0,CLEAR,DRY,FALSE,RAN OFF ROADWAY (1 VEHICLE WITH/EARTH EMBANKMENT/DITCH),SINGLE VEHICLE,CURVE & GRADE,DARK-HWY NOT LIGHTED,,,44966.22691,FALSE,238,Accepted,5,5,O,,MISJUDGE CLEARANCE,
31209566,0870000,MONTGOMERY CTY SHERIFF DEPT,Accepted,MONTGOMERY,KY0011,,LEVEE,RD,,,,,,,,37.9742803,-83.93671655,4.351,2/6/2023,1723,2,2,0,0,CLEAR,DRY,FALSE,OTHER ROADWAY OR MID-BLOCK COLLISION,REAR END,STRAIGHT & LEVEL,DAYLIGHT,,,44966.22696,FALSE,238,Accepted,5,5,O,BACKUP DUE TO REGULAR CONGESTION,INATTENTION,
31209569,0870000,MONTGOMERY CTY SHERIFF DEPT,Accepted,MONTGOMERY,,,ARLINGTON,AVE,,,,,,,,38.07642571,-83.90217851,0.216,2/7/2023,1413,1,1,0,1,CLEAR,DRY,FALSE,RAN OFF ROADWAY (1 VEHICLE WITH/EARTH EMBANKMENT/DITCH),SINGLE VEHICLE,CURVE & LEVEL,DAYLIGHT,,,44966.22708,FALSE,226,Accepted,4,4,C,,NOT UNDER PROPER CONTROL,
31209575,0870000,MONTGOMERY CTY SHERIFF DEPT,Accepted,MONTGOMERY,US0460,,PARIS,RD,,,,,,,,38.09133206,-83.96757951,6.295,2/7/2023,1432,1,1,0,0,CLOUDY,DRY,FALSE,COLLISION WITH FIXED OBJECT NON - INTERSECTION - FIRST EVENT COLLISION 09 - 32 EXCLUDING 16,SINGLE VEHICLE,CURVE & LEVEL,DAYLIGHT,,,44966.22722,FALSE,228,Accepted,5,5,O,,,
31209579,0870000,MONTGOMERY CTY SHERIFF DEPT,Accepted,MONTGOMERY,US0460,,MAIN,ST,,,TRAVIS,,,,,37.97491638,-83.84634931,17.689,2/8/2023,1825,3,3,0,2,CLEAR,DRY,FALSE,OTHER INTERSECTION COLLISIONS,REAR END,STRAIGHT & LEVEL,DARK-HWY LIGHTED/ON,,,44966.22735,FALSE,252,Accepted,4,4,C,,DISTRACTION,
31217912,0870000,MONTGOMERY CTY SHERIFF DEPT,Accepted,MONTGOMERY,,,STEPSTONE,RD,,,,,,,,38.08530063,-83.88785127,0.521,2/10/2023,554,2,2,0,0,CLOUDY,DRY,TRUE,SIDESWIPE COLLISION - OPPOSITE DIRECTION,SIDESWIPE-OPPOSITE DIRECTION,,DARK-HWY NOT LIGHTED,,,44967.68441,FALSE,248,Accepted,5,5,O,,OTHER,
31217913,0870000,MONTGOMERY CTY SHERIFF DEPT,Accepted,MONTGOMERY,,1715,WELCH,RD,,,,,,,,37.96823297,-83.86053152,0.145,1/29/2023,1205,2,2,0,0,CLOUDY,WET,FALSE,SIDESWIPE COLLISION - OPPOSITE DIRECTION,SIDESWIPE-OPPOSITE DIRECTION,STRAIGHT & LEVEL,DAYLIGHT,,,44967.68448,FALSE,231,Accepted,5,5,O,,MISJUDGE CLEARANCE,
31227487,0870000,MONTGOMERY CTY SHERIFF DEPT,Accepted,MONTGOMERY,KY1050,,KY1050,,,,,,,,,37.95247736,-83.82181667,5.857,2/10/2023,555,2,2,0,0,CLEAR,DRY,TRUE,SIDESWIPE COLLISION - OPPOSITE DIRECTION,SIDESWIPE-OPPOSITE DIRECTION,STRAIGHT & LEVEL,DARK-HWY LIGHTED/OFF,,,44970.42058,FALSE,275,Accepted,5,5,O,,"INATTENTION, MISJUDGE CLEARANCE",
31227489,0870000,MONTGOMERY CTY SHERIFF DEPT,Accepted,MONTGOMERY,US0460,,MAIN,ST,,,,,,,,37.95380006,-83.78466016,21.437,2/11/2023,652,2,2,0,0,CLOUDY,DRY,FALSE,SIDESWIPE COLLISION - OPPOSITE DIRECTION,SIDESWIPE-OPPOSITE DIRECTION,CURVE & GRADE,DAYLIGHT,,,44970.42073,FALSE,248,Accepted,5,5,O,,"NOT UNDER PROPER CONTROL, OVERCORRECTING/OVERSTEERING",
31227492,0870000,MONTGOMERY CTY SHERIFF DEPT,Accepted,MONTGOMERY,KY0599,,KY599,,,,,,,,,37.9644788,-83.84332668,5.418,2/12/2023,1607,1,1,0,0,CLEAR,DRY,FALSE,COLLISION WITH FIXED OBJECT NON - INTERSECTION - FIRST EVENT COLLISION 09 - 32 EXCLUDING 16,SINGLE VEHICLE,CURVE & LEVEL,DAYLIGHT,,,44970.42095,FALSE,249,Accepted,5,5,O,,OTHER,
31238837,0870100,MT. STERLING POLICE DEPARTMENT,Accepted,MONTGOMERY,,,VANCE,DR,,,YOUNG,,,,,38.07435723,-83.95143525,0.053,2/10/2023,1240,2,2,0,0,CLEAR,DRY,FALSE,ANGLE COLLISION - OTHER,ANGLE,STRAIGHT & LEVEL,DAYLIGHT,,,44972.57383,FALSE,152,Accepted,5,5,O,,MISJUDGE CLEARANCE,
31238840,0870100,MT. STERLING POLICE DEPARTMENT,Accepted,MONTGOMERY,KY0686,,INDIAN MOUND,DR,,,COMMONWEALTH,,,,,38.06735106,-83.95542524,0.72,2/14/2023,1105,2,2,0,2,CLEAR,DRY,FALSE,ANGLE COLLISION - OTHER,ANGLE,STRAIGHT & LEVEL,DAYLIGHT,,,44972.574,FALSE,156,Accepted,5,2,A,,"DISREGARD TRAFFIC CONTROL, FAILED TO YIELD RIGHT OF WAY, INATTENTION",
31238843,0870100,MT. STERLING POLICE DEPARTMENT,Accepted,MONTGOMERY,KY0011,,LEVEE,RD,,KY0686,INDIAN MOUND,,,,,38.04109432,-83.94793042,9.236,2/14/2023,1421,2,2,0,0,CLOUDY,DRY,FALSE,ANGLE COLLISION - OTHER,ANGLE,STRAIGHT & LEVEL,DAYLIGHT,,,44972.57418,FALSE,128,Accepted,5,5,O,,"DISTRACTION, INATTENTION",
31243401,0870000,MONTGOMERY CTY SHERIFF DEPT,Accepted,MONTGOMERY,,621,2ND,ST,,,,,,,,38.06622365,-83.92788988,0.04,2/10/2023,1,2,2,0,0,CLOUDY,DRY,TRUE,1 VEHICLE PARKED POSITION (NOT PARKING LOT/DRIVEWAY),SIDESWIPE-OPPOSITE DIRECTION,STRAIGHT & LEVEL,DARK-HWY NOT LIGHTED,,,44973.42266,FALSE,228,Accepted,5,5,O,,,
31243402,0870000,MONTGOMERY CTY SHERIFF DEPT,Accepted,MONTGOMERY,KY0011,3260,LEVEE,RD,,,,,,,,38.02597812,-83.94843823,,12/16/2022,622,1,1,1,1,CLOUDY,DRY,FALSE,OTHER COLLISIONS ON SHOULDER,SINGLE VEHICLE,CURVE & GRADE,DARK-HWY NOT LIGHTED,,,44973.42274,FALSE,221,Accepted,5,1,K,,"ALCOHOL INVOLVEMENT, INATTENTION, NOT UNDER PROPER CONTROL",
31243403,0870000,MONTGOMERY CTY SHERIFF DEPT,Accepted,MONTGOMERY,KY0011,3975,LEVEE,RD,,,,,,,,38.00793429,-83.94663731,,12/12/2022,1604,1,1,1,0,CLEAR,DRY,FALSE,OTHER COLLISIONS ON SHOULDER,SINGLE VEHICLE,STRAIGHT & LEVEL,DAYLIGHT,,,44973.42282,FALSE,221,Accepted,5,1,K,,"FAILED TO KEEP PROPER LANE, INATTENTION, NOT UNDER PROPER CONTROL",
31243407,0870000,MONTGOMERY CTY SHERIFF DEPT,Accepted,MONTGOMERY,,,OLDHAM,RD,,,CAMARGO HEIGHTS,,,,,38.0043603,-83.90530958,0.133,2/14/2023,1714,2,2,0,0,CLEAR,DRY,FALSE,ANGLE COLLISION - OTHER,ANGLE,STRAIGHT & GRADE,DAYLIGHT,,,44973.42302,FALSE,245,Accepted,5,5,O,,FAILED TO YIELD RIGHT OF WAY,
31243408,0870000,MONTGOMERY CTY SHERIFF DEPT,Accepted,MONTGOMERY,,701,PREWITT,PIKE,,,,,,,,38.03370234,-83.97942924,1.123,2/14/2023,1809,1,1,0,1,CLEAR,DRY,FALSE,OTHER COLLISIONS ON SHOULDER,SINGLE VEHICLE,STRAIGHT & LEVEL,DAYLIGHT,,,44973.42309,FALSE,245,Accepted,5,3,B,,OVERCORRECTING/OVERSTEERING,
31243409,0870000,MONTGOMERY CTY SHERIFF DEPT,Accepted,MONTGOMERY,KY0686,,INDIAN MOUND,DR,,,,,,,,38.07054747,-83.95499479,0.437,2/14/2023,247,1,1,0,0,CLEAR,DRY,FALSE,COLLISION WITH ANIMAL NON INTERSECTION,SINGLE VEHICLE,STRAIGHT & LEVEL,DARK-HWY LIGHTED/ON,,,44973.42317,FALSE,238,Accepted,5,5,O,ANIMALS ACTION,,
31243410,0870000,MONTGOMERY CTY SHERIFF DEPT,Accepted,MONTGOMERY,US0460,,PARIS,RD,,,,,,,,38.09682608,-83.97546333,5.747,2/14/2023,2205,1,1,0,0,RAINING,WET,FALSE,COLLISION WITH FIXED OBJECT NON - INTERSECTION - FIRST EVENT COLLISION 09 - 32 EXCLUDING 16,SINGLE VEHICLE,CURVE & LEVEL,DARK-HWY NOT LIGHTED,,,44973.42325,FALSE,245,Accepted,5,5,O,,TOO FAST FOR CONDITIONS,
31249296,0870100,MT. STERLING POLICE DEPARTMENT,Accepted,MONTGOMERY,KY0686,,INDIAN MOUND,DR,,,,,,,,38.06742587,-83.95540412,0.715,2/13/2023,945,2,2,0,0,CLEAR,DRY,FALSE,REAR END IN TRAFFIC LANES BOTH VEHICLES MOVING,REAR END,STRAIGHT & LEVEL,DAYLIGHT,,,44974.71345,FALSE,157,Accepted,5,5,O,,INATTENTION,
31249297,0870100,MT. STERLING POLICE DEPARTMENT,Accepted,MONTGOMERY,US0460,9,MAYSVILLE,ST,N,,,,,,,38.07486077,-83.94844138,,2/17/2023,846,2,2,0,0,CLOUDY,WET,FALSE,1 VEHICLE PARKED POSITION (NOT PARKING LOT/DRIVEWAY),REAR END,STRAIGHT & LEVEL,DAYLIGHT,,,44974.7135,FALSE,153,Accepted,5,5,O,,MISJUDGE CLEARANCE,
31252727,0870100,MT. STERLING POLICE DEPARTMENT,Accepted,MONTGOMERY,,114,HIGH,ST,E,,,,,,,38.0583566,-83.93994941,,2/17/2023,1425,1,1,0,1,CLOUDY,WET,FALSE,OTHER ROADWAY OR MID-BLOCK COLLISION,SINGLE VEHICLE,STRAIGHT & LEVEL,DAYLIGHT,,,44975.83939,FALSE,153,Accepted,5,2,A,,"DRUG INVOLVEMENT, NOT UNDER PROPER CONTROL",
31269063,0870000,MONTGOMERY CTY SHERIFF DEPT,Accepted,MONTGOMERY,,,STEPSTONE,RD,,,,,,,,38.08556647,-83.88717701,0.562,2/20/2023,1235,2,2,0,0,CLOUDY,DRY,FALSE,SIDESWIPE COLLISION - OPPOSITE DIRECTION,SIDESWIPE-OPPOSITE DIRECTION,STRAIGHT & HILLCREST,DAYLIGHT,,,44979.40437,FALSE,228,Accepted,5,5,O,,,
31269069,0870000,MONTGOMERY CTY SHERIFF DEPT,Accepted,MONTGOMERY,KY0213,,KY213,,,US0460,MAIN,,,,,37.97633408,-83.85097755,5.319,2/22/2023,553,2,2,0,0,CLOUDY,WET,FALSE,OTHER INTERSECTION COLLISIONS,REAR END,STRAIGHT & LEVEL,DARK-HWY NOT LIGHTED,,,44979.40468,FALSE,234,Accepted,5,5,O,,"INATTENTION, MISJUDGE CLEARANCE",
31271786,0870000,MONTGOMERY CTY SHERIFF DEPT,Accepted,MONTGOMERY,US0460,,MAIN,ST,,,,,,,,37.9782263,-83.85661083,17.103,2/21/2023,1451,2,2,0,0,CLEAR,DRY,FALSE,1 VEHICLE ENTERING/LEAVING ENTRANCE,ANGLE,STRAIGHT & LEVEL,DAYLIGHT,,,44979.73491,FALSE,226,Accepted,5,5,O,,FAILED TO YIELD RIGHT OF WAY,
31272135,0870100,MT. STERLING POLICE DEPARTMENT,Accepted,MONTGOMERY,KY0686,,INDIAN MOUND,DR,,,,,,,,38.06734781,-83.95517187,0.722,2/20/2023,2205,2,1,0,1,CLEAR,DRY,FALSE,COLLISION WITH PEDESTRIAN NON - INTERSECTION,SINGLE VEHICLE,STRAIGHT & LEVEL,DARK-HWY LIGHTED/ON,,,44979.79126,FALSE,156,Accepted,3,3,B,,,
31279303,0870000,MONTGOMERY CTY SHERIFF DEPT,Accepted,MONTGOMERY,US0460,,MAIN,ST,,,,,,,,37.96372493,-83.80532476,20.068,2/23/2023,1923,1,1,0,0,CLEAR,DRY,FALSE,COLLISION WITH ANIMAL NON INTERSECTION,SINGLE VEHICLE,STRAIGHT & LEVEL,DARK-HWY NOT LIGHTED,,,44981.38818,FALSE,245,Accepted,5,5,O,ANIMALS ACTION,,
31281999,0870100,MT. STERLING POLICE DEPARTMENT,Accepted,MONTGOMERY,KY0686,,INDIAN MOUND,DR,,,,,,,,38.05369342,-83.9570718,1.658,2/11/2023,1235,2,2,0,0,CLEAR,DRY,FALSE,1 VEHICLE ENTERING/LEAVING ENTRANCE,ANGLE,STRAIGHT & LEVEL,DAYLIGHT,,,44981.99185,FALSE,149,Accepted,5,5,O,,INATTENTION,
31290174,0870000,MONTGOMERY CTY SHERIFF DEPT,Accepted,MONTGOMERY,US0460,,PARIS,RD,,,,,,,,38.08990672,-83.96233469,6.616,2/23/2023,759,2,2,0,0,CLEAR,DRY,FALSE,REAR END IN TRAFFIC LANES BOTH VEHICLES MOVING,REAR END,STRAIGHT & GRADE,DAYLIGHT,,,44984.42619,FALSE,226,Accepted,5,5,O,GLARE (SUN),FAILED TO YIELD RIGHT OF WAY,
31295548,0870000,MONTGOMERY CTY SHERIFF DEPT,Accepted,MONTGOMERY,KY0713,11540,HOPE MEANS,RD,,,,,,,,37.99743754,-83.76888658,18.391,2/24/2023,845,1,1,0,0,CLEAR,DRY,FALSE,OTHER COLLISIONS ON SHOULDER,SINGLE VEHICLE,STRAIGHT & LEVEL,DAYLIGHT,,,44985.39224,FALSE,231,Accepted,5,5,O,,NOT UNDER PROPER CONTROL,
31295605,0870000,MONTGOMERY CTY SHERIFF DEPT,Accepted,MONTGOMERY,US0060,,WINCHESTER,RD,,,,,,,,38.05093228,-83.97474436,3.284,2/25/2023,1916,1,1,0,0,CLEAR,DRY,FALSE,COLLISION WITH FIXED OBJECT NON - INTERSECTION - FIRST EVENT COLLISION 09 - 32 EXCLUDING 16,SINGLE VEHICLE,STRAIGHT & LEVEL,DARK-HWY NOT LIGHTED,,,44985.39947,FALSE,238,Accepted,5,5,O,OTHER,OTHER,
31299428,0870100,MT. STERLING POLICE DEPARTMENT,Accepted,MONTGOMERY,,,INDIAN MOUND,DR,,,CAMARGO,,,,,38.04188796,-83.93442768,,2/27/2023,1344,2,2,0,0,CLOUDY,WET,FALSE,OTHER INTERSECTION COLLISIONS,REAR END,STRAIGHT & LEVEL,DAYLIGHT,,,44985.97079,FALSE,153,Accepted,5,5,O,,INATTENTION,
31306262,0870000,MONTGOMERY CTY SHERIFF DEPT,Accepted,MONTGOMERY,,,WHITE TURLEY,RD,,,,,,,,38.09355394,-84.05951678,0.01,3/1/2023,1325,1,1,0,1,CLEAR,DRY,FALSE,RAN OFF ROADWAY (1 VEHICLE WITH/EARTH EMBANKMENT/DITCH),SINGLE VEHICLE,STRAIGHT & LEVEL,DAYLIGHT,,,44987.40932,FALSE,226,Accepted,4,4,C,,DISTRACTION,
31323825,0870100,MT. STERLING POLICE DEPARTMENT,Accepted,MONTGOMERY,KY0686,,INDIAN MOUND,DR,,KY0011,LEVEE,,,,,38.04103998,-83.94787595,2.754,3/6/2023,1549,2,2,0,0,CLEAR,DRY,FALSE,SIDESWIPE-SAME DIRECTION,SIDESWIPE-SAME DIRECTION,STRAIGHT & LEVEL,DAYLIGHT,,,44991.88508,FALSE,121,Accepted,5,5,O,,FAILED TO YIELD RIGHT OF WAY,
31323827,0870100,MT. STERLING POLICE DEPARTMENT,Accepted,MONTGOMERY,,,SPRING,ST,,,,,RICHMOND,,MADISON,38.05138093,-83.95135108,0.288,3/6/2023,1859,2,2,0,0,CLEAR,DRY,TRUE,SIDESWIPE COLLISION - OPPOSITE DIRECTION,SIDESWIPE-OPPOSITE DIRECTION,STRAIGHT & LEVEL,DARK-HWY LIGHTED/ON,,,44991.88514,FALSE,121,Accepted,5,5,O,,,
31323828,0870100,MT. STERLING POLICE DEPARTMENT,Accepted,MONTGOMERY,US0460,,MAYSVILLE,ST,N,,CULPEPPER,,,,,38.07054651,-83.94689797,8.543,3/6/2023,1758,2,2,0,1,CLEAR,DRY,FALSE,OTHER INTERSECTION COLLISIONS,REAR END,STRAIGHT & LEVEL,DAYLIGHT,,,44991.88593,FALSE,121,Accepted,5,3,B,,,BRAKES DEFECTIVE
31324024,0870100,MT. STERLING POLICE DEPARTMENT,Accepted,MONTGOMERY,,,WILSON,ALY,,US0060,MAIN,,,,,38.05673747,-83.94068387,0.082,2/27/2023,1245,1,1,0,0,RAINING,WET,FALSE,COLLISION WITH FIXED OBJECT IN INTERSECTION - FIRST EVENT COLLISION 09 - 32,SINGLE VEHICLE,STRAIGHT & GRADE,DAYLIGHT,,,44991.9611,FALSE,128,Accepted,5,5,O,OTHER,MISJUDGE CLEARANCE,
31324025,0870100,MT. STERLING POLICE DEPARTMENT,Accepted,MONTGOMERY,US0460,,MAYSVILLE,ST,N,,,,,,,38.05786727,-83.94255725,9.462,3/3/2023,1144,2,2,0,0,CLOUDY,DRY,FALSE,OTHER ROADWAY OR MID-BLOCK COLLISION,REAR END,STRAIGHT & LEVEL,DAYLIGHT,,,44991.96116,FALSE,128,Accepted,5,5,O,,INATTENTION,
31328289,0870000,MONTGOMERY CTY SHERIFF DEPT,Accepted,MONTGOMERY,KY0686,,INDIAN MOUND,DR,,,,,,,,38.04570609,-83.9554743,2.232,2/21/2023,1205,2,2,0,2,CLEAR,DRY,FALSE,HEAD-ON COLLISION,HEAD ON,CURVE & GRADE,DAYLIGHT,,,44992.68176,FALSE,228,Accepted,5,2,A,,OTHER,
31328296,0870000,MONTGOMERY CTY SHERIFF DEPT,Accepted,MONTGOMERY,KY0713,3800,SPENCER,PIKE,,,,,,,,38.02419157,-83.83137744,13.337,3/6/2023,355,1,1,0,1,CLOUDY,DRY,FALSE,COLLISION WITH FIXED OBJECT NON - INTERSECTION - FIRST EVENT COLLISION 09 - 32 EXCLUDING 16,SINGLE VEHICLE,STRAIGHT & LEVEL,DARK-HWY NOT LIGHTED,,,44992.6821,FALSE,234,Accepted,3,3,B,DEBRIS IN ROADWAY,,
31333827,0870000,MONTGOMERY CTY SHERIFF DEPT,Accepted,MONTGOMERY,,2510,PREWITT,PIKE,,,,,,,,38.0199584,-83.99077574,2.355,3/4/2023,1954,2,2,0,0,CLEAR,DRY,FALSE,SIDESWIPE COLLISION - OPPOSITE DIRECTION,SIDESWIPE-OPPOSITE DIRECTION,STRAIGHT & LEVEL,DARK-HWY NOT LIGHTED,,,44993.70867,FALSE,245,Accepted,5,5,O,SHOULDERS DEFECTIVE/DROP-OFF,,
31333833,0870000,MONTGOMERY CTY SHERIFF DEPT,Accepted,MONTGOMERY,,,CLARENCE,DR,,,,,,,,38.09274083,-83.90211878,0.243,3/3/2023,611,2,2,0,0,RAINING,WET,FALSE,SIDESWIPE COLLISION - SAME DIRECTION,SIDESWIPE-SAME DIRECTION,STRAIGHT & LEVEL,DARK-HWY LIGHTED/OFF,,,44993.70881,FALSE,248,Accepted,5,5,O,SLIPPERY SURFACE,INATTENTION,
31336431,0870000,MONTGOMERY CTY SHERIFF DEPT,Accepted,MONTGOMERY,US0460,9945,MAIN,ST,,,,,,,,37.95287373,-83.78330402,21.533,3/6/2023,1331,2,2,0,0,CLEAR,DRY,FALSE,1 VEHICLE ENTERING/LEAVING ENTRANCE,ANGLE,STRAIGHT & GRADE,DAYLIGHT,,,44994.38011,FALSE,228,Accepted,5,5,O,,FAILED TO YIELD RIGHT OF WAY,
31346134,0870100,MT. STERLING POLICE DEPARTMENT,Accepted,MONTGOMERY,,,REESE,WAY,,,,,,,,38.0673038,-83.95399447,0.076,3/6/2023,1225,2,2,0,0,CLEAR,DRY,FALSE,1 VEHICLE ENTERING/LEAVING ENTRANCE,ANGLE,STRAIGHT & LEVEL,DAYLIGHT,,,44996.63411,FALSE,149,Accepted,5,5,O,,FAILED TO YIELD RIGHT OF WAY,
31346135,0870100,MT. STERLING POLICE DEPARTMENT,Accepted,MONTGOMERY,KY0686,,INDIAN MOUND,DR,,KY0011,LEVEE,,,,,38.04122966,-83.94792857,2.757,3/9/2023,1243,2,2,0,0,CLEAR,DRY,FALSE,ANGLE COLLISION - OTHER,ANGLE,STRAIGHT & LEVEL,DAYLIGHT,,,44996.63417,FALSE,128,Accepted,5,5,O,,INATTENTION,
31354463,0870100,MT. STERLING POLICE DEPARTMENT,Accepted,MONTGOMERY,,499,WALMART,DR,,,,,,,,38.06883261,-83.95580701,0.102,3/13/2023,1134,2,2,0,0,CLOUDY,WET,FALSE,OTHER ROADWAY OR MID-BLOCK COLLISION,OPPOSING LEFT TURN,STRAIGHT & LEVEL,DAYLIGHT,,,44998.66503,FALSE,159,Accepted,5,5,O,,FAILED TO YIELD RIGHT OF WAY,
31364413,0870000,MONTGOMERY CTY SHERIFF DEPT,Accepted,MONTGOMERY,US0460,,PARIS,RD,,,,,,,,38.102444,-84.01065236,3.694,3/13/2023,810,1,1,0,2,CLOUDY,WET,FALSE,COLLISION WITH FIXED OBJECT NON - INTERSECTION - FIRST EVENT COLLISION 09 - 32 EXCLUDING 16,SINGLE VEHICLE,CURVE & GRADE,DAYLIGHT,,,45000.60301,FALSE,228,Accepted,5,3,B,SLIPPERY SURFACE,,
31364414,0870000,MONTGOMERY CTY SHERIFF DEPT,Accepted,MONTGOMERY,KY0713,,GRASSY LICK,RD,,,,,,,,38.05825817,-83.95753637,5.731,3/14/2023,850,2,2,0,0,CLOUDY,DRY,FALSE,SIDESWIPE COLLISION - SAME DIRECTION,SIDESWIPE-SAME DIRECTION,STRAIGHT & LEVEL,DAYLIGHT,,,45000.60316,FALSE,228,Accepted,5,5,O,,,
31364422,0870000,MONTGOMERY CTY SHERIFF DEPT,Accepted,MONTGOMERY,KY0686,,INDIAN MOUND,DR,,,,,,,,38.04226398,-83.95052464,2.609,3/9/2023,1039,2,2,0,2,CLEAR,DRY,FALSE,1 VEHICLE ENTERING/LEAVING ENTRANCE,ANGLE,STRAIGHT & LEVEL,DAYLIGHT,,,45000.60369,FALSE,226,Accepted,4,4,C,,FAILED TO YIELD RIGHT OF WAY,
31374528,0870000,MONTGOMERY CTY SHERIFF DEPT,Accepted,MONTGOMERY,KY0646,2045,KIDDVILLE,RD,,,,,,,,37.99112814,-83.97577594,9.673,3/14/2023,2021,1,1,0,0,CLEAR,DRY,FALSE,RAN OFF ROADWAY (1 VEHICLE WITH/EARTH EMBANKMENT/DITCH),SINGLE VEHICLE,CURVE & LEVEL,DARK-HWY NOT LIGHTED,,,45002.63852,FALSE,238,Accepted,5,5,O,,INATTENTION,
31374717,0870100,MT. STERLING POLICE DEPARTMENT,Accepted,MONTGOMERY,KY0713,,LOCUST,ST,E,,,,,,,38.0559154,-83.93872785,6.461,3/13/2023,1707,2,2,0,0,CLOUDY,DRY,FALSE,OTHER ROADWAY OR MID-BLOCK COLLISION,OPPOSING LEFT TURN,STRAIGHT & LEVEL,DAYLIGHT,,,45002.66215,FALSE,159,Accepted,5,5,O,,,
31374720,0870100,MT. STERLING POLICE DEPARTMENT,Accepted,MONTGOMERY,,,QUEEN,ST,S,KY0713,LOCUST,,,,,38.05594123,-83.93873618,0.002,3/13/2023,1900,2,2,0,0,CLEAR,DRY,FALSE,ANGLE COLLISION - OTHER,ANGLE,STRAIGHT & LEVEL,DAYLIGHT,,,45002.66232,FALSE,155,Accepted,5,5,O,,OTHER,
31374726,0870100,MT. STERLING POLICE DEPARTMENT,Accepted,MONTGOMERY,US0460,,MAYSVILLE,ST,N,KY0686,INDIAN MOUND,,,,,38.074067,-83.94833005,8.284,3/15/2023,1422,2,2,0,0,CLEAR,DRY,FALSE,ANGLE COLLISION - ONE VEHICLE TURNING LEFT,ANGLE,STRAIGHT & LEVEL,DAYLIGHT,,,45002.66249,FALSE,128,Accepted,5,5,O,,INATTENTION,
31385676,0870100,MT. STERLING POLICE DEPARTMENT,Accepted,MONTGOMERY,US0460,342,MAYSVILLE,ST,N,,,,,,,38.0635394,-83.94459783,,3/18/2023,1004,2,2,0,1,CLEAR,DRY,FALSE,REAR END IN TRAFFIC LANES BOTH VEHICLES MOVING,REAR END,STRAIGHT & HILLCREST,DAYLIGHT,,,45005.69086,FALSE,153,Accepted,5,4,C,,INATTENTION,
31385682,0870100,MT. STERLING POLICE DEPARTMENT,Accepted,MONTGOMERY,US0460,,MAYSVILLE,ST,N,,,,,,,38.07066706,-83.94694669,8.536,3/18/2023,1256,2,2,0,0,CLOUDY,DRY,FALSE,OTHER ROADWAY OR MID-BLOCK COLLISION,OPPOSING LEFT TURN,STRAIGHT & LEVEL,DAYLIGHT,,,45005.69098,FALSE,159,Accepted,5,5,O,,DISREGARD TRAFFIC CONTROL,