IncidentID,AgencyORI,AgencyName,IncidentStatusDesc,County,RdwyNumber,Street,RoadwayName,StreetSfx,StreetDir,IntersectionRdwy,IntersectionRdwyName,BetweenStRdwy1,BetweenStRdwyName1,BetweenStRdwy2,BetweenStRdwyName2,Latitude,Longitude,Milepoint,CollisionDate,CollisionTime,UnitsInvolved,MotorVehiclesInvolved,NumberKilled,NumberInjured,Weather,RdwyConditionCode,HitandRun,DirAnalysisCode,MannerofCollision,RdwyCharacter,LightCondition,RampFromRdwyId,RampToRdwyId,AcceptedDate,IsSecondaryCollision,OwnerBadge,IncidentStatus,InjurySeverityCde,KABCO Code,KABCO,Environmental_Factors,Human_Factors,Vehicular_Factors
31397084,0870100,MT. STERLING POLICE DEPARTMENT,Accepted,MONTGOMERY,US0460,,MAYSVILLE,ST,N,,,,,,,38.07410808,-83.94813255,8.278,3/17/2023,514,1,1,0,1,RAINING,WET,FALSE,OTHER ROADWAY OR MID-BLOCK COLLISION,SINGLE VEHICLE,STRAIGHT & LEVEL,DARK-HWY LIGHTED/ON,,,45007.92944,FALSE,144,Accepted,5,2,A,,"ALCOHOL INVOLVEMENT, DRUG INVOLVEMENT, TOO FAST FOR CONDITIONS",
31397088,0870100,MT. STERLING POLICE DEPARTMENT,Accepted,MONTGOMERY,US0460,,MAYSVILLE,ST,N,,CARDINAL,,,,,38.06785423,-83.94598427,8.729,3/20/2023,1436,2,2,0,0,CLEAR,DRY,FALSE,ANGLE COLLISION - OTHER,ANGLE,STRAIGHT & LEVEL,DAYLIGHT,,,45007.92959,FALSE,152,Accepted,5,5,O,,MISJUDGE CLEARANCE,
31421122,0870100,MT. STERLING POLICE DEPARTMENT,Accepted,MONTGOMERY,US0460,,MAYSVILLE,RD,,,,,,,,38.07796114,-83.94937598,8.007,3/27/2023,2159,2,2,0,0,CLEAR,DRY,FALSE,SIDESWIPE COLLISION - OPPOSITE DIRECTION,SIDESWIPE-OPPOSITE DIRECTION,STRAIGHT & LEVEL,DARK-HWY LIGHTED/ON,,,45013.7123,FALSE,156,Accepted,5,5,O,,"ALCOHOL INVOLVEMENT, DISREGARD TRAFFIC CONTROL, NOT UNDER PROPER CONTROL",
31421126,0870100,MT. STERLING POLICE DEPARTMENT,Accepted,MONTGOMERY,KY0011,,LEVEE,RD,,KY0686,INDIAN MOUND,,,,,38.04123213,-83.9477675,9.222,3/24/2023,2107,2,2,0,0,CLOUDY,WET,FALSE,ANGLE COLLISION - OTHER,ANGLE,STRAIGHT & LEVEL,DARK-HWY LIGHTED/ON,,,45013.71246,FALSE,154,Accepted,5,5,O,,FAILED TO YIELD RIGHT OF WAY,
31426669,0870000,MONTGOMERY CTY SHERIFF DEPT,Accepted,MONTGOMERY,,,OSBORNE,RD,,,,,,,,38.0706988,-83.91015555,2.141,3/17/2023,2112,1,1,0,0,CLOUDY,DRY,FALSE,COLLISION WITH ANIMAL NON INTERSECTION,SINGLE VEHICLE,STRAIGHT & LEVEL,DARK-HWY NOT LIGHTED,,,45014.72843,FALSE,245,Accepted,5,5,O,ANIMALS ACTION,,
31426673,0870000,MONTGOMERY CTY SHERIFF DEPT,Accepted,MONTGOMERY,US0460,,MAIN,ST,,KY0213,KY213,,,,,37.97637005,-83.85097662,17.437,3/17/2023,1006,2,2,0,0,RAINING,WET,FALSE,ANGLE COLLISION - OTHER,ANGLE,STRAIGHT & LEVEL,DAYLIGHT,,,45014.72848,FALSE,231,Accepted,5,5,O,,"FAILED TO YIELD RIGHT OF WAY, INATTENTION",
31426675,0870000,MONTGOMERY CTY SHERIFF DEPT,Accepted,MONTGOMERY,KY0646,,NEST EGG,RD,,,FOUR WINDS,,,,,37.95834909,-83.97281089,6.841,3/17/2023,1659,1,1,0,0,CLEAR,DRY,FALSE,COLLISION WITH FIXED OBJECT IN INTERSECTION - FIRST EVENT COLLISION 09 - 32,SINGLE VEHICLE,CURVE & LEVEL,DAYLIGHT,,,45014.72854,FALSE,249,Accepted,5,5,O,,"CELL PHONE, DISTRACTION, DRUG INVOLVEMENT",
31426683,0870000,MONTGOMERY CTY SHERIFF DEPT,Accepted,MONTGOMERY,KY1991,,HINKSTON,PIKE,,,,,,,,38.07636251,-83.93455992,1.05,3/19/2023,1127,2,2,0,0,CLEAR,DRY,FALSE,SIDESWIPE COLLISION - OPPOSITE DIRECTION,SIDESWIPE-OPPOSITE DIRECTION,STRAIGHT & LEVEL,DAYLIGHT,,,45014.72883,FALSE,231,Accepted,5,5,O,,"FAILED TO KEEP PROPER LANE, MISJUDGE CLEARANCE",
31426684,0870000,MONTGOMERY CTY SHERIFF DEPT,Accepted,MONTGOMERY,KY0011,7250,LEVEE,RD,,,,,,,,37.96528918,-83.93918893,3.66,3/19/2023,1640,1,1,0,0,CLEAR,DRY,FALSE,COLLISION WITH FIXED OBJECT NON - INTERSECTION - FIRST EVENT COLLISION 09 - 32 EXCLUDING 16,SINGLE VEHICLE,STRAIGHT & LEVEL,DAYLIGHT,,,45014.72888,FALSE,252,Accepted,5,5,O,,"CELL PHONE, DISTRACTION",
31426686,0870000,MONTGOMERY CTY SHERIFF DEPT,Accepted,MONTGOMERY,US0460,,CAMARGO,RD,,,,,,,,37.9980573,-83.8956238,14.506,3/20/2023,844,2,2,0,0,CLEAR,DRY,FALSE,SIDESWIPE COLLISION - SAME DIRECTION,SIDESWIPE-SAME DIRECTION,STRAIGHT & GRADE,DAYLIGHT,,,45014.72897,FALSE,228,Accepted,5,5,O,,,
31426708,0870000,MONTGOMERY CTY SHERIFF DEPT,Accepted,MONTGOMERY,KY0011,,LEVEE,RD,,KY0646,NEST EGG,,,,,37.968559,-83.93780266,3.909,3/14/2023,724,3,3,0,0,CLEAR,ICE,FALSE,OPPOSITE DIRECTION - BOTH VEHICLES GOING STRAIGHT AHEAD,SIDESWIPE-OPPOSITE DIRECTION,STRAIGHT & LEVEL,DAWN,,,45014.73,FALSE,234,Accepted,5,5,O,SLIPPERY SURFACE,"NOT UNDER PROPER CONTROL, FAILED TO KEEP PROPER LANE",BRAKES DEFECTIVE
31426717,0870000,MONTGOMERY CTY SHERIFF DEPT,Accepted,MONTGOMERY,,414,HOLLOW CREEK,DR,,,,,,,,38.04501285,-83.96354024,0.715,3/24/2023,1926,2,2,0,0,RAINING,WET,FALSE,1 VEHICLE PARKED POSITION (NOT PARKING LOT/DRIVEWAY),BACKING,CURVE & HILLCREST,DARK-HWY NOT LIGHTED,,,45014.73041,FALSE,245,Accepted,5,5,O,,INATTENTION,
31426719,0870000,MONTGOMERY CTY SHERIFF DEPT,Accepted,MONTGOMERY,US0460,,MAIN,ST,,,,,,,,37.97678339,-83.8542912,17.307,3/25/2023,323,1,1,0,0,RAINING,WET,FALSE,RAN OFF ROADWAY (1 VEHICLE WITH/EARTH EMBANKMENT/DITCH),SINGLE VEHICLE,STRAIGHT & LEVEL,DARK-HWY LIGHTED/ON,,,45014.73051,FALSE,248,Accepted,5,5,O,SLIPPERY SURFACE,"INATTENTION, NOT UNDER PROPER CONTROL, TOO FAST FOR CONDITIONS",
31426720,0870000,MONTGOMERY CTY SHERIFF DEPT,Accepted,MONTGOMERY,KY1050,2860,KY1050,,,,,,,,,37.94632921,-83.79921846,4.337,3/25/2023,750,1,1,0,0,CLOUDY,WET,FALSE,COLLISION WITH ANIMAL NON INTERSECTION,SINGLE VEHICLE,STRAIGHT & LEVEL,DAWN,,,45014.73056,FALSE,231,Accepted,5,5,O,ANIMALS ACTION,,
31426870,0870100,MT. STERLING POLICE DEPARTMENT,Accepted,MONTGOMERY,US0460,,MAYSVILLE,ST,N,,MT STERLING,,,,,38.07281478,-83.94787587,8.389,3/28/2023,1605,2,2,0,0,CLEAR,DRY,FALSE,SIDESWIPE-SAME DIRECTION,SIDESWIPE-SAME DIRECTION,STRAIGHT & LEVEL,DAYLIGHT,,,45014.74717,FALSE,154,Accepted,5,5,O,,INATTENTION,
31435308,0870000,MONTGOMERY CTY SHERIFF DEPT,Accepted,MONTGOMERY,KY0213,3790,KY213,,,,,,,,,37.92383396,-83.86150911,1.401,3/25/2023,1817,2,2,0,0,CLEAR,DRY,FALSE,SIDESWIPE COLLISION - OPPOSITE DIRECTION,SIDESWIPE-OPPOSITE DIRECTION,STRAIGHT & LEVEL,DAYLIGHT,,,45016.44915,FALSE,238,Accepted,5,5,O,,MISJUDGE CLEARANCE,
31435311,0870000,MONTGOMERY CTY SHERIFF DEPT,Accepted,MONTGOMERY,US0460,,CAMARGO,RD,,,,,,,,38.0125076,-83.90750467,13.277,3/29/2023,1827,2,2,0,0,CLEAR,DRY,FALSE,SIDESWIPE COLLISION - OPPOSITE DIRECTION,SIDESWIPE-OPPOSITE DIRECTION,STRAIGHT & GRADE,DAYLIGHT,,,45016.44926,FALSE,238,Accepted,5,5,O,,,
31435320,0870000,MONTGOMERY CTY SHERIFF DEPT,Accepted,MONTGOMERY,KY0686,,INDIAN MOUND,DR,,,,,,,,38.05807354,-83.95612416,1.362,3/30/2023,1033,2,2,0,1,CLEAR,DRY,FALSE,1 VEHICLE ENTERING/LEAVING ENTRANCE,ANGLE,STRAIGHT & LEVEL,DAYLIGHT,,,45016.44958,FALSE,231,Accepted,5,3,B,,"DISREGARD TRAFFIC CONTROL, INATTENTION",
31435537,0870000,MONTGOMERY CTY SHERIFF DEPT,Accepted,MONTGOMERY,,,CLARENCE,DR,,,,,,,,38.09270293,-83.90215214,0.245,3/31/2023,510,2,1,0,0,CLEAR,DRY,FALSE,1 VEHICLE ENTERING/LEAVING ENTRANCE,ANGLE,STRAIGHT & LEVEL,DARK-HWY LIGHTED/ON,,,45016.44977,FALSE,248,Accepted,5,5,O,,"INATTENTION, TURNING IMPROPERLY",
31446858,0870100,MT. STERLING POLICE DEPARTMENT,Accepted,MONTGOMERY,,,MONTGOMERY,AVE,,,WILLOW,,,,,38.06005326,-83.93751486,0.137,3/29/2023,1300,1,1,0,0,CLEAR,DRY,FALSE,COLLISION WITH FIXED OBJECT IN INTERSECTION - FIRST EVENT COLLISION 09 - 32,SINGLE VEHICLE,CURVE & GRADE,DAYLIGHT,,,45019.60989,FALSE,157,Accepted,5,5,O,,MEDICATION,
31446859,0870100,MT. STERLING POLICE DEPARTMENT,Accepted,MONTGOMERY,,,YOUNG,LN,,,,,,,,38.07444696,-83.95173464,0.267,3/27/2023,945,2,2,0,0,CLEAR,DRY,FALSE,1 VEHICLE ENTERING/LEAVING ENTRANCE,ANGLE,STRAIGHT & LEVEL,DAYLIGHT,,,45019.61,FALSE,157,Accepted,5,5,O,,INATTENTION,
31446862,0870100,MT. STERLING POLICE DEPARTMENT,Accepted,MONTGOMERY,US0060,,MAIN,ST,E,KY0713,QUEEN,,,,,38.05709892,-83.93910645,5.294,3/10/2023,1651,2,2,0,0,CLOUDY,DRY,FALSE,ANGLE COLLISION - OTHER,ANGLE,STRAIGHT & LEVEL,DAYLIGHT,,,45019.61024,FALSE,158,Accepted,5,5,O,,DISREGARD TRAFFIC CONTROL,
31453114,0870000,MONTGOMERY CTY SHERIFF DEPT,Accepted,MONTGOMERY,US0460,6101,PARIS,RD,,,,,,,,38.12072882,-84.05456949,0.884,4/3/2023,632,1,1,0,0,CLEAR,DRY,FALSE,OTHER COLLISIONS ON SHOULDER,SINGLE VEHICLE,STRAIGHT & LEVEL,DARK-HWY NOT LIGHTED,,,45020.71574,FALSE,275,Accepted,5,5,O,,FELL ASLEEP,
31453943,0870100,MT. STERLING POLICE DEPARTMENT,Accepted,MONTGOMERY,US0460,,MAYSVILLE,ST,N,,,,EVANS,KY0686,INDIAN MOUND,38.0749987,-83.94865817,8.218,3/27/2023,1729,2,2,0,0,CLEAR,DRY,FALSE,OTHER ROADWAY OR MID-BLOCK COLLISION,REAR END,STRAIGHT & LEVEL,DAYLIGHT,,,45020.86594,FALSE,121,Accepted,5,5,O,,INATTENTION,
31453947,0870100,MT. STERLING POLICE DEPARTMENT,Accepted,MONTGOMERY,US0460,,MAYSVILLE,ST,N,,EVANS,,,,,38.07564103,-83.94887804,8.174,4/4/2023,1631,3,3,0,0,CLEAR,DRY,FALSE,OTHER INTERSECTION COLLISIONS,REAR END,STRAIGHT & LEVEL,DAYLIGHT,,,45020.86611,FALSE,121,Accepted,5,5,O,,INATTENTION,
31464743,0870000,MONTGOMERY CTY SHERIFF DEPT,Accepted,MONTGOMERY,US0460,,MAIN,ST,,,,,,,,37.97636357,-83.85094648,17.438,4/6/2023,752,2,2,0,0,CLEAR,OTHER,FALSE,SIDESWIPE COLLISION - SAME DIRECTION,SIDESWIPE-SAME DIRECTION,STRAIGHT & LEVEL,DAYLIGHT,,,45023.38242,FALSE,248,Accepted,5,5,O,,"FAILED TO KEEP PROPER LANE, IMPROPER PASSING, NOT UNDER PROPER CONTROL",
31467586,0870000,MONTGOMERY CTY SHERIFF DEPT,Accepted,MONTGOMERY,US0060,,WINCHESTER,RD,,,,,,,,38.04559192,-83.98852663,2.418,3/21/2023,1300,1,1,0,0,CLEAR,DRY,FALSE,COLLISION WITH FIXED OBJECT NON - INTERSECTION - FIRST EVENT COLLISION 09 - 32 EXCLUDING 16,SINGLE VEHICLE,CURVE & GRADE,DAYLIGHT,,,45024.1278,FALSE,232,Accepted,5,5,O,,OVERCORRECTING/OVERSTEERING,
31472341,0870100,MT. STERLING POLICE DEPARTMENT,Accepted,MONTGOMERY,,205,EVANS,AVE,,,,,,,,38.07560978,-83.94856537,,4/9/2023,1259,2,2,0,0,CLEAR,DRY,FALSE,VEHICLE BACKING NON INTERSECTION,BACKING,STRAIGHT & LEVEL,DAYLIGHT,,,45025.87537,FALSE,153,Accepted,5,5,O,,"IMPROPER BACKING, DISTRACTION",
31475955,KSP0800,"KY STATE POLICE, POST 08",Accepted,MONTGOMERY,KY3363,,SAWMILL,RD,,,,,,,,37.95458484,-83.89968659,2.338,3/28/2023,1346,1,1,0,1,CLEAR,DRY,FALSE,COLLISION WITH FIXED OBJECT NON - INTERSECTION - FIRST EVENT COLLISION 09 - 32 EXCLUDING 16,SINGLE VEHICLE,CURVE & LEVEL,DAYLIGHT,,,45026.50895,FALSE,522,Accepted,2,2,A,,DISTRACTION,OTHER
31476106,0870000,MONTGOMERY CTY SHERIFF DEPT,Accepted,MONTGOMERY,,,GREENBRIER,RD,,,,,,,,38.01237019,-83.90741016,0.001,4/7/2023,1145,2,2,0,0,CLEAR,DRY,FALSE,SIDESWIPE COLLISION - SAME DIRECTION,SIDESWIPE-SAME DIRECTION,STRAIGHT & LEVEL,DAYLIGHT,,,45026.53217,FALSE,231,Accepted,5,5,O,,INATTENTION,
31476110,0870000,MONTGOMERY CTY SHERIFF DEPT,Accepted,MONTGOMERY,US0460,,CAMARGO,RD,,,,,,,,38.01249233,-83.90762204,13.273,4/4/2023,1422,2,2,0,0,CLOUDY,DRY,FALSE,REAR END IN TRAFFIC LANES BOTH VEHICLES MOVING,REAR END,STRAIGHT & GRADE,DAYLIGHT,,,45026.5323,FALSE,226,Accepted,5,5,O,,"FAILED TO YIELD RIGHT OF WAY, INATTENTION",
31487308,0870000,MONTGOMERY CTY SHERIFF DEPT,Accepted,MONTGOMERY,KY1050,,KY1050,,,,,,,,,37.959666,-83.82861557,6.485,4/11/2023,1228,2,2,0,0,CLEAR,DRY,FALSE,SIDESWIPE COLLISION - OPPOSITE DIRECTION,SIDESWIPE-OPPOSITE DIRECTION,STRAIGHT & LEVEL,DAYLIGHT,,,45028.67505,FALSE,226,Accepted,5,5,O,,,
31487311,0870000,MONTGOMERY CTY SHERIFF DEPT,Accepted,MONTGOMERY,US0460,,CAMARGO,RD,,,,,,,,38.02118073,-83.91534713,12.512,4/11/2023,1027,2,2,0,0,CLEAR,DRY,FALSE,REAR END IN TRAFFIC LANES BOTH VEHICLES MOVING,REAR END,CURVE & GRADE,DAYLIGHT,,,45028.67527,FALSE,228,Accepted,5,5,O,,,
31496350,0870000,MONTGOMERY CTY SHERIFF DEPT,Accepted,MONTGOMERY,KY0713,4344,SPENCER,PIKE,,,,,,,,38.03031304,-83.87694378,10.62,4/14/2023,159,1,1,0,1,CLEAR,DRY,FALSE,OTHER COLLISIONS ON SHOULDER,SINGLE VEHICLE,CURVE & LEVEL,DARK-HWY NOT LIGHTED,,,45030.49297,FALSE,275,Accepted,5,4,C,,DRUG INVOLVEMENT,
31496352,0870000,MONTGOMERY CTY SHERIFF DEPT,Accepted,MONTGOMERY,US0060,,WINCHESTER,RD,,,,,,,,38.03318728,-84.02122972,0.329,4/4/2023,1425,2,2,1,2,CLEAR,DRY,FALSE,HEAD-ON COLLISION,HEAD ON,CURVE & GRADE,DAYLIGHT,,,45030.49311,FALSE,292,Accepted,5,1,K,,FAILED TO KEEP PROPER LANE,
31496974,0870100,MT. STERLING POLICE DEPARTMENT,Accepted,MONTGOMERY,US0460,915,CAMARGO,RD,,,,,,,,38.04830606,-83.93845697,10.187,4/11/2023,1636,1,1,0,0,CLEAR,DRY,TRUE,COLLISION WITH FIXED OBJECT NON - INTERSECTION - FIRST EVENT COLLISION 09 - 32 EXCLUDING 16,SINGLE VEHICLE,STRAIGHT & LEVEL,DAYLIGHT,,,45030.6116,FALSE,155,Accepted,5,5,O,,MISJUDGE CLEARANCE,
31496980,0870100,MT. STERLING POLICE DEPARTMENT,Accepted,MONTGOMERY,,530,GARDEN SPRINGS,DR,,,,,,,,38.07049219,-83.94361036,0.274,4/11/2023,1041,2,2,0,0,CLEAR,DRY,FALSE,1 VEHICLE PARKED POSITION (NOT PARKING LOT/DRIVEWAY),BACKING,STRAIGHT & LEVEL,DAYLIGHT,,,45030.6118,FALSE,128,Accepted,5,5,O,,MISJUDGE CLEARANCE,
31496981,0870100,MT. STERLING POLICE DEPARTMENT,Accepted,MONTGOMERY,KY0686,263,INDIAN MOUND,DR,,,,,,,,38.07257272,-83.95392558,0.339,4/14/2023,1053,2,2,0,0,CLOUDY,DRY,FALSE,VEHICLE BACKING NON INTERSECTION,BACKING,STRAIGHT & LEVEL,DAYLIGHT,,,45030.61193,FALSE,159,Accepted,5,5,O,,FAILED TO YIELD RIGHT OF WAY,
31498361,0870100,MT. STERLING POLICE DEPARTMENT,Accepted,MONTGOMERY,KY0686,,INDIAN MOUND,DR,,,FOGG PIKE CONN,,,,,38.04191434,-83.95081444,2.624,4/14/2023,1713,2,2,0,0,CLEAR,DRY,FALSE,ANGLE COLLISION - ONE VEHICLE TURNING LEFT,ANGLE,STRAIGHT & LEVEL,DAYLIGHT,,,45030.93097,FALSE,154,Accepted,5,5,O,,"INATTENTION, RACING, FAILED TO YIELD RIGHT OF WAY",
31516856,0870100,MT. STERLING POLICE DEPARTMENT,Accepted,MONTGOMERY,,,EVANS,AVE,,,VANCE,,,,,38.07544824,-83.95146326,0.166,4/13/2023,1225,2,2,0,0,CLEAR,DRY,FALSE,ANGLE COLLISION - OTHER,ANGLE,STRAIGHT & LEVEL,DAYLIGHT,,,45035.45669,FALSE,120,Accepted,5,5,O,,INATTENTION,
31516857,0870100,MT. STERLING POLICE DEPARTMENT,Accepted,MONTGOMERY,US0460,,MAYSVILLE,ST,N,,HIGH,,,,,38.05756319,-83.94246949,9.484,4/6/2023,1526,2,2,0,0,RAINING,WET,FALSE,ANGLE COLLISION - ONE VEHICLE TURNING LEFT,ANGLE,STRAIGHT & GRADE,DAYLIGHT,,,45035.45679,FALSE,155,Accepted,5,5,O,SLIPPERY SURFACE,DISREGARD TRAFFIC CONTROL,
31516859,0870100,MT. STERLING POLICE DEPARTMENT,Accepted,MONTGOMERY,,,LOCUST,ST,W,,RICHMOND,,,,,38.05393486,-83.94761206,0.503,4/18/2023,1551,2,2,0,0,CLEAR,DRY,FALSE,ANGLE COLLISION - OTHER,ANGLE,STRAIGHT & LEVEL,DAYLIGHT,,,45035.45687,FALSE,155,Accepted,5,5,O,,FAILED TO YIELD RIGHT OF WAY,
31524247,0870100,MT. STERLING POLICE DEPARTMENT,Accepted,MONTGOMERY,,,CULPEPPER,DR,,US0460,MAYSVILLE,,,,,38.07069912,-83.94649409,0.025,4/2/2023,1830,2,2,0,0,CLEAR,DRY,FALSE,COLLISION WITH PARKED VEHICLE,SIDESWIPE-OPPOSITE DIRECTION,STRAIGHT & LEVEL,DAYLIGHT,,,45036.81907,FALSE,158,Accepted,5,5,O,GLARE (SUN),,
31524248,0870100,MT. STERLING POLICE DEPARTMENT,Accepted,MONTGOMERY,US0060,,MAIN,ST,E,,,,,,,38.05677418,-83.94035684,5.225,4/18/2023,1902,2,2,0,0,CLEAR,DRY,FALSE,1 VEHICLE PARKED POSITION (NOT PARKING LOT/DRIVEWAY),SIDESWIPE-SAME DIRECTION,STRAIGHT & LEVEL,DAYLIGHT,,,45036.81916,FALSE,158,Accepted,5,5,O,,INATTENTION,
31524250,0870100,MT. STERLING POLICE DEPARTMENT,Accepted,MONTGOMERY,US0060,,MAIN,ST,E,,,,,,,38.05710299,-83.93911451,5.294,4/19/2023,1914,2,2,0,0,CLEAR,DRY,FALSE,1 VEHICLE ENTERING/LEAVING ENTRANCE,ANGLE,STRAIGHT & LEVEL,DAYLIGHT,,,45036.81928,FALSE,159,Accepted,5,5,O,,OTHER,
31528985,0870100,MT. STERLING POLICE DEPARTMENT,Accepted,MONTGOMERY,US0460,,MAYSVILLE,ST,N,,,,,,,38.07158625,-83.94731654,8.473,4/21/2023,1029,2,2,0,0,CLOUDY,DRY,FALSE,1 VEHICLE ENTERING/LEAVING ENTRANCE,ANGLE,STRAIGHT & LEVEL,DAYLIGHT,,,45037.80497,FALSE,159,Accepted,5,5,O,,FAILED TO YIELD RIGHT OF WAY,
31540110,0870000,MONTGOMERY CTY SHERIFF DEPT,Accepted,MONTGOMERY,US0060,,OWINGSVILLE,RD,,,,,,,,38.08854842,-83.89847287,8.662,4/14/2023,1513,2,2,0,0,CLEAR,DRY,FALSE,OTHER ROADWAY OR MID-BLOCK COLLISION,REAR END,STRAIGHT & LEVEL,DAYLIGHT,,,45040.75108,FALSE,231,Accepted,5,5,O,,OTHER,
31540121,0870000,MONTGOMERY CTY SHERIFF DEPT,Accepted,MONTGOMERY,,,CLARENCE,DR,,US0060,OWINGSVILLE,,,,,38.09258242,-83.89765887,,4/17/2023,636,2,2,0,0,CLEAR,DRY,FALSE,ANGLE COLLISION - OTHER,ANGLE,STRAIGHT & LEVEL,DAWN,,,45040.75127,FALSE,275,Accepted,5,5,O,,"FAILED TO YIELD RIGHT OF WAY, INATTENTION",
31540133,0870000,MONTGOMERY CTY SHERIFF DEPT,Accepted,MONTGOMERY,,,CHAMBERS,LN,,,,,,,,37.95961109,-83.81113974,0.328,4/3/2023,2000,2,1,0,1,CLEAR,DRY,FALSE,COLLISION WITH PEDESTRIAN NON - INTERSECTION,SINGLE VEHICLE,STRAIGHT & LEVEL,DARK-HWY NOT LIGHTED,,,45040.75167,FALSE,228,Accepted,5,3,B,,,
31540135,0870000,MONTGOMERY CTY SHERIFF DEPT,Accepted,MONTGOMERY,US0460,,MAIN,ST,,,,,,,,37.97223495,-83.83824497,18.16,4/15/2023,1212,2,2,0,0,CLEAR,DRY,FALSE,OTHER ROADWAY OR MID-BLOCK COLLISION,OPPOSING LEFT TURN,STRAIGHT & LEVEL,DAYLIGHT,,,45040.75174,FALSE,228,Accepted,5,5,O,,FAILED TO YIELD RIGHT OF WAY,
31540140,0870000,MONTGOMERY CTY SHERIFF DEPT,Accepted,MONTGOMERY,KY0011,,LEVEE,RD,,,,,,,,38.0129369,-83.95042513,7.301,4/17/2023,1617,2,2,0,0,CLEAR,DRY,FALSE,SIDESWIPE COLLISION - OPPOSITE DIRECTION,SIDESWIPE-OPPOSITE DIRECTION,STRAIGHT & LEVEL,DAYLIGHT,,,45040.75201,FALSE,238,Accepted,5,5,O,,FAILED TO KEEP PROPER LANE,
31540142,0870000,MONTGOMERY CTY SHERIFF DEPT,Accepted,MONTGOMERY,KY0213,,KY213,,,,,,,,,37.97220268,-83.85479328,4.97,4/21/2023,519,1,1,0,0,CLEAR,DRY,FALSE,COLLISION WITH ANIMAL NON INTERSECTION,SINGLE VEHICLE,STRAIGHT & LEVEL,DARK-HWY NOT LIGHTED,,,45040.7521,FALSE,275,Accepted,5,5,O,ANIMALS ACTION,,
31540144,0870000,MONTGOMERY CTY SHERIFF DEPT,Accepted,MONTGOMERY,KY0011,,LEVEE,RD,,,,,,,,37.92906547,-83.9165875,0.747,4/20/2023,1525,2,2,0,0,CLEAR,DRY,FALSE,REAR END IN TRAFFIC LANES BOTH VEHICLES MOVING,REAR END,STRAIGHT & GRADE,DAYLIGHT,,,45040.75218,FALSE,226,Accepted,5,5,O,,FAILED TO YIELD RIGHT OF WAY,
31541647,0870100,MT. STERLING POLICE DEPARTMENT,Accepted,MONTGOMERY,KY0686,,INDIAN MOUND,DR,,KY0713,GRASSY LICK,,,,,38.05805941,-83.95610383,1.364,4/21/2023,1714,2,2,0,0,RAINING,WET,FALSE,ANGLE COLLISION - ONE VEHICLE TURNING LEFT,ANGLE,STRAIGHT & LEVEL,DAYLIGHT,,,45041.1626,FALSE,121,Accepted,5,5,O,SLIPPERY SURFACE,INATTENTION,
31543298,0870000,MONTGOMERY CTY SHERIFF DEPT,Accepted,MONTGOMERY,,5108,CHASE,LN,,,,,,,,37.98437237,-83.86216171,0.661,4/25/2023,35,1,1,0,0,CLEAR,DRY,FALSE,OTHER COLLISIONS ON SHOULDER,SINGLE VEHICLE,CURVE & LEVEL,DARK-HWY NOT LIGHTED,,,45041.46009,FALSE,275,Accepted,5,5,O,,"FELL ASLEEP, INATTENTION, NOT UNDER PROPER CONTROL",
31555871,0870100,MT. STERLING POLICE DEPARTMENT,Accepted,MONTGOMERY,,,EVANS,AVE,,,NORTHVIEW,,,,,38.07549619,-83.94915977,0.039,4/26/2023,1915,2,2,0,0,CLEAR,DRY,FALSE,ANGLE COLLISION - OTHER,ANGLE,STRAIGHT & LEVEL,DAYLIGHT,,,45043.88241,FALSE,121,Accepted,5,5,O,,INATTENTION,
31555872,0870100,MT. STERLING POLICE DEPARTMENT,Accepted,MONTGOMERY,,,RICHMOND,AVE,,,,,,,,38.04914407,-83.94828914,0.375,4/16/2023,1417,2,2,0,0,CLEAR,DRY,FALSE,1 VEHICLE PARKED POSITION (NOT PARKING LOT/DRIVEWAY),SIDESWIPE-OPPOSITE DIRECTION,STRAIGHT & LEVEL,DAYLIGHT,,,45043.88251,FALSE,149,Accepted,5,5,O,,MISJUDGE CLEARANCE,
31570143,0870100,MT. STERLING POLICE DEPARTMENT,Accepted,MONTGOMERY,US0460,,MAYSVILLE,ST,N,,WINN,,,,,38.06373004,-83.94474398,9.024,4/28/2023,1325,2,2,0,1,CLOUDY,WET,FALSE,OTHER INTERSECTION COLLISIONS,REAR END,STRAIGHT & LEVEL,DAYLIGHT,,,45047.6752,FALSE,158,Accepted,4,4,C,,INATTENTION,
31588103,0870000,MONTGOMERY CTY SHERIFF DEPT,Accepted,MONTGOMERY,KY0599,365,KY599,,,,,,,,,37.96771652,-83.84161832,5.664,4/25/2023,1601,1,1,0,1,BLOWING SAND/SOIL/DIRT/SNOW,DRY,FALSE,RAN OFF ROADWAY (1 VEHICLE WITH/EARTH EMBANKMENT/DITCH),SINGLE VEHICLE,STRAIGHT & LEVEL,DAYLIGHT,,,45051.43525,FALSE,245,Accepted,5,3,B,,"EXCEEDED STATED SPEED LIMIT, FAILED TO KEEP PROPER LANE, NOT UNDER PROPER CONTROL",