IncidentID,AgencyORI,AgencyName,IncidentStatusDesc,County,RdwyNumber,Street,RoadwayName,StreetSfx,StreetDir,IntersectionRdwy,IntersectionRdwyName,BetweenStRdwy1,BetweenStRdwyName1,BetweenStRdwy2,BetweenStRdwyName2,Latitude,Longitude,Milepoint,CollisionDate,CollisionTime,UnitsInvolved,MotorVehiclesInvolved,NumberKilled,NumberInjured,Weather,RdwyConditionCode,HitandRun,DirAnalysisCode,MannerofCollision,RdwyCharacter,LightCondition,RampFromRdwyId,RampToRdwyId,AcceptedDate,IsSecondaryCollision,OwnerBadge,IncidentStatus,InjurySeverityCde,KABCO Code,KABCO,Environmental_Factors,Human_Factors,Vehicular_Factors
31588105,0870000,MONTGOMERY CTY SHERIFF DEPT,Accepted,MONTGOMERY,US0060,,OWINGSVILLE,RD,,I 0064,I64 E EXIT113 OFF RAMP TO US60,,,,,38.08946826,-83.89806029,8.726,4/26/2023,1751,2,2,0,0,CLEAR,DRY,FALSE,OTHER INTERSECTION COLLISIONS,REAR END,STRAIGHT & LEVEL,DAYLIGHT,,,45051.43532,FALSE,245,Accepted,5,5,O,,INATTENTION,
31588107,0870000,MONTGOMERY CTY SHERIFF DEPT,Accepted,MONTGOMERY,,2520,OSBORNE,RD,,,,,,,,38.06189784,-83.90077063,1.052,4/26/2023,1923,2,2,0,2,CLEAR,DRY,FALSE,HEAD-ON COLLISION,HEAD ON,STRAIGHT & LEVEL,DAYLIGHT,,,45051.4355,FALSE,238,Accepted,5,4,C,,NOT UNDER PROPER CONTROL,
31588179,0870000,MONTGOMERY CTY SHERIFF DEPT,Accepted,MONTGOMERY,US0460,,CAMARGO,RD,,KY0646,WHITAKER,,,,,38.02412115,-83.91825698,12.251,4/27/2023,2037,2,2,0,0,RAINING,WET,FALSE,OPPOSITE DIRECTION - BOTH VEHICLES GOING STRAIGHT AHEAD,SIDESWIPE-OPPOSITE DIRECTION,STRAIGHT & LEVEL,DARK-HWY NOT LIGHTED,,,45051.43923,FALSE,245,Accepted,5,5,O,,"FAILED TO KEEP PROPER LANE, OTHER",
31588192,0870000,MONTGOMERY CTY SHERIFF DEPT,Accepted,MONTGOMERY,KY0646,,TONKIN,RD,,US0460,CAMARGO,,,,,38.02144202,-83.91555046,13.709,4/26/2023,1430,1,1,0,0,CLEAR,DRY,FALSE,COLLISION WITH FIXED OBJECT IN INTERSECTION - FIRST EVENT COLLISION 09 - 32,SINGLE VEHICLE,CURVE & GRADE,DAYLIGHT,,,45051.43995,FALSE,228,Accepted,5,5,O,,,BRAKES DEFECTIVE
31588198,0870000,MONTGOMERY CTY SHERIFF DEPT,Accepted,MONTGOMERY,KY0686,,INDIAN MOUND,DR,,,FOGG PIKE CONN,,,,,38.04192362,-83.95079231,2.605,4/28/2023,1908,2,2,0,0,CLEAR,WET,FALSE,ANGLE COLLISION - OTHER,ANGLE,STRAIGHT & LEVEL,DAYLIGHT,,,45051.44016,FALSE,249,Accepted,5,5,O,,INATTENTION,
31596034,0870100,MT. STERLING POLICE DEPARTMENT,Accepted,MONTGOMERY,,,QUEEN,ST,N,,HIGH,,,,,38.0581831,-83.93948455,0.078,5/2/2023,934,2,2,0,0,CLEAR,DRY,FALSE,OTHER INTERSECTION COLLISIONS,REAR END,STRAIGHT & LEVEL,DAYLIGHT,,,45053.8363,FALSE,137,Accepted,5,5,O,OTHER,IMPROPER BACKING,
31596039,0870100,MT. STERLING POLICE DEPARTMENT,Accepted,MONTGOMERY,,,SYCAMORE,ST,N,,SYCAMORE,,,,,38.05601452,-83.94511917,0.509,5/5/2023,1000,2,2,0,0,CLEAR,DRY,FALSE,COLLISION WITH PARKED VEHICLE,BACKING,STRAIGHT & LEVEL,DAYLIGHT,,,45053.83671,FALSE,158,Accepted,5,5,O,,IMPROPER BACKING,
31596040,0870100,MT. STERLING POLICE DEPARTMENT,Accepted,MONTGOMERY,KY0011,,LEVEE,RD,,KY0686,INDIAN MOUND,,,,,38.04096232,-83.94795924,9.228,5/5/2023,1440,2,2,0,1,CLEAR,DRY,FALSE,OTHER INTERSECTION COLLISIONS,REAR END,STRAIGHT & LEVEL,DAYLIGHT,,,45053.83677,FALSE,158,Accepted,5,3,B,,NOT UNDER PROPER CONTROL,
31601146,0870000,MONTGOMERY CTY SHERIFF DEPT,Accepted,MONTGOMERY,KY0646,,CREAM ALLEY,RD,,,,,,,,37.96939474,-83.92572322,4.027,4/30/2023,1708,2,2,0,0,RAINING,WET,FALSE,SIDESWIPE COLLISION - OPPOSITE DIRECTION,SIDESWIPE-OPPOSITE DIRECTION,CURVE & LEVEL,DAYLIGHT,,,45054.721,FALSE,249,Accepted,5,5,O,SLIPPERY SURFACE,NOT UNDER PROPER CONTROL,
31601150,0870000,MONTGOMERY CTY SHERIFF DEPT,Accepted,MONTGOMERY,KY1331,3113,HOWARDS MILL,RD,,,,,,,,38.06755016,-83.86786599,2.311,5/1/2023,1730,2,2,0,0,RAINING,WET,TRUE,SIDESWIPE COLLISION - OPPOSITE DIRECTION,SIDESWIPE-OPPOSITE DIRECTION,CURVE & GRADE,DAYLIGHT,,,45054.72117,FALSE,252,Accepted,5,5,O,,,
31601155,0870000,MONTGOMERY CTY SHERIFF DEPT,Accepted,MONTGOMERY,,,OLDHAM,RD,,KY0011,LEVEE,,,,,37.99255436,-83.94102589,2.237,4/26/2023,1616,2,2,0,0,BLOWING SAND/SOIL/DIRT/SNOW,DRY,FALSE,VEHICLE BACKING IN INTERSECTION,BACKING,STRAIGHT & GRADE,DAYLIGHT,,,45054.72132,FALSE,245,Accepted,5,5,O,,INATTENTION,
31601166,0870000,MONTGOMERY CTY SHERIFF DEPT,Accepted,MONTGOMERY,,,OLD OWINGSVILLE,RD,,,,,,,,38.07318797,-83.91301057,0.857,5/3/2023,1136,1,1,0,0,CLOUDY,DRY,FALSE,RAN OFF ROADWAY (1 VEHICLE WITH/EARTH EMBANKMENT/DITCH),SINGLE VEHICLE,STRAIGHT & GRADE,DAYLIGHT,,,45054.72165,FALSE,228,Accepted,5,5,O,,,
31601167,0870000,MONTGOMERY CTY SHERIFF DEPT,Accepted,MONTGOMERY,,3084,OLD OWINGSVILLE,RD,,,,,,,,38.07959948,-83.90393189,0.183,5/3/2023,2021,2,2,0,1,CLEAR,DRY,FALSE,1 VEHICLE PARKED POSITION (NOT PARKING LOT/DRIVEWAY),REAR END,STRAIGHT & LEVEL,DAYLIGHT,,,45054.72173,FALSE,238,Accepted,5,3,B,,OVERCORRECTING/OVERSTEERING,OTHER
31601250,0870000,MONTGOMERY CTY SHERIFF DEPT,Accepted,MONTGOMERY,US0460,,CAMARGO,RD,,,,,,,,37.99725132,-83.89461634,14.587,5/6/2023,1241,2,2,0,0,CLEAR,DRY,FALSE,1 VEHICLE ENTERING/LEAVING ENTRANCE,ANGLE,STRAIGHT & LEVEL,DAYLIGHT,,,45054.73399,FALSE,231,Accepted,5,5,O,,"FAILED TO YIELD RIGHT OF WAY, INATTENTION",
31601317,0870000,MONTGOMERY CTY SHERIFF DEPT,Accepted,MONTGOMERY,KY0646,,KIDDVILLE,RD,,,,,,,,38.00584374,-83.95683672,11.171,5/6/2023,820,1,1,0,0,CLEAR,DRY,FALSE,RAN OFF ROADWAY (1 VEHICLE WITH/EARTH EMBANKMENT/DITCH),SINGLE VEHICLE,CURVE & LEVEL,DAWN,,,45054.73635,FALSE,228,Accepted,5,5,O,,,
31601318,0870000,MONTGOMERY CTY SHERIFF DEPT,Accepted,MONTGOMERY,,,QUEEN,ST,,,,,,,,38.04809371,-83.93604524,0.083,5/7/2023,1238,1,1,0,0,CLOUDY,WET,FALSE,RAN OFF ROADWAY (1 VEHICLE WITH/EARTH EMBANKMENT/DITCH),SINGLE VEHICLE,STRAIGHT & LEVEL,DAYLIGHT,,,45054.73643,FALSE,228,Accepted,5,5,O,,,
31612454,0870100,MT. STERLING POLICE DEPARTMENT,Accepted,MONTGOMERY,US0060,,MAIN,ST,W,,,,,,,38.05385086,-83.95624079,4.324,4/16/2023,1644,2,2,0,0,CLOUDY,DRY,FALSE,REAR END IN TRAFFIC LANES BOTH VEHICLES MOVING,REAR END,STRAIGHT & LEVEL,DAYLIGHT,,,45056.76572,FALSE,159,Accepted,5,5,O,,INATTENTION,
31612460,0870100,MT. STERLING POLICE DEPARTMENT,Accepted,MONTGOMERY,KY0686,,INDIAN MOUND,DR,,,VANCE,,,,,38.07365254,-83.95121634,0.169,4/7/2023,1458,2,2,0,0,CLEAR,DRY,FALSE,ANGLE COLLISION - OTHER,ANGLE,STRAIGHT & LEVEL,DAYLIGHT,,,45056.76597,FALSE,155,Accepted,5,5,O,,FAILED TO YIELD RIGHT OF WAY,
31616202,0870000,MONTGOMERY CTY SHERIFF DEPT,Accepted,MONTGOMERY,,,CLARENCE,DR,,US0060,OWINGSVILLE,,,,,38.09257945,-83.89767173,0.001,5/10/2023,1718,2,2,0,0,CLEAR,DRY,FALSE,OTHER INTERSECTION COLLISIONS,REAR END,STRAIGHT & LEVEL,DAYLIGHT,,,45057.57262,FALSE,245,Accepted,5,5,O,,INATTENTION,
31620986,0870100,MT. STERLING POLICE DEPARTMENT,Accepted,MONTGOMERY,KY0686,,INDIAN MOUND,DR,,US0060,MAIN,,,,,38.05378293,-83.95625001,1.661,5/10/2023,1625,2,2,0,0,CLEAR,DRY,FALSE,OTHER INTERSECTION COLLISIONS,REAR END,STRAIGHT & LEVEL,DAYLIGHT,,,45058.61911,FALSE,120,Accepted,5,5,O,,INATTENTION,
31635821,0870000,MONTGOMERY CTY SHERIFF DEPT,Accepted,MONTGOMERY,US0460,4642,MAIN,ST,,,,,,,,37.97959225,-83.86014831,16.888,5/12/2023,1956,1,1,0,2,CLOUDY,DRY,FALSE,COLLISION WITH FIXED OBJECT NON - INTERSECTION - FIRST EVENT COLLISION 09 - 32 EXCLUDING 16,SINGLE VEHICLE,STRAIGHT & LEVEL,DUSK,,,45062.44826,FALSE,252,Accepted,4,4,C,,,
31635825,0870000,MONTGOMERY CTY SHERIFF DEPT,Accepted,MONTGOMERY,,,STEPSTONE,RD,,,,,,,,38.08728928,-83.82930829,4.039,5/13/2023,1328,1,1,0,0,CLOUDY,DRY,FALSE,RAN OFF ROADWAY (1 VEHICLE WITH/EARTH EMBANKMENT/DITCH),SINGLE VEHICLE,CURVE & LEVEL,DAYLIGHT,,,45062.44864,FALSE,226,Accepted,5,5,O,,INATTENTION,
31635830,0870000,MONTGOMERY CTY SHERIFF DEPT,Accepted,MONTGOMERY,KY1331,,HOWARDS MILL,RD,,,,,,,,38.06386562,-83.84712696,3.511,5/1/2023,1400,1,1,0,0,CLEAR,DRY,TRUE,COLLISION WITH FIXED OBJECT NON - INTERSECTION - FIRST EVENT COLLISION 09 - 32 EXCLUDING 16,SINGLE VEHICLE,STRAIGHT & LEVEL,DAYLIGHT,,,45062.44893,FALSE,231,Accepted,5,5,O,,"INATTENTION, MISJUDGE CLEARANCE",
31635845,0870000,MONTGOMERY CTY SHERIFF DEPT,Accepted,MONTGOMERY,KY1050,1515,KY1050,,,,,,,,,37.9674138,-83.82830623,7.031,5/14/2023,953,2,2,0,0,CLOUDY,DRY,FALSE,VEHICLE BACKING NON INTERSECTION,BACKING,STRAIGHT & LEVEL,DAYLIGHT,,,45062.44988,FALSE,228,Accepted,5,5,O,,FAILED TO YIELD RIGHT OF WAY,
31635874,KSP0800,"KY STATE POLICE, POST 08",Accepted,MONTGOMERY,KY0213,,BEDFORD,RD,,,,,,,,38.01859872,-83.82484043,8.806,5/14/2023,1827,1,1,0,1,CLEAR,DRY,FALSE,OTHER ROADWAY OR MID-BLOCK COLLISION,SINGLE VEHICLE,STRAIGHT & LEVEL,DAYLIGHT,,,45062.4567,FALSE,370,Accepted,5,3,B,,"DRUG INVOLVEMENT, FELL ASLEEP",
31636056,0870000,MONTGOMERY CTY SHERIFF DEPT,Accepted,MONTGOMERY,US0060,,OWINGSVILLE,RD,,,,,,,,38.08903868,-83.89830994,8.695,5/13/2023,546,1,1,0,0,RAINING,WET,FALSE,COLLISION WITH FIXED OBJECT NON - INTERSECTION - FIRST EVENT COLLISION 09 - 32 EXCLUDING 16,SINGLE VEHICLE,STRAIGHT & LEVEL,DARK-HWY LIGHTED/ON,,,45062.49126,FALSE,275,Accepted,5,5,O,SLIPPERY SURFACE,"INATTENTION, NOT UNDER PROPER CONTROL, TOO FAST FOR CONDITIONS",TIRES
31640783,0870000,MONTGOMERY CTY SHERIFF DEPT,Accepted,MONTGOMERY,KY0686,,INDIAN MOUND,DR,,,,,,,,38.07323634,-83.9178506,6.212,5/16/2023,1334,2,2,0,0,CLOUDY,DRY,FALSE,1 VEHICLE ENTERING/LEAVING ENTRANCE,ANGLE,STRAIGHT & GRADE,DAYLIGHT,,,45063.52529,FALSE,226,Accepted,5,5,O,,FAILED TO YIELD RIGHT OF WAY,
31640785,0870000,MONTGOMERY CTY SHERIFF DEPT,Accepted,MONTGOMERY,KY0011,3824,LEVEE,RD,,,,,,,,38.01457483,-83.95018088,7.418,5/17/2023,0,2,2,0,0,CLOUDY,DRY,TRUE,1 VEHICLE PARKED POSITION (NOT PARKING LOT/DRIVEWAY),SIDESWIPE-SAME DIRECTION,STRAIGHT & LEVEL,DARK-HWY NOT LIGHTED,,,45063.52549,FALSE,228,Accepted,5,5,O,,NOT UNDER PROPER CONTROL,
31640786,0870000,MONTGOMERY CTY SHERIFF DEPT,Accepted,MONTGOMERY,US0460,,CAMARGO,RD,,,,,,,,37.99076323,-83.88000742,15.524,5/17/2023,1012,2,2,0,1,CLOUDY,DRY,FALSE,1 VEHICLE ENTERING/LEAVING ENTRANCE,ANGLE,STRAIGHT & LEVEL,DAYLIGHT,,,45063.52561,FALSE,228,Accepted,5,4,C,,,
31642555,0870100,MT. STERLING POLICE DEPARTMENT,Accepted,MONTGOMERY,,,WOODFORD,DR,,KY0011,LEVEE,,,,,38.04654541,-83.94398814,0.004,5/10/2023,807,2,2,0,0,CLEAR,DRY,FALSE,OTHER INTERSECTION COLLISIONS,REAR END,STRAIGHT & GRADE,DAYLIGHT,,,45063.76109,FALSE,128,Accepted,5,5,O,,INATTENTION,
31642558,0870100,MT. STERLING POLICE DEPARTMENT,Accepted,MONTGOMERY,US0460,,MAYSVILLE,ST,N,,,,,,,38.06542413,-83.94519706,8.908,5/16/2023,1753,2,2,0,0,RAINING,WET,FALSE,OTHER ROADWAY OR MID-BLOCK COLLISION,REAR END,STRAIGHT & HILLCREST,DAYLIGHT,,,45063.76127,FALSE,155,Accepted,5,5,O,"SLIPPERY SURFACE, WATER POOLING",,
31647726,0870100,MT. STERLING POLICE DEPARTMENT,Accepted,MONTGOMERY,KY0686,,INDIAN MOUND,DR,,,REESE,,,,,38.06740808,-83.9551355,0.726,5/16/2023,1736,2,2,0,0,CLEAR,DRY,TRUE,ANGLE COLLISION - OTHER,ANGLE,CURVE & LEVEL,DAYLIGHT,,,45064.75047,FALSE,158,Accepted,5,5,O,,ALCOHOL INVOLVEMENT,
31648764,0870100,MT. STERLING POLICE DEPARTMENT,Accepted,MONTGOMERY,US0460,513,MAYSVILLE,ST,N,,,,TERRY,,CULPEPPER,38.0689039,-83.94626939,8.661,5/14/2023,1911,1,1,0,1,CLEAR,DRY,FALSE,OTHER ROADWAY OR MID-BLOCK COLLISION,SINGLE VEHICLE,STRAIGHT & LEVEL,DAYLIGHT,,,45065.00227,FALSE,121,Accepted,5,3,B,,,"BRAKES DEFECTIVE, OTHER"
31661296,0870000,MONTGOMERY CTY SHERIFF DEPT,Accepted,MONTGOMERY,US0060,,WINCHESTER,RD,,,,,,,,38.04931745,-83.97732674,3.105,5/10/2023,538,2,2,0,0,CLEAR,DRY,TRUE,1 VEHICLE ENTERING/LEAVING ENTRANCE,ANGLE,STRAIGHT & LEVEL,DARK-HWY LIGHTED/ON,,,45068.54085,FALSE,248,Accepted,5,5,O,,DISREGARD TRAFFIC CONTROL,
31661298,0870000,MONTGOMERY CTY SHERIFF DEPT,Accepted,MONTGOMERY,KY0213,,KY213,,,,,,,,,37.96788823,-83.85822984,4.62,5/14/2023,1750,1,1,1,0,CLEAR,DRY,FALSE,COLLISION WITH FIXED OBJECT NON - INTERSECTION - FIRST EVENT COLLISION 09 - 32 EXCLUDING 16,SINGLE VEHICLE,CURVE & LEVEL,DAYLIGHT,,,45068.54093,FALSE,292,Accepted,5,1,K,,NOT UNDER PROPER CONTROL,
31661299,0870000,MONTGOMERY CTY SHERIFF DEPT,Accepted,MONTGOMERY,,,FOGG,PIKE,,,HELENA,,,,,38.03564863,-83.9707631,1.41,5/18/2023,1701,2,2,0,0,CLEAR,DRY,FALSE,REAR END - ONE VEHICLE TURNING RIGHT,REAR END,CURVE & LEVEL,DAYLIGHT,,,45068.541,FALSE,249,Accepted,5,5,O,,DISTRACTION,
31662042,0870000,MONTGOMERY CTY SHERIFF DEPT,Accepted,MONTGOMERY,KY0713,,SPENCER,PIKE,,,,,,,,38.01639875,-83.77297517,17.033,5/21/2023,2150,2,2,0,0,CLEAR,DRY,TRUE,SIDESWIPE COLLISION - OPPOSITE DIRECTION,SIDESWIPE-OPPOSITE DIRECTION,STRAIGHT & LEVEL,DARK-HWY NOT LIGHTED,,,45068.64213,FALSE,284,Accepted,5,5,O,,,
31663111,0870100,MT. STERLING POLICE DEPARTMENT,Accepted,MONTGOMERY,US0460,,MAYSVILLE,ST,N,,,,,,,38.06553666,-83.94534406,8.897,5/22/2023,831,2,2,0,1,CLEAR,DRY,FALSE,1 VEHICLE ENTERING/LEAVING ENTRANCE,ANGLE,STRAIGHT & HILLCREST,DAYLIGHT,,,45068.81293,FALSE,157,Accepted,5,4,C,,INATTENTION,
31667033,0870100,MT. STERLING POLICE DEPARTMENT,Accepted,MONTGOMERY,US0060,,MAIN,ST,W,,BROADWAY,,,,,38.05649293,-83.94254053,5.08,5/19/2023,1514,2,2,0,0,CLEAR,DRY,TRUE,ANGLE COLLISION - ONE VEHICLE TURNING LEFT,ANGLE,STRAIGHT & LEVEL,DAYLIGHT,,,45069.62202,FALSE,154,Accepted,5,5,O,,FAILED TO YIELD RIGHT OF WAY,
31672391,0870100,MT. STERLING POLICE DEPARTMENT,Accepted,MONTGOMERY,,,SYCAMORE,ST,N,,,,,,,38.05737382,-83.94558563,0.411,5/23/2023,525,1,1,0,0,CLEAR,DRY,FALSE,COLLISION WITH FIXED OBJECT NON - INTERSECTION - FIRST EVENT COLLISION 09 - 32 EXCLUDING 16,SINGLE VEHICLE,STRAIGHT & GRADE,DARK-HWY LIGHTED/ON,,,45070.64427,FALSE,129,Accepted,5,5,O,,NOT UNDER PROPER CONTROL,
31693062,0870100,MT. STERLING POLICE DEPARTMENT,Accepted,MONTGOMERY,US0460,,APPERSON,HTS,,KY0011,LEVEE,,,,,38.05021154,-83.94151646,9.973,5/21/2023,915,2,2,0,0,CLEAR,DRY,FALSE,1 VEHICLE ENTERING/LEAVING ENTRANCE,ANGLE,STRAIGHT & LEVEL,DAYLIGHT,,,45075.84135,FALSE,152,Accepted,5,5,O,,DISREGARD TRAFFIC CONTROL,
31693064,0870100,MT. STERLING POLICE DEPARTMENT,Accepted,MONTGOMERY,US0460,,MAYSVILLE,ST,N,,,,,,,38.07559103,-83.94867731,8.181,5/11/2023,1505,2,2,0,0,CLEAR,DRY,FALSE,VEHICLE BACKING NON INTERSECTION,BACKING,STRAIGHT & LEVEL,DAYLIGHT,,,45075.84148,FALSE,161,Accepted,5,5,O,,INATTENTION,
31693065,0870100,MT. STERLING POLICE DEPARTMENT,Accepted,MONTGOMERY,KY0686,,INDIAN MOUND,DR,,,,,,,,38.07261014,-83.95391851,0.337,5/8/2023,1348,2,2,0,0,CLEAR,DRY,FALSE,SIDESWIPE COLLISION - SAME DIRECTION,SIDESWIPE-SAME DIRECTION,CURVE & LEVEL,DAYLIGHT,,,45075.84156,FALSE,161,Accepted,5,5,O,ANIMALS ACTION,"DISTRACTION, FAILED TO KEEP PROPER LANE",
31697151,0870000,MONTGOMERY CTY SHERIFF DEPT,Accepted,MONTGOMERY,US0460,,CAMARGO,RD,,,ESTES,,,,,37.99948403,-83.89734006,14.364,5/21/2023,1427,2,2,0,1,CLEAR,DRY,FALSE,ANGLE COLLISION - OTHER,ANGLE,STRAIGHT & LEVEL,DAYLIGHT,,,45076.47359,FALSE,228,Accepted,5,4,C,,FAILED TO YIELD RIGHT OF WAY,
31697152,0870000,MONTGOMERY CTY SHERIFF DEPT,Accepted,MONTGOMERY,KY0686,,INDIAN MOUND,DR,,,,,,,,38.06441232,-83.91386119,5.562,5/22/2023,1619,1,1,0,0,CLEAR,DRY,FALSE,COLLISION WITH FIXED OBJECT NON - INTERSECTION - FIRST EVENT COLLISION 09 - 32 EXCLUDING 16,SINGLE VEHICLE,STRAIGHT & LEVEL,DAYLIGHT,,,45076.47366,FALSE,249,Accepted,5,5,O,,OTHER,
31697153,0870000,MONTGOMERY CTY SHERIFF DEPT,Accepted,MONTGOMERY,KY0011,,LEVEE,RD,,,OLD KY 11,,,,,37.95548191,-83.93824602,2.967,5/22/2023,1652,2,2,0,1,CLEAR,DRY,FALSE,OTHER INTERSECTION COLLISIONS,REAR END,STRAIGHT & LEVEL,DAYLIGHT,,,45076.47374,FALSE,249,Accepted,3,3,B,,INATTENTION,BRAKES DEFECTIVE
31697163,0870000,MONTGOMERY CTY SHERIFF DEPT,Accepted,MONTGOMERY,KY0011,1004,LEVEE,RD,,,,,,,,38.03868414,-83.94930598,9.075,5/23/2023,1730,2,2,0,1,CLEAR,DRY,FALSE,1 VEHICLE ENTERING/LEAVING ENTRANCE,ANGLE,STRAIGHT & LEVEL,DAYLIGHT,,,45076.47406,FALSE,245,Accepted,5,3,B,,FAILED TO YIELD RIGHT OF WAY,
31697333,0870000,MONTGOMERY CTY SHERIFF DEPT,Accepted,MONTGOMERY,US0460,,CAMARGO,RD,,,,,,,,37.99340594,-83.8860552,15.143,5/22/2023,1639,3,3,0,1,CLEAR,DRY,FALSE,HEAD-ON COLLISION,HEAD ON,STRAIGHT & LEVEL,DAYLIGHT,,,45076.5091,FALSE,284,Accepted,5,2,A,,INATTENTION,
31697337,0870000,MONTGOMERY CTY SHERIFF DEPT,Accepted,MONTGOMERY,,,CADENCE BRANCH,DR,,,,,,,,38.07489214,-83.89944844,0.08,5/23/2023,1902,2,2,0,0,CLEAR,DRY,FALSE,1 VEHICLE PARKED POSITION (NOT PARKING LOT/DRIVEWAY),BACKING,STRAIGHT & HILLCREST,DAYLIGHT,,,45076.50922,FALSE,284,Accepted,5,5,O,,INATTENTION,
31697341,0870000,MONTGOMERY CTY SHERIFF DEPT,Accepted,MONTGOMERY,KY0011,,LEVEE,RD,,,,,,,,37.94738359,-83.93223746,2.311,5/25/2023,1418,2,2,0,2,CLEAR,DRY,FALSE,HEAD-ON COLLISION,HEAD ON,STRAIGHT & GRADE,DAYLIGHT,,,45076.50935,FALSE,226,Accepted,5,4,C,,"FAILED TO YIELD RIGHT OF WAY, NOT UNDER PROPER CONTROL",
31697343,0870000,MONTGOMERY CTY SHERIFF DEPT,Accepted,MONTGOMERY,KY1050,,KY1050,,,,,,,,,37.9528652,-83.82219674,5.891,5/26/2023,1024,2,2,0,0,CLEAR,DRY,FALSE,SIDESWIPE COLLISION - OPPOSITE DIRECTION,SIDESWIPE-OPPOSITE DIRECTION,STRAIGHT & LEVEL,DAYLIGHT,,,45076.50943,FALSE,226,Accepted,5,5,O,,FAILED TO KEEP PROPER LANE,
31697345,0870000,MONTGOMERY CTY SHERIFF DEPT,Accepted,MONTGOMERY,KY0646,2750,NEST EGG,RD,,,,,,,,37.96040014,-83.97816433,7.176,5/28/2023,1217,1,1,0,0,RAINING,WET,FALSE,RAN OFF ROADWAY (1 VEHICLE WITH/EARTH EMBANKMENT/DITCH),SINGLE VEHICLE,CURVE & GRADE,DAYLIGHT,,,45076.50967,FALSE,252,Accepted,5,5,O,,,
31704997,0870000,MONTGOMERY CTY SHERIFF DEPT,Accepted,MONTGOMERY,US0460,,CAMARGO,RD,,,,,,,,37.99502065,-83.89016865,14.888,5/27/2023,1528,2,1,1,0,CLEAR,DRY,FALSE,COLLISION WITH PEDESTRIAN NON - INTERSECTION,SINGLE VEHICLE,STRAIGHT & LEVEL,DAYLIGHT,,,45077.71585,FALSE,292,Accepted,5,1,K,,,"OTHER, WINDOWS, WINDSHIELD"
31705011,0870000,MONTGOMERY CTY SHERIFF DEPT,Accepted,MONTGOMERY,US0060,,WINCHESTER,RD,,,,,,,,38.05364123,-83.95840342,4.196,5/17/2023,1602,2,2,0,0,CLEAR,DRY,FALSE,OTHER ROADWAY OR MID-BLOCK COLLISION,REAR END,STRAIGHT & HILLCREST,DAYLIGHT,,,45077.71622,FALSE,284,Accepted,5,5,O,,INATTENTION,
31714542,0870000,MONTGOMERY CTY SHERIFF DEPT,Accepted,MONTGOMERY,KY0646,,KIDDVILLE,RD,,,,,,,,37.99797986,-83.96803768,10.346,6/1/2023,1258,2,2,0,0,CLEAR,DRY,FALSE,SIDESWIPE COLLISION - OPPOSITE DIRECTION,SIDESWIPE-OPPOSITE DIRECTION,CURVE & GRADE,DAYLIGHT,,,45079.69035,FALSE,226,Accepted,5,5,O,,"FAILED TO KEEP PROPER LANE, OTHER",
31717845,0870100,MT. STERLING POLICE DEPARTMENT,Accepted,MONTGOMERY,US0460,,MAYSVILLE,ST,N,,,,,,,38.05704091,-83.9422922,9.514,6/1/2023,1421,2,2,0,0,CLEAR,DRY,FALSE,REAR END IN TRAFFIC LANES BOTH VEHICLES MOVING,REAR END,STRAIGHT & LEVEL,DAYLIGHT,,,45080.69904,FALSE,161,Accepted,5,5,O,,INATTENTION,
31717847,0870100,MT. STERLING POLICE DEPARTMENT,Accepted,MONTGOMERY,,,WHITE TURLEY,RD,,,,,,,,38.09267632,-84.06007983,0.077,5/26/2023,1245,2,2,0,0,CLEAR,DRY,TRUE,SIDESWIPE COLLISION - OPPOSITE DIRECTION,SIDESWIPE-OPPOSITE DIRECTION,STRAIGHT & LEVEL,DAYLIGHT,,,45080.69912,FALSE,152,Accepted,5,5,O,,,
31717848,0870100,MT. STERLING POLICE DEPARTMENT,Accepted,MONTGOMERY,KY0011,,LEVEE,RD,,KY0686,INDIAN MOUND,,,,,38.04147122,-83.94747991,9.241,5/25/2023,800,2,2,0,1,CLEAR,DRY,FALSE,ANGLE COLLISION - OTHER,ANGLE,STRAIGHT & LEVEL,DAYLIGHT,,,45080.69916,FALSE,157,Accepted,4,4,C,,"DISREGARD TRAFFIC CONTROL, DRUG INVOLVEMENT",
31721061,0870100,MT. STERLING POLICE DEPARTMENT,Accepted,MONTGOMERY,US0460,,MAYSVILLE,ST,N,,,,,,,38.07365379,-83.94798892,8.261,6/3/2023,1230,2,2,0,0,CLEAR,DRY,TRUE,1 VEHICLE PARKED POSITION (NOT PARKING LOT/DRIVEWAY),REAR END,STRAIGHT & LEVEL,DAYLIGHT,,,45081.7846,FALSE,149,Accepted,5,5,O,,INATTENTION,
31721064,0870100,MT. STERLING POLICE DEPARTMENT,Accepted,MONTGOMERY,,,SPRING,ST,,,RICHMOND,,,,,38.05123254,-83.94805921,0.467,6/4/2023,1100,1,1,0,0,CLEAR,DRY,TRUE,OTHER INTERSECTION COLLISIONS,SINGLE VEHICLE,STRAIGHT & LEVEL,DAYLIGHT,,,45081.78482,FALSE,157,Accepted,5,5,O,,,
31726566,0870100,MT. STERLING POLICE DEPARTMENT,Accepted,MONTGOMERY,US0060,,MAIN,ST,E,,,,,,,38.05963963,-83.93332106,5.672,6/5/2023,1251,2,2,0,2,CLEAR,DRY,FALSE,1 VEHICLE ENTERING/LEAVING ENTRANCE,ANGLE,STRAIGHT & LEVEL,DAYLIGHT,,,45082.76041,FALSE,149,Accepted,5,3,B,,INATTENTION,