IncidentID,AgencyORI,AgencyName,IncidentStatusDesc,County,RdwyNumber,Street,RoadwayName,StreetSfx,StreetDir,IntersectionRdwy,IntersectionRdwyName,BetweenStRdwy1,BetweenStRdwyName1,BetweenStRdwy2,BetweenStRdwyName2,Latitude,Longitude,Milepoint,CollisionDate,CollisionTime,UnitsInvolved,MotorVehiclesInvolved,NumberKilled,NumberInjured,Weather,RdwyConditionCode,HitandRun,DirAnalysisCode,MannerofCollision,RdwyCharacter,LightCondition,RampFromRdwyId,RampToRdwyId,AcceptedDate,IsSecondaryCollision,OwnerBadge,IncidentStatus,InjurySeverityCde,KABCO Code,KABCO,Environmental_Factors,Human_Factors,Vehicular_Factors
31731990,0870000,MONTGOMERY CTY SHERIFF DEPT,Accepted,MONTGOMERY,US0060,,WINCHESTER,RD,,,,,,,,38.04692001,-83.98182427,2.816,6/1/2023,1028,2,2,0,0,CLEAR,DRY,FALSE,1 VEHICLE ENTERING/LEAVING ENTRANCE,ANGLE,CURVE & GRADE,DAYLIGHT,,,45083.88235,FALSE,292,Accepted,5,5,O,,INATTENTION,
31731992,0870000,MONTGOMERY CTY SHERIFF DEPT,Accepted,MONTGOMERY,US0460,4115,CAMARGO,RD,,,,,,,,37.99777781,-83.89527921,14.534,6/2/2023,1647,2,2,0,1,CLEAR,DRY,FALSE,1 VEHICLE ENTERING/LEAVING ENTRANCE,ANGLE,STRAIGHT & LEVEL,DAYLIGHT,,,45083.88245,FALSE,245,Accepted,4,4,C,"NON-HIGHWAY WORK: WORK ZONE (Utility, Tree, etc.)",INATTENTION,
31731998,0870000,MONTGOMERY CTY SHERIFF DEPT,Accepted,MONTGOMERY,US0060,,OWINGSVILLE,RD,,,,,,,,38.08363383,-83.90087412,8.304,5/29/2023,1859,1,1,0,0,CLOUDY,WET,FALSE,RAN OFF ROADWAY (1 VEHICLE WITH/EARTH EMBANKMENT/DITCH),SINGLE VEHICLE,STRAIGHT & LEVEL,DAYLIGHT,,,45083.88274,FALSE,284,Accepted,5,5,O,,TOO FAST FOR CONDITIONS,
31732000,0870000,MONTGOMERY CTY SHERIFF DEPT,Accepted,MONTGOMERY,KY0713,5641,SPENCER,PIKE,,,,,,,,38.02916306,-83.85087689,12.117,6/4/2023,25,2,2,0,1,CLEAR,DRY,FALSE,HEAD-ON COLLISION,HEAD ON,STRAIGHT & LEVEL,DARK-HWY NOT LIGHTED,,,45083.88286,FALSE,231,Accepted,5,4,C,,"EXCEEDED STATED SPEED LIMIT, FAILED TO KEEP PROPER LANE, NOT UNDER PROPER CONTROL",
31732002,0870000,MONTGOMERY CTY SHERIFF DEPT,Accepted,MONTGOMERY,KY1331,,HOWARDS MILL,RD,,,HARPERS RIDGE,,,,,38.06550302,-83.85836227,2.852,6/2/2023,2328,1,1,0,4,CLEAR,DRY,FALSE,COLLISION WITH FIXED OBJECT IN INTERSECTION - FIRST EVENT COLLISION 09 - 32,SINGLE VEHICLE,CURVE & LEVEL,DARK-HWY NOT LIGHTED,,,45083.88476,FALSE,245,Accepted,5,2,A,SHOULDERS DEFECTIVE/DROP-OFF,NOT UNDER PROPER CONTROL,
31746463,0870000,MONTGOMERY CTY SHERIFF DEPT,Accepted,MONTGOMERY,US0060,,OWINGSVILLE,RD,,,,,,,,38.08620808,-83.89960616,8.495,6/5/2023,2242,2,2,0,0,CLEAR,DRY,TRUE,1 VEHICLE PARKED POSITION (NOT PARKING LOT/DRIVEWAY),BACKING,STRAIGHT & LEVEL,DARK-HWY LIGHTED/ON,,,45086.72217,FALSE,284,Accepted,5,5,O,,,
31746465,0870000,MONTGOMERY CTY SHERIFF DEPT,Accepted,MONTGOMERY,US0060,,OWINGSVILLE,RD,,,,,,,,38.12956963,-83.87646865,11.94,6/7/2023,549,1,1,0,0,RAINING,WET,FALSE,RAN OFF ROADWAY (1 VEHICLE WITH/EARTH EMBANKMENT/DITCH),SINGLE VEHICLE,CURVE & GRADE,DAWN,,,45086.72224,FALSE,248,Accepted,5,5,O,SLIPPERY SURFACE,NOT UNDER PROPER CONTROL,
31749497,0870100,MT. STERLING POLICE DEPARTMENT,Accepted,MONTGOMERY,US0460,,MAYSVILLE,ST,N,US0060,MAIN,,,,,38.05644471,-83.94205922,9.547,6/9/2023,1820,2,2,0,0,CLEAR,DRY,FALSE,OTHER INTERSECTION COLLISIONS,REAR END,STRAIGHT & LEVEL,DAYLIGHT,,,45087.84778,FALSE,121,Accepted,5,5,O,,INATTENTION,OTHER
31754149,0870100,MT. STERLING POLICE DEPARTMENT,Accepted,MONTGOMERY,KY0011,,LEVEE,RD,,KY0686,INDIAN MOUND,,,,,38.04105019,-83.94793972,9.232,5/7/2023,2300,2,2,0,0,CLOUDY,DRY,TRUE,OTHER INTERSECTION COLLISIONS,REAR END,STRAIGHT & LEVEL,DARK-HWY LIGHTED/ON,,,45089.37429,FALSE,129,Accepted,5,5,O,,,
31754183,0870000,MONTGOMERY CTY SHERIFF DEPT,Accepted,MONTGOMERY,,,MCCORMICK,RD,,,,,,,,38.01388849,-83.8674437,0.766,6/3/2023,1840,2,2,0,0,CLEAR,DRY,FALSE,SIDESWIPE COLLISION - OPPOSITE DIRECTION,SIDESWIPE-OPPOSITE DIRECTION,CURVE & LEVEL,DAYLIGHT,,,45089.37708,FALSE,238,Accepted,5,5,O,,DISTRACTION,
31754189,0870000,MONTGOMERY CTY SHERIFF DEPT,Accepted,MONTGOMERY,US0460,,MAIN,ST,,,COMPTON,,,,,37.97418466,-83.84393181,17.821,6/11/2023,1735,2,2,0,0,RAINING,WET,FALSE,SIDESWIPE-SAME DIRECTION,SIDESWIPE-SAME DIRECTION,STRAIGHT & LEVEL,DAYLIGHT,,,45089.37742,FALSE,249,Accepted,5,5,O,,FAILED TO YIELD RIGHT OF WAY,
31765483,0870100,MT. STERLING POLICE DEPARTMENT,Accepted,MONTGOMERY,KY0686,810,INDIAN MOUND,DR,,,,,,,,38.059883,-83.95567908,1.237,6/13/2023,1839,2,2,0,0,CLEAR,DRY,FALSE,1 VEHICLE ENTERING/LEAVING ENTRANCE,ANGLE,STRAIGHT & LEVEL,DAYLIGHT,,,45091.4661,FALSE,155,Accepted,5,5,O,,FAILED TO YIELD RIGHT OF WAY,
31765489,0870100,MT. STERLING POLICE DEPARTMENT,Accepted,MONTGOMERY,KY0686,,INDIAN MOUND,DR,,US0060,WINCHESTER,,,,,38.05384851,-83.95650068,1.657,6/12/2023,1056,2,2,0,0,CLEAR,DRY,FALSE,OTHER INTERSECTION COLLISIONS,REAR END,STRAIGHT & LEVEL,DAYLIGHT,,,45091.46655,FALSE,161,Accepted,5,5,O,,INATTENTION,
31776874,0870100,MT. STERLING POLICE DEPARTMENT,Accepted,MONTGOMERY,,,REESE,WAY,,,,,,,,38.06729168,-83.95388279,0.072,6/16/2023,1226,2,2,0,0,CLEAR,DRY,FALSE,REAR END IN TRAFFIC LANES BOTH VEHICLES MOVING,REAR END,STRAIGHT & LEVEL,DAYLIGHT,,,45093.7297,FALSE,159,Accepted,5,5,O,,INATTENTION,
31787562,0870100,MT. STERLING POLICE DEPARTMENT,Accepted,MONTGOMERY,,211,MITCHELL,ST,,,,,,,,38.06184517,-83.93969876,0.056,6/18/2023,1546,2,2,0,0,CLEAR,DRY,FALSE,1 VEHICLE PARKED POSITION (NOT PARKING LOT/DRIVEWAY),BACKING,STRAIGHT & LEVEL,DAYLIGHT,,,45096.66485,FALSE,120,Accepted,5,5,O,,"IMPROPER BACKING, INATTENTION",
31787563,0870100,MT. STERLING POLICE DEPARTMENT,Accepted,MONTGOMERY,KY0011,,LEVEE,RD,,KY0686,INDIAN MOUND,,,,,38.04107551,-83.94807744,9.2,6/19/2023,906,2,2,0,0,RAINING,WET,FALSE,ANGLE COLLISION - OTHER,ANGLE,STRAIGHT & LEVEL,DAYLIGHT,,,45096.66492,FALSE,159,Accepted,5,5,O,SLIPPERY SURFACE,FAILED TO YIELD RIGHT OF WAY,
31791836,0870100,MT. STERLING POLICE DEPARTMENT,Accepted,MONTGOMERY,US0460,,APPERSON,HTS,,,,,,,,38.05382314,-83.94258899,9.704,6/20/2023,120,1,1,0,0,CLOUDY,WET,FALSE,COLLISION WITH ANIMAL NON INTERSECTION,SINGLE VEHICLE,STRAIGHT & GRADE,DARK-HWY LIGHTED/ON,,,45097.60554,FALSE,129,Accepted,5,5,O,ANIMALS ACTION,,
31814604,0870100,MT. STERLING POLICE DEPARTMENT,Accepted,MONTGOMERY,KY0686,,INDIAN MOUND,DR,,,REESE,,,,,38.06733851,-83.95517416,0.721,6/22/2023,1740,3,3,0,5,RAINING,WET,FALSE,ANGLE COLLISION - OTHER,ANGLE,STRAIGHT & LEVEL,DAYLIGHT,,,45103.48496,FALSE,121,Accepted,5,2,A,,"DISREGARD TRAFFIC CONTROL, NOT UNDER PROPER CONTROL",
31825834,0870000,MONTGOMERY CTY SHERIFF DEPT,Accepted,MONTGOMERY,US0060,,OWINGSVILLE,RD,,,,,,,,38.07231791,-83.92502785,6.785,6/12/2023,1418,2,2,0,0,CLEAR,DRY,FALSE,HEAD-ON COLLISION,HEAD ON,CURVE & LEVEL,DAYLIGHT,,,45105.69123,FALSE,228,Accepted,5,5,O,,NOT UNDER PROPER CONTROL,
31825836,0870000,MONTGOMERY CTY SHERIFF DEPT,Accepted,MONTGOMERY,US0060,,OWINGSVILLE,RD,,,,,,,,38.08693351,-83.89922555,8.548,6/13/2023,556,2,2,0,0,CLEAR,DRY,FALSE,REAR END IN TRAFFIC LANES BOTH VEHICLES MOVING,REAR END,STRAIGHT & LEVEL,DAWN,,,45105.69162,FALSE,249,Accepted,5,5,O,,INATTENTION,
31838280,0870100,MT. STERLING POLICE DEPARTMENT,Accepted,MONTGOMERY,US0460,,CAMARGO,RD,,,,,,,,38.04161975,-83.93419763,10.695,6/24/2023,826,2,2,0,0,CLEAR,DRY,FALSE,OTHER ROADWAY OR MID-BLOCK COLLISION,REAR END,STRAIGHT & LEVEL,DAYLIGHT,,,45108.63535,FALSE,152,Accepted,5,5,O,,NOT UNDER PROPER CONTROL,
31839278,0870100,MT. STERLING POLICE DEPARTMENT,Accepted,MONTGOMERY,US0460,,MAYSVILLE,ST,N,,,,,,,38.07556341,-83.94885577,8.181,6/26/2023,1543,2,2,0,0,CLOUDY,DRY,FALSE,1 VEHICLE ENTERING/LEAVING ENTRANCE,ANGLE,STRAIGHT & LEVEL,DAYLIGHT,,,45108.91403,FALSE,159,Accepted,5,5,O,,INATTENTION,
31864697,0870100,MT. STERLING POLICE DEPARTMENT,Accepted,MONTGOMERY,KY0686,,INDIAN MOUND,DR,,,COMMONWEALTH,,,,,38.06734423,-83.95542387,0.721,7/4/2023,1439,2,2,0,0,RAINING,WET,FALSE,ANGLE COLLISION - OTHER,ANGLE,STRAIGHT & LEVEL,DAYLIGHT,,,45114.98829,FALSE,128,Accepted,5,5,O,SLIPPERY SURFACE,OTHER,
31864699,0870100,MT. STERLING POLICE DEPARTMENT,Accepted,MONTGOMERY,US0460,,CAMARGO,RD,,KY0686,INDIAN MOUND,,,,,38.04203391,-83.93431376,10.694,7/6/2023,1424,2,2,0,0,CLEAR,DRY,FALSE,OTHER INTERSECTION COLLISIONS,REAR END,STRAIGHT & LEVEL,DAYLIGHT,,,45114.98852,FALSE,162,Accepted,5,5,O,,DISTRACTION,
31864703,0870100,MT. STERLING POLICE DEPARTMENT,Accepted,MONTGOMERY,,,RICHMOND,AVE,,,,,,,,38.05439346,-83.94756535,0.032,7/3/2023,1100,2,2,0,0,RAINING,WET,FALSE,1 VEHICLE ENTERING/LEAVING ENTRANCE,ANGLE,CURVE & GRADE,DAYLIGHT,,,45114.98882,FALSE,149,Accepted,5,5,O,,"INATTENTION, MISJUDGE CLEARANCE",
31869253,0870100,MT. STERLING POLICE DEPARTMENT,Accepted,MONTGOMERY,US0460,,MAYSVILLE,ST,N,,,,,,,38.06516244,-83.94511145,8.927,7/9/2023,1546,2,2,0,0,CLOUDY,DRY,FALSE,VEHICLE BACKING NON INTERSECTION,BACKING,STRAIGHT & LEVEL,DAYLIGHT,,,45116.71382,FALSE,159,Accepted,5,5,O,,INATTENTION,
31879055,0870000,MONTGOMERY CTY SHERIFF DEPT,Accepted,MONTGOMERY,US0460,,MAIN,ST,,,,,,,,37.96381214,-83.80664368,19.996,6/13/2023,1429,2,2,0,0,CLEAR,DRY,FALSE,REAR END IN TRAFFIC LANES BOTH VEHICLES MOVING,REAR END,STRAIGHT & LEVEL,DAYLIGHT,,,45118.63936,FALSE,226,Accepted,5,5,O,,FAILED TO YIELD RIGHT OF WAY,
31879056,0870000,MONTGOMERY CTY SHERIFF DEPT,Accepted,MONTGOMERY,,,ROGERS MILL,RD,,,,,,,,38.1657284,-83.99259644,0.924,6/14/2023,1141,1,1,0,0,CLEAR,DRY,FALSE,COLLISION WITH FIXED OBJECT NON - INTERSECTION - FIRST EVENT COLLISION 09 - 32 EXCLUDING 16,SINGLE VEHICLE,STRAIGHT & LEVEL,DAYLIGHT,,,45118.63952,FALSE,226,Accepted,5,5,O,,INATTENTION,
31879067,0870000,MONTGOMERY CTY SHERIFF DEPT,Accepted,MONTGOMERY,US0460,,MAIN,ST,,,,,,,,37.96361337,-83.80380482,20.152,6/12/2023,1913,2,2,0,0,CLEAR,DRY,FALSE,1 VEHICLE ENTERING/LEAVING ENTRANCE,ANGLE,STRAIGHT & LEVEL,DAYLIGHT,,,45118.64057,FALSE,238,Accepted,5,5,O,,FAILED TO YIELD RIGHT OF WAY,
31879069,0870000,MONTGOMERY CTY SHERIFF DEPT,Accepted,MONTGOMERY,US0460,7936,MAIN STREET,,E,KY0213,MORRIS CREEK ROAD,,,,,37.97637856,-83.85099078,,6/4/2023,1754,2,2,1,2,CLEAR,DRY,FALSE,HEAD-ON COLLISION,HEAD ON,STRAIGHT & LEVEL,DAYLIGHT,,,45118.64085,FALSE,221,Accepted,5,1,K,,"ALCOHOL INVOLVEMENT, FAILED TO KEEP PROPER LANE, NOT UNDER PROPER CONTROL",
31879080,0870000,MONTGOMERY CTY SHERIFF DEPT,Accepted,MONTGOMERY,KY0213,,KY213,,,,,,,,,37.92455155,-83.8612241,1.448,6/15/2023,1146,1,1,0,0,CLEAR,DRY,FALSE,RAN OFF ROADWAY (1 VEHICLE WITH/EARTH EMBANKMENT/DITCH),SINGLE VEHICLE,CURVE & LEVEL,DAYLIGHT,,,45118.6419,FALSE,226,Accepted,5,5,O,,,
31879092,0870000,MONTGOMERY CTY SHERIFF DEPT,Accepted,MONTGOMERY,KY0646,2750,NEST EGG,RD,,,,,,,,37.96033278,-83.97807579,7.171,5/24/2023,1933,2,2,0,0,CLEAR,DRY,FALSE,HEAD-ON COLLISION,HEAD ON,CURVE & GRADE,DAYLIGHT,,,45118.64266,FALSE,245,Accepted,5,5,O,,,
31879094,0870000,MONTGOMERY CTY SHERIFF DEPT,Accepted,MONTGOMERY,KY0713,,GRASSY LICK,RD,,,,,,,,38.08095922,-84.0174117,1.837,6/16/2023,2206,1,1,0,0,CLEAR,DRY,FALSE,COLLISION WITH FIXED OBJECT NON - INTERSECTION - FIRST EVENT COLLISION 09 - 32 EXCLUDING 16,SINGLE VEHICLE,CURVE & GRADE,DARK-HWY NOT LIGHTED,,,45118.6432,FALSE,284,Accepted,5,5,O,,,
31879100,0870000,MONTGOMERY CTY SHERIFF DEPT,Accepted,MONTGOMERY,US0460,,MAIN,ST,,,,,,,,37.9783291,-83.85688982,17.086,6/18/2023,1221,3,3,0,3,CLEAR,DRY,FALSE,OTHER ROADWAY OR MID-BLOCK COLLISION,OPPOSING LEFT TURN,STRAIGHT & LEVEL,DAYLIGHT,,,45118.64381,FALSE,228,Accepted,5,3,B,,FAILED TO YIELD RIGHT OF WAY,
31879107,0870000,MONTGOMERY CTY SHERIFF DEPT,Accepted,MONTGOMERY,,7451,CAMARGO LEVEE,RD,,,,,,,,37.95966408,-83.89425707,2.337,6/18/2023,2208,2,2,0,0,CLEAR,DRY,FALSE,COLLISION WITH FIXED OBJECT NON - INTERSECTION - FIRST EVENT COLLISION 09 - 32 EXCLUDING 16,SIDESWIPE-OPPOSITE DIRECTION,CURVE & GRADE,DARK-HWY NOT LIGHTED,,,45118.64398,FALSE,249,Accepted,5,5,O,,NOT UNDER PROPER CONTROL,TIRE FAILURE
31879114,0870000,MONTGOMERY CTY SHERIFF DEPT,Accepted,MONTGOMERY,KY0686,,INDIAN MOUND,DR,,,OLD OWINGSVILLE,,,,,38.0722821,-83.91724427,6.139,6/19/2023,1655,2,2,0,0,CLOUDY,WET,FALSE,OTHER INTERSECTION COLLISIONS,REAR END,STRAIGHT & LEVEL,DAYLIGHT,,,45118.6442,FALSE,249,Accepted,5,5,O,SLIPPERY SURFACE,OTHER,
31879128,0870000,MONTGOMERY CTY SHERIFF DEPT,Accepted,MONTGOMERY,KY1050,,KY1050,,,,,,,,,37.96126812,-83.82929489,6.598,6/21/2023,1053,1,1,0,1,CLOUDY,WET,FALSE,OTHER COLLISIONS ON SHOULDER,SINGLE VEHICLE,CURVE & LEVEL,DAYLIGHT,,,45118.64515,FALSE,226,Accepted,5,4,C,SLIPPERY SURFACE,NOT UNDER PROPER CONTROL,
31879137,0870000,MONTGOMERY CTY SHERIFF DEPT,Accepted,MONTGOMERY,KY0011,,MAYSVILLE,RD,,,FAIRFIELD,,,,,38.10034586,-83.95307797,10.899,6/22/2023,1716,2,2,0,1,RAINING,WET,FALSE,ANGLE COLLISION - ONE VEHICLE TURNING RIGHT,ANGLE,STRAIGHT & LEVEL,DAYLIGHT,,,45118.64559,FALSE,249,Accepted,5,3,B,SLIPPERY SURFACE,IMPROPER PASSING,
31879145,0870000,MONTGOMERY CTY SHERIFF DEPT,Accepted,MONTGOMERY,KY0011,,MAYSVILLE,RD,,,,,,,,38.13710849,-83.95743135,13.529,6/22/2023,734,1,1,0,0,CLOUDY,DRY,FALSE,COLLISION WITH ANIMAL NON INTERSECTION,SINGLE VEHICLE,STRAIGHT & LEVEL,DAWN,,,45118.64613,FALSE,228,Accepted,5,5,O,ANIMALS ACTION,,
31879150,0870000,MONTGOMERY CTY SHERIFF DEPT,Accepted,MONTGOMERY,,,CLARENCE,DR,,US0060,OWINGSVILLE,,,,,38.09259154,-83.89767074,0.001,6/21/2023,1710,2,2,0,0,CLEAR,DRY,FALSE,OTHER INTERSECTION COLLISIONS,REAR END,STRAIGHT & GRADE,DAYLIGHT,,,45118.64687,FALSE,238,Accepted,5,5,O,,"INATTENTION, MISJUDGE CLEARANCE",
31879155,0870000,MONTGOMERY CTY SHERIFF DEPT,Accepted,MONTGOMERY,US0060,,OWINGSVILLE,RD,,,QUISENBERRY,,,,,38.10816016,-83.89567297,10.035,6/25/2023,1143,2,2,0,1,CLOUDY,WET,FALSE,ANGLE COLLISION - OTHER,ANGLE,STRAIGHT & LEVEL,DAYLIGHT,,,45118.64721,FALSE,252,Accepted,5,4,C,,"INATTENTION, MISJUDGE CLEARANCE",
31879161,0870000,MONTGOMERY CTY SHERIFF DEPT,Accepted,MONTGOMERY,KY0713,4663,SPENCER,PIKE,,,,,,,,38.03250006,-83.88039276,,6/19/2023,929,1,1,0,1,RAINING,WET,FALSE,OTHER COLLISIONS ON SHOULDER,SINGLE VEHICLE,STRAIGHT & LEVEL,DAYLIGHT,,,45118.64753,FALSE,221,Accepted,5,3,B,SLIPPERY SURFACE,,
31879163,0870000,MONTGOMERY CTY SHERIFF DEPT,Accepted,MONTGOMERY,,,CAMARGO LEVEE,RD,,,,,,,,37.96024273,-83.8907353,,6/19/2023,1003,1,1,0,1,RAINING,WET,FALSE,OTHER COLLISIONS ON SHOULDER,SINGLE VEHICLE,CURVE & GRADE,DAYLIGHT,,,45118.64769,FALSE,221,Accepted,3,3,B,SLIPPERY SURFACE,,
31879176,0870000,MONTGOMERY CTY SHERIFF DEPT,Accepted,MONTGOMERY,US0460,,PARIS,RD,,,,,,,,38.1108994,-84.03553649,2.193,6/27/2023,1256,1,1,0,2,CLEAR,DRY,FALSE,RAN OFF ROADWAY (1 VEHICLE WITH/EARTH EMBANKMENT/DITCH),SINGLE VEHICLE,CURVE & GRADE,DAYLIGHT,,,45118.64864,FALSE,226,Accepted,4,4,C,OTHER,NOT UNDER PROPER CONTROL,
31879178,0870000,MONTGOMERY CTY SHERIFF DEPT,Accepted,MONTGOMERY,,,OLD OWINGSVILLE,RD,,KY0686,INDIAN MOUND,,,,,38.07152359,-83.91678564,1.092,6/25/2023,1830,2,2,0,0,CLEAR,DRY,FALSE,OTHER INTERSECTION COLLISIONS,REAR END,STRAIGHT & LEVEL,DAYLIGHT,,,45118.64885,FALSE,266,Accepted,5,5,O,,ALCOHOL INVOLVEMENT,
31879408,0870000,MONTGOMERY CTY SHERIFF DEPT,Accepted,MONTGOMERY,US0460,,CAMARGO,RD,,,,,,,,38.00794624,-83.90468414,13.633,6/17/2023,1102,2,1,0,0,CLEAR,DRY,FALSE,SIDESWIPE COLLISION - OPPOSITE DIRECTION,SIDESWIPE-OPPOSITE DIRECTION,STRAIGHT & GRADE,DAYLIGHT,,,45118.6423,FALSE,226,Accepted,5,5,O,,,OTHER
31904475,0870100,MT. STERLING POLICE DEPARTMENT,Accepted,MONTGOMERY,,,LOCUST,ST,W,,,,,,,38.05426183,-83.94620291,0.423,7/16/2023,1649,2,2,0,0,CLEAR,DRY,FALSE,1 VEHICLE ENTERING/LEAVING ENTRANCE,ANGLE,STRAIGHT & LEVEL,DAYLIGHT,,,45124.68247,FALSE,162,Accepted,5,5,O,,INATTENTION,
31904509,0870000,MONTGOMERY CTY SHERIFF DEPT,Accepted,MONTGOMERY,KY0686,,INDIAN MOUND,DR,,,,,,,,38.07159954,-83.91683626,6.087,6/13/2023,1609,2,2,0,1,CLEAR,DRY,FALSE,REAR END IN TRAFFIC LANES BOTH VEHICLES MOVING,REAR END,STRAIGHT & LEVEL,DAYLIGHT,,,45124.68909,FALSE,284,Accepted,5,3,B,,CELL PHONE,
31904510,0870000,MONTGOMERY CTY SHERIFF DEPT,Accepted,MONTGOMERY,KY0011,,LEVEE,RD,,,,,,,,37.98599515,-83.94034383,5.216,6/20/2023,1447,1,1,0,0,CLOUDY,DRY,FALSE,OTHER ROADWAY OR MID-BLOCK COLLISION,SINGLE VEHICLE,CURVE & LEVEL,DAYLIGHT,,,45124.68915,FALSE,226,Accepted,5,5,O,,,TIRE FAILURE
31904518,0870000,MONTGOMERY CTY SHERIFF DEPT,Accepted,MONTGOMERY,KY0011,,LEVEE,RD,,,,,,,,37.95571314,-83.93841173,2.986,6/28/2023,1242,2,2,0,0,CLEAR,DRY,FALSE,SIDESWIPE COLLISION - SAME DIRECTION,SIDESWIPE-SAME DIRECTION,STRAIGHT & GRADE,DAYLIGHT,,,45124.68975,FALSE,226,Accepted,5,5,O,,"FAILED TO YIELD RIGHT OF WAY, IMPROPER PASSING",
31904521,0870000,MONTGOMERY CTY SHERIFF DEPT,Accepted,MONTGOMERY,US0060,,OWINGSVILLE,RD,,,,,,,,38.09495351,-83.89911332,8.534,6/29/2023,1445,2,2,0,0,CLEAR,DRY,FALSE,1 VEHICLE PARKED POSITION (NOT PARKING LOT/DRIVEWAY),ANGLE,STRAIGHT & LEVEL,DAYLIGHT,,,45124.68988,FALSE,226,Accepted,5,5,O,,FAILED TO YIELD RIGHT OF WAY,
31904526,0870000,MONTGOMERY CTY SHERIFF DEPT,Accepted,MONTGOMERY,US0060,,OWINGSVILLE,RD,,,,,,,,38.12110448,-83.88192299,11.244,6/30/2023,530,1,1,0,0,RAINING,WET,FALSE,RAN OFF ROADWAY (1 VEHICLE WITH/EARTH EMBANKMENT/DITCH),SINGLE VEHICLE,STRAIGHT & GRADE,DARK-HWY NOT LIGHTED,,,45124.69011,FALSE,275,Accepted,5,5,O,WATER POOLING,"INATTENTION, NOT UNDER PROPER CONTROL, TOO FAST FOR CONDITIONS",
31904527,0870000,MONTGOMERY CTY SHERIFF DEPT,Accepted,MONTGOMERY,,,CAMARGO LEVEE,RD,,,WELCH,,,,,37.96220775,-83.88743741,1.915,7/1/2023,725,1,1,0,1,CLOUDY,WET,FALSE,COLLISION WITH FIXED OBJECT IN INTERSECTION - FIRST EVENT COLLISION 09 - 32,SINGLE VEHICLE,STRAIGHT & GRADE,DAYLIGHT,,,45124.69017,FALSE,275,Accepted,3,3,B,SLIPPERY SURFACE,"NOT UNDER PROPER CONTROL, TOO FAST FOR CONDITIONS",
31904528,0870000,MONTGOMERY CTY SHERIFF DEPT,Accepted,MONTGOMERY,US0060,2524,WINCHESTER,RD,,,,,,,,38.04674385,-83.98284507,2.76,7/2/2023,353,1,1,0,0,RAINING,WET,FALSE,COLLISION WITH FIXED OBJECT NON - INTERSECTION - FIRST EVENT COLLISION 09 - 32 EXCLUDING 16,SINGLE VEHICLE,STRAIGHT & LEVEL,DARK-HWY NOT LIGHTED,,,45124.69026,FALSE,275,Accepted,5,5,O,,OTHER,
31904530,0870000,MONTGOMERY CTY SHERIFF DEPT,Accepted,MONTGOMERY,KY0011,,LEVEE,RD,,,,,,,,37.93721923,-83.92597009,1.513,7/2/2023,1012,1,1,0,0,CLOUDY,WET,FALSE,RAN OFF ROADWAY (1 VEHICLE WITH/EARTH EMBANKMENT/DITCH),SINGLE VEHICLE,CURVE & LEVEL,DAYLIGHT,,,45124.69034,FALSE,228,Accepted,5,5,O,SLIPPERY SURFACE,,
31904533,0870000,MONTGOMERY CTY SHERIFF DEPT,Accepted,MONTGOMERY,KY0686,,INDIAN MOUND,DR,,KY0686,KY686 CROSSOVER,,,,,38.05527429,-83.95635988,1.556,7/3/2023,1400,3,3,0,2,CLOUDY,DRY,FALSE,ANGLE COLLISION - OTHER,ANGLE,STRAIGHT & LEVEL,DAYLIGHT,,,45124.69049,FALSE,228,Accepted,5,3,B,VIEW OBSTRUCTED/LIMITED DUE TO RDWY,,
31904540,0870000,MONTGOMERY CTY SHERIFF DEPT,Accepted,MONTGOMERY,,,FOXGLOVE,DR,,,,,,,,38.06547081,-83.95624524,0.041,7/5/2023,1722,2,2,0,0,CLEAR,DRY,FALSE,VEHICLE BACKING NON INTERSECTION,BACKING,STRAIGHT & LEVEL,DAYLIGHT,,,45124.69108,FALSE,284,Accepted,5,5,O,,INATTENTION,
31904541,0870000,MONTGOMERY CTY SHERIFF DEPT,Accepted,MONTGOMERY,KY0713,,SPENCER,PIKE,,,,,,,,38.02711091,-83.79783285,15.289,7/6/2023,1705,1,1,0,0,RAINING,WET,FALSE,OTHER ROADWAY OR MID-BLOCK COLLISION,SINGLE VEHICLE,CURVE & LEVEL,DAYLIGHT,,,45124.69115,FALSE,249,Accepted,5,5,O,SLIPPERY SURFACE,"NOT UNDER PROPER CONTROL, TOO FAST FOR CONDITIONS",
31904543,0870000,MONTGOMERY CTY SHERIFF DEPT,Accepted,MONTGOMERY,,,CAMARGO LEVEE,RD,,,,,,,,37.98879133,-83.8827916,0.379,7/4/2023,1005,1,1,0,0,CLOUDY,DRY,FALSE,COLLISION WITH FIXED OBJECT NON - INTERSECTION - FIRST EVENT COLLISION 09 - 32 EXCLUDING 16,SINGLE VEHICLE,CURVE & GRADE,DAYLIGHT,,,45124.69126,FALSE,228,Accepted,5,5,O,,,BRAKES DEFECTIVE