IncidentID,AgencyORI,AgencyName,IncidentStatusDesc,County,RdwyNumber,Street,RoadwayName,StreetSfx,StreetDir,IntersectionRdwy,IntersectionRdwyName,BetweenStRdwy1,BetweenStRdwyName1,BetweenStRdwy2,BetweenStRdwyName2,Latitude,Longitude,Milepoint,CollisionDate,CollisionTime,UnitsInvolved,MotorVehiclesInvolved,NumberKilled,NumberInjured,Weather,RdwyConditionCode,HitandRun,DirAnalysisCode,MannerofCollision,RdwyCharacter,LightCondition,RampFromRdwyId,RampToRdwyId,AcceptedDate,IsSecondaryCollision,OwnerBadge,IncidentStatus,InjurySeverityCde,KABCO Code,KABCO,Environmental_Factors,Human_Factors,Vehicular_Factors
31904545,0870000,MONTGOMERY CTY SHERIFF DEPT,Accepted,MONTGOMERY,KY0686,,INDIAN MOUND,DR,,,,,,,,38.07162272,-83.9167957,6.087,7/7/2023,1118,2,2,0,0,CLEAR,DRY,FALSE,1 VEHICLE ENTERING/LEAVING ENTRANCE,ANGLE,STRAIGHT & LEVEL,DAYLIGHT,,,45124.69139,FALSE,226,Accepted,5,5,O,,FAILED TO YIELD RIGHT OF WAY,
31904548,0870000,MONTGOMERY CTY SHERIFF DEPT,Accepted,MONTGOMERY,,,OLD OWINGSVILLE,RD,,,DOE RUN,,,,,38.07126975,-83.91864172,1.197,7/8/2023,1712,2,2,0,3,CLOUDY,DRY,FALSE,ANGLE COLLISION - OTHER,ANGLE,STRAIGHT & LEVEL,DAYLIGHT,,,45124.69153,FALSE,266,Accepted,5,3,B,,"INATTENTION, MISJUDGE CLEARANCE",
31908957,0870100,MT. STERLING POLICE DEPARTMENT,Accepted,MONTGOMERY,KY0686,,INDIAN MOUND,DR,,US0060,WINCHESTER,,,,,38.05414325,-83.95644567,1.658,7/17/2023,930,3,3,0,2,CLOUDY,DRY,FALSE,OTHER INTERSECTION COLLISIONS,REAR END,STRAIGHT & LEVEL,DAYLIGHT,,,45125.65112,FALSE,157,Accepted,4,4,C,,INATTENTION,
31915807,0870000,MONTGOMERY CTY SHERIFF DEPT,Accepted,MONTGOMERY,US0060,,OWINGSVILLE,RD,,,,,,,,38.08422313,-83.90055132,8.348,7/6/2023,538,1,1,0,0,CLEAR,DRY,FALSE,COLLISION WITH ANIMAL NON INTERSECTION,SINGLE VEHICLE,STRAIGHT & LEVEL,DARK (UNKNOWN ROADWAY LIGHTING),,,45127.22614,FALSE,248,Accepted,5,5,O,,,
31915812,0870000,MONTGOMERY CTY SHERIFF DEPT,Accepted,MONTGOMERY,,51,CLARENCE,DR,,,,,,,,38.09419719,-83.90056977,0.167,7/12/2023,1319,2,2,0,0,CLEAR,DRY,FALSE,1 VEHICLE PARKED POSITION (NOT PARKING LOT/DRIVEWAY),ANGLE,STRAIGHT & LEVEL,DAYLIGHT,,,45127.22629,FALSE,226,Accepted,5,5,O,,INATTENTION,
31915817,0870000,MONTGOMERY CTY SHERIFF DEPT,Accepted,MONTGOMERY,KY0713,3161,SPENCER,PIKE,,,,,,,,38.04248885,-83.89556082,9.268,7/10/2023,2053,1,1,1,0,CLEAR,DRY,FALSE,OTHER COLLISIONS ON SHOULDER,SINGLE VEHICLE,CURVE & LEVEL,DUSK,,,45127.22646,FALSE,249,Accepted,5,1,K,,NOT UNDER PROPER CONTROL,
31915818,0870000,MONTGOMERY CTY SHERIFF DEPT,Accepted,MONTGOMERY,KY0646,770,NEST EGG,RD,,,,,,,,37.9648285,-83.94866415,5.375,7/14/2023,801,1,1,0,0,CLEAR,DRY,FALSE,RAN OFF ROADWAY (1 VEHICLE WITH/EARTH EMBANKMENT/DITCH),SINGLE VEHICLE,STRAIGHT & LEVEL,DAYLIGHT,,,45127.22651,FALSE,231,Accepted,5,5,O,,,
31915819,0870000,MONTGOMERY CTY SHERIFF DEPT,Accepted,MONTGOMERY,US0460,4220,CAMARGO,RD,,,,,,,,37.99485623,-83.88968187,14.918,7/14/2023,1026,2,2,0,0,CLEAR,DRY,FALSE,1 VEHICLE ENTERING/LEAVING ENTRANCE,ANGLE,STRAIGHT & LEVEL,DAYLIGHT,,,45127.22657,FALSE,231,Accepted,5,5,O,,"FAILED TO YIELD RIGHT OF WAY, INATTENTION",
31915820,0870000,MONTGOMERY CTY SHERIFF DEPT,Accepted,MONTGOMERY,,6887,DONALDSON,RD,,,,,,,,38.10248336,-84.06877369,3.294,7/14/2023,641,2,2,0,1,CLEAR,DRY,TRUE,SIDESWIPE COLLISION - SAME DIRECTION,SIDESWIPE-SAME DIRECTION,STRAIGHT & LEVEL,DAWN,,,45127.22662,FALSE,266,Accepted,5,3,B,,,
31915823,0870000,MONTGOMERY CTY SHERIFF DEPT,Accepted,MONTGOMERY,,150,FAIRGROUND,RD,,,,,,,,38.08441214,-83.90409947,0.116,7/14/2023,2347,4,4,0,0,CLEAR,DRY,FALSE,COLLISION WITH FIXED OBJECT NON - INTERSECTION - FIRST EVENT COLLISION 09 - 32 EXCLUDING 16,ANGLE,STRAIGHT & LEVEL,DARK-HWY NOT LIGHTED,,,45127.22676,FALSE,266,Accepted,5,5,O,,MISJUDGE CLEARANCE,
31915825,0870000,MONTGOMERY CTY SHERIFF DEPT,Accepted,MONTGOMERY,KY0011,,LEVEE,RD,,,,,,,,38.022024,-83.94882552,7.943,7/16/2023,1512,2,2,0,0,CLEAR,DRY,FALSE,REAR END IN TRAFFIC LANES BOTH VEHICLES MOVING,REAR END,STRAIGHT & LEVEL,DAYLIGHT,,,45127.22685,FALSE,231,Accepted,5,5,O,,INATTENTION,
31916198,0870000,MONTGOMERY CTY SHERIFF DEPT,Accepted,MONTGOMERY,US0460,,CAMARGO,RD,,,COUNTRY HEIGHTS,,,,,38.03512501,-83.93087586,11.216,7/12/2023,2053,1,1,0,0,CLEAR,DRY,FALSE,COLLISION WITH ANIMAL IN INTERSECTION,SINGLE VEHICLE,STRAIGHT & LEVEL,DAYLIGHT,,,45127.28492,FALSE,245,Accepted,5,5,O,ANIMALS ACTION,,
31916201,0870000,MONTGOMERY CTY SHERIFF DEPT,Accepted,MONTGOMERY,,,MCCORMICK,RD,,,ROSE,,,,,37.99753506,-83.88693457,0.24,7/15/2023,1626,2,2,0,0,RAINING,WET,FALSE,OPPOSITE DIRECTION - BOTH VEHICLES GOING STRAIGHT AHEAD,SIDESWIPE-OPPOSITE DIRECTION,CURVE & LEVEL,DAYLIGHT,,,45127.28509,FALSE,245,Accepted,5,5,O,,"FAILED TO KEEP PROPER LANE, NOT UNDER PROPER CONTROL",
31916203,0870000,MONTGOMERY CTY SHERIFF DEPT,Accepted,MONTGOMERY,KY0646,1031,KIDDVILLE,RD,,,,,,,,38.00126885,-83.96454986,10.643,7/11/2023,1639,2,2,0,1,CLEAR,DRY,FALSE,1 VEHICLE ENTERING/LEAVING ENTRANCE,ANGLE,STRAIGHT & LEVEL,DAYLIGHT,,,45127.28519,FALSE,238,Accepted,5,4,C,,FAILED TO YIELD RIGHT OF WAY,
31916204,0870000,MONTGOMERY CTY SHERIFF DEPT,Accepted,MONTGOMERY,,,HARPERS RIDGE,RD,,,,,,,,38.02733607,-83.8355284,0.374,7/19/2023,1917,1,1,0,0,CLEAR,DRY,FALSE,RAN OFF ROADWAY (1 VEHICLE WITH/EARTH EMBANKMENT/DITCH),SINGLE VEHICLE,CURVE & LEVEL,DAYLIGHT,,,45127.28524,FALSE,245,Accepted,5,5,O,,NOT UNDER PROPER CONTROL,
31916206,0870000,MONTGOMERY CTY SHERIFF DEPT,Accepted,MONTGOMERY,US0060,,OWINGSVILLE,RD,,,,,,,,38.08704322,-83.89919412,8.544,7/15/2023,1752,1,1,0,1,RAINING,WET,FALSE,OTHER ROADWAY OR MID-BLOCK COLLISION,SINGLE VEHICLE,STRAIGHT & LEVEL,DAYLIGHT,,,45127.28532,FALSE,238,Accepted,2,2,A,SLIPPERY SURFACE,,
31918524,0870100,MT. STERLING POLICE DEPARTMENT,Accepted,MONTGOMERY,,,LARKSPUR,DR,,,MAGNOLIA,,,,,38.07067075,-83.9414066,0.123,7/20/2023,1145,2,2,0,0,CLEAR,DRY,FALSE,ANGLE COLLISION - ONE VEHICLE TURNING RIGHT,ANGLE,STRAIGHT & HILLCREST,DAYLIGHT,,,45127.64282,FALSE,157,Accepted,5,5,O,,INATTENTION,
31934182,0870000,MONTGOMERY CTY SHERIFF DEPT,Accepted,MONTGOMERY,KY0646,295,KIDDVILLE,RD,,,,,,,,38.00817116,-83.95172864,11.496,7/14/2023,1632,2,2,0,0,CLEAR,DRY,FALSE,VEHICLE BACKING NON INTERSECTION,BACKING,STRAIGHT & HILLCREST,DAYLIGHT,,,45131.7096,FALSE,245,Accepted,5,5,O,,INATTENTION,
31949499,0870100,MT. STERLING POLICE DEPARTMENT,Accepted,MONTGOMERY,,,VANCE,DR,,,EVANS,,,,,38.07545708,-83.95147954,0.129,7/25/2023,1801,2,2,0,0,CLEAR,DRY,FALSE,OTHER INTERSECTION COLLISIONS,REAR END,STRAIGHT & LEVEL,DAYLIGHT,,,45132.82232,FALSE,162,Accepted,5,5,O,,INATTENTION,
31968002,0870100,MT. STERLING POLICE DEPARTMENT,Accepted,MONTGOMERY,,,YOUNG,LN,,,,,,,,38.07431907,-83.95087402,0.315,6/12/2023,1830,2,2,0,0,CLEAR,DRY,FALSE,1 VEHICLE PARKED POSITION (NOT PARKING LOT/DRIVEWAY),SIDESWIPE-SAME DIRECTION,STRAIGHT & LEVEL,DAYLIGHT,,,45134.65211,FALSE,158,Accepted,5,5,O,OTHER,,
31968005,0870100,MT. STERLING POLICE DEPARTMENT,Accepted,MONTGOMERY,KY0686,,INDIAN MOUND,DR,,,,,,,,38.0598743,-83.95565855,1.237,6/17/2023,1312,2,2,0,0,CLEAR,DRY,FALSE,REAR END IN TRAFFIC LANES BOTH VEHICLES MOVING,REAR END,STRAIGHT & LEVEL,DAYLIGHT,,,45134.65225,FALSE,152,Accepted,5,5,O,,MISJUDGE CLEARANCE,
31968164,0870100,MT. STERLING POLICE DEPARTMENT,Accepted,MONTGOMERY,,,WILLOW,ST,,,,,,,,38.06228768,-83.93765853,0.326,7/26/2023,905,2,2,0,0,CLEAR,DRY,FALSE,1 VEHICLE PARKED POSITION (NOT PARKING LOT/DRIVEWAY),BACKING,CURVE & LEVEL,DAYLIGHT,,,45134.67357,FALSE,157,Accepted,5,5,O,,MISJUDGE CLEARANCE,
31978732,0870100,MT. STERLING POLICE DEPARTMENT,Accepted,MONTGOMERY,KY0686,808,INDIAN MOUND,DR,,,,,,,,38.06229132,-83.95490728,0.948,7/16/2023,1720,2,2,0,0,CLEAR,DRY,FALSE,REAR END IN TRAFFIC LANES BOTH VEHICLES MOVING,REAR END,STRAIGHT & LEVEL,DAYLIGHT,,,45137.78763,FALSE,161,Accepted,5,5,O,,INATTENTION,
31992774,0870000,MONTGOMERY CTY SHERIFF DEPT,Accepted,MONTGOMERY,,603,PREWITT,PIKE,,,,,,,,38.04124949,-83.9765563,0.577,7/15/2023,1626,2,2,0,0,RAINING,WET,FALSE,SIDESWIPE COLLISION - OPPOSITE DIRECTION,SIDESWIPE-OPPOSITE DIRECTION,STRAIGHT & LEVEL,DAYLIGHT,,,45140.53444,FALSE,238,Accepted,5,5,O,,INATTENTION,
32003070,0870100,MT. STERLING POLICE DEPARTMENT,Accepted,MONTGOMERY,,,FALCON,DR,,,WINGTIP,,,,,38.07565671,-83.94838334,0.003,6/16/2023,1811,2,2,0,0,CLEAR,DRY,FALSE,OTHER INTERSECTION COLLISIONS,REAR END,STRAIGHT & LEVEL,DAYLIGHT,,,45142.64452,FALSE,121,Accepted,5,5,O,,OTHER,
32003073,0870100,MT. STERLING POLICE DEPARTMENT,Accepted,MONTGOMERY,,,HIGH,ST,E,,,,,,,38.05814496,-83.93988078,0.147,7/26/2023,1031,1,1,0,0,CLEAR,DRY,TRUE,COLLISION WITH FIXED OBJECT NON - INTERSECTION - FIRST EVENT COLLISION 09 - 32 EXCLUDING 16,SINGLE VEHICLE,STRAIGHT & GRADE,DAYLIGHT,,,45142.64462,FALSE,128,Accepted,5,5,O,,DRUG INVOLVEMENT,
32003074,0870100,MT. STERLING POLICE DEPARTMENT,Accepted,MONTGOMERY,,17,WILLOW,ST,,,,,,,,38.05877601,-83.9369476,0.079,8/2/2023,1940,1,1,0,0,CLEAR,DRY,FALSE,COLLISION WITH FIXED OBJECT NON - INTERSECTION - FIRST EVENT COLLISION 09 - 32 EXCLUDING 16,SINGLE VEHICLE,STRAIGHT & LEVEL,DAYLIGHT,,,45142.6447,FALSE,144,Accepted,5,5,O,,"NOT UNDER PROPER CONTROL, TOO FAST FOR CONDITIONS",
32004878,0870000,MONTGOMERY CTY SHERIFF DEPT,Accepted,MONTGOMERY,US0060,2537,WINCHESTER,RD,,,,,,,,38.04683871,-83.98220716,2.795,7/20/2023,50,1,1,0,1,CLEAR,DRY,FALSE,COLLISION WITH FIXED OBJECT NON - INTERSECTION - FIRST EVENT COLLISION 09 - 32 EXCLUDING 16,SINGLE VEHICLE,CURVE & GRADE,DARK-HWY NOT LIGHTED,,,45143.12718,FALSE,232,Accepted,5,4,C,ANIMALS ACTION,OVERCORRECTING/OVERSTEERING,
32008714,0870100,MT. STERLING POLICE DEPARTMENT,Accepted,MONTGOMERY,,,MAGNOLIA,DR,N,,,,,,,38.07312053,-83.94086227,0.015,8/4/2023,2005,2,2,0,0,CLEAR,DRY,FALSE,1 VEHICLE PARKED POSITION (NOT PARKING LOT/DRIVEWAY),BACKING,STRAIGHT & GRADE,DUSK,,,45144.60846,FALSE,129,Accepted,5,5,O,,MISJUDGE CLEARANCE,
32014382,0870100,MT. STERLING POLICE DEPARTMENT,Accepted,MONTGOMERY,US0460,600,MAYSVILLE,ST,N,,,,,,,38.06251752,-83.94405613,9.094,8/6/2023,2236,1,1,0,0,CLEAR,DRY,FALSE,OTHER ROADWAY OR MID-BLOCK COLLISION,SINGLE VEHICLE,STRAIGHT & LEVEL,DARK-HWY LIGHTED/ON,,,45145.67492,FALSE,162,Accepted,5,5,O,,,"TIRE FAILURE, TIRES"
32017022,0870000,MONTGOMERY CTY SHERIFF DEPT,Accepted,MONTGOMERY,,1517,OLD OWINGSVILLE,RD,,,,,,,,38.06963825,-83.92286693,1.465,7/27/2023,1052,2,2,0,0,CLEAR,DRY,FALSE,VEHICLE BACKING NON INTERSECTION,BACKING,STRAIGHT & LEVEL,DAYLIGHT,,,45146.29555,FALSE,231,Accepted,5,5,O,,INATTENTION,
32017027,0870000,MONTGOMERY CTY SHERIFF DEPT,Accepted,MONTGOMERY,,,OLD OWINGSVILLE,RD,,,,,,,,38.07264082,-83.91420256,0.932,7/27/2023,336,1,1,0,2,CLEAR,DRY,FALSE,OTHER ROADWAY OR MID-BLOCK COLLISION,SINGLE VEHICLE,STRAIGHT & LEVEL,DARK-HWY NOT LIGHTED,,,45146.2958,FALSE,284,Accepted,5,2,A,,OTHER,
32017029,0870000,MONTGOMERY CTY SHERIFF DEPT,Accepted,MONTGOMERY,US0460,,MAYSVILLE,RD,,,,,,,,38.07938529,-83.94968795,7.908,7/28/2023,1122,2,2,0,0,CLEAR,DRY,FALSE,SIDESWIPE COLLISION - SAME DIRECTION,SIDESWIPE-SAME DIRECTION,STRAIGHT & LEVEL,DAYLIGHT,,,45146.29594,FALSE,231,Accepted,5,5,O,,"FAILED TO KEEP PROPER LANE, NOT UNDER PROPER CONTROL, TURNING IMPROPERLY",
32017030,0870000,MONTGOMERY CTY SHERIFF DEPT,Accepted,MONTGOMERY,,308,LOWER SPRUCE,RD,,,,,,,,37.9422638,-83.81241128,0.31,7/29/2023,1454,1,1,0,0,CLEAR,DRY,FALSE,COLLISION WITH FIXED OBJECT NON - INTERSECTION - FIRST EVENT COLLISION 09 - 32 EXCLUDING 16,SINGLE VEHICLE,STRAIGHT & LEVEL,DAYLIGHT,,,45146.29604,FALSE,231,Accepted,5,5,O,,INATTENTION,
32017034,0870000,MONTGOMERY CTY SHERIFF DEPT,Accepted,MONTGOMERY,KY0011,6899,LEVEE,RD,,,,,,,,37.96242226,-83.93902546,3.455,7/31/2023,505,2,2,0,0,CLEAR,DRY,FALSE,SIDESWIPE COLLISION - SAME DIRECTION,SIDESWIPE-SAME DIRECTION,STRAIGHT & LEVEL,DARK-HWY NOT LIGHTED,,,45146.29624,FALSE,266,Accepted,5,5,O,,IMPROPER PASSING,
32017812,0870100,MT. STERLING POLICE DEPARTMENT,Accepted,MONTGOMERY,KY0686,,INDIAN MOUND,DR,,,MT STERLING,,,,,38.0734229,-83.95114936,0.171,7/28/2023,1303,2,2,0,0,RAINING,WET,FALSE,ANGLE COLLISION - OTHER,ANGLE,STRAIGHT & LEVEL,DAYLIGHT,,,45146.43916,FALSE,128,Accepted,5,5,O,,INATTENTION,
32017826,0870100,MT. STERLING POLICE DEPARTMENT,Accepted,MONTGOMERY,,,EVANS,AVE,,,VANCE,,,,,38.07544298,-83.95147072,0.166,7/31/2023,1823,2,2,0,0,CLEAR,DRY,FALSE,HEAD-ON COLLISION,HEAD ON,STRAIGHT & LEVEL,DAYLIGHT,,,45146.44066,FALSE,158,Accepted,5,5,O,,"INATTENTION, MISJUDGE CLEARANCE",
32017828,0870100,MT. STERLING POLICE DEPARTMENT,Accepted,MONTGOMERY,KY0686,,INDIAN MOUND,DR,,,REESE,,,,,38.06733888,-83.95517443,0.721,8/3/2023,1225,2,2,0,0,RAINING,WET,FALSE,ANGLE COLLISION - OTHER,ANGLE,STRAIGHT & LEVEL,DAYLIGHT,,,45146.44106,FALSE,128,Accepted,5,5,O,SLIPPERY SURFACE,OTHER,
32019348,0870100,MT. STERLING POLICE DEPARTMENT,Accepted,MONTGOMERY,KY0686,,INDIAN MOUND,DR,,,,,,,,38.0535922,-83.95624201,1.658,8/3/2023,1215,2,1,0,0,RAINING,WET,FALSE,OTHER ROADWAY OR MID-BLOCK COLLISION,REAR END,STRAIGHT & LEVEL,DAYLIGHT,,,45146.66675,FALSE,137,Accepted,5,5,O,SLIPPERY SURFACE,INATTENTION,OTHER LIGHTING DEFECTIVE
32028387,0870100,MT. STERLING POLICE DEPARTMENT,Accepted,MONTGOMERY,KY0686,,INDIAN MOUND,DR,,,COMMONWEALTH,,,,,38.06735531,-83.95546212,,8/9/2023,1510,2,2,0,0,CLEAR,DRY,FALSE,OPPOSING LEFT TURN,OPPOSING LEFT TURN,STRAIGHT & LEVEL,DAYLIGHT,,,45148.61404,FALSE,153,Accepted,5,5,O,,"FAILED TO YIELD RIGHT OF WAY, INATTENTION",
32032446,0870000,MONTGOMERY CTY SHERIFF DEPT,Accepted,MONTGOMERY,,,OSBORNE,RD,,,,,,,,38.07101274,-83.91382402,2.343,8/1/2023,1515,2,2,0,0,CLEAR,DRY,FALSE,VEHICLE BACKING NON INTERSECTION,BACKING,STRAIGHT & LEVEL,DAYLIGHT,,,45149.5411,FALSE,226,Accepted,5,5,O,,FAILED TO YIELD RIGHT OF WAY,
32032449,0870000,MONTGOMERY CTY SHERIFF DEPT,Accepted,MONTGOMERY,KY0646,,NEST EGG,RD,,,,,,,,37.96033413,-83.97804991,7.169,8/3/2023,756,2,2,0,0,RAINING,WET,FALSE,HEAD-ON COLLISION,HEAD ON,CURVE & HILLCREST,DAYLIGHT,,,45149.54134,FALSE,231,Accepted,5,5,O,SLIPPERY SURFACE,"FAILED TO KEEP PROPER LANE, MISJUDGE CLEARANCE",
32032455,0870000,MONTGOMERY CTY SHERIFF DEPT,Accepted,MONTGOMERY,,401,COMMERCE,CIR,,,,,,,,38.0771471,-83.91313387,0.002,8/2/2023,2348,1,1,0,0,CLOUDY,FLOODED,FALSE,COLLISION WITH ANIMAL NON INTERSECTION,SINGLE VEHICLE,STRAIGHT & LEVEL,DARK (UNKNOWN ROADWAY LIGHTING),,,45149.54148,FALSE,252,Accepted,5,5,O,,,
32032458,0870000,MONTGOMERY CTY SHERIFF DEPT,Accepted,MONTGOMERY,KY1991,,HINKSTON,PIKE,,,,,,,,38.09257265,-83.9253031,2.438,8/4/2023,1222,1,1,0,0,CLEAR,DRY,FALSE,RAN OFF ROADWAY (1 VEHICLE WITH/EARTH EMBANKMENT/DITCH),SINGLE VEHICLE,STRAIGHT & LEVEL,DAYLIGHT,,,45149.5416,FALSE,226,Accepted,5,5,O,,"INATTENTION, NOT UNDER PROPER CONTROL, OVERCORRECTING/OVERSTEERING",
32032459,0870000,MONTGOMERY CTY SHERIFF DEPT,Accepted,MONTGOMERY,KY0646,8455,CREAM ALLEY,RD,,,,,,,,37.96487938,-83.91442636,3.334,8/5/2023,1328,1,1,0,0,CLEAR,DRY,FALSE,RAN OFF ROADWAY (1 VEHICLE WITH/EARTH EMBANKMENT/DITCH),SINGLE VEHICLE,STRAIGHT & LEVEL,DAYLIGHT,,,45149.54171,FALSE,226,Accepted,5,5,O,,NOT UNDER PROPER CONTROL,
32032461,0870000,MONTGOMERY CTY SHERIFF DEPT,Accepted,MONTGOMERY,US0460,3304,CAMARGO,RD,,,,,,,,38.00065996,-83.89870245,14.249,8/4/2023,2132,2,2,0,0,CLEAR,DRY,FALSE,REAR END IN TRAFFIC LANES BOTH VEHICLES MOVING,REAR END,STRAIGHT & HILLCREST,DARK-HWY NOT LIGHTED,,,45149.54184,FALSE,245,Accepted,5,5,O,,DISTRACTION,
32032462,0870000,MONTGOMERY CTY SHERIFF DEPT,Accepted,MONTGOMERY,US0060,,OWINGSVILLE,RD,,,,,,,,38.06650582,-83.93090796,6.212,8/4/2023,2007,1,1,0,0,CLEAR,DRY,FALSE,RAN OFF ROADWAY (1 VEHICLE WITH/EARTH EMBANKMENT/DITCH),SINGLE VEHICLE,CURVE & LEVEL,DAYLIGHT,,,45149.54192,FALSE,249,Accepted,5,5,O,ANIMALS ACTION,ALCOHOL INVOLVEMENT,
32032467,0870000,MONTGOMERY CTY SHERIFF DEPT,Accepted,MONTGOMERY,KY0713,,SPENCER,PIKE,,,,,,,,38.05095017,-83.90993321,8.27,8/7/2023,534,2,2,0,0,CLEAR,DRY,TRUE,SIDESWIPE COLLISION - OPPOSITE DIRECTION,SIDESWIPE-OPPOSITE DIRECTION,CURVE & LEVEL,DARK-HWY NOT LIGHTED,,,45149.54217,FALSE,275,Accepted,5,5,O,,"INATTENTION, MISJUDGE CLEARANCE, NOT UNDER PROPER CONTROL",
32032473,0870000,MONTGOMERY CTY SHERIFF DEPT,Accepted,MONTGOMERY,US0060,,OWINGSVILLE,RD,,,,,,,,38.08235225,-83.90255439,8.176,8/2/2023,1952,1,1,0,0,CLEAR,DRY,FALSE,RAN OFF ROADWAY (1 VEHICLE WITH/EARTH EMBANKMENT/DITCH),SINGLE VEHICLE,STRAIGHT & LEVEL,DAYLIGHT,,,45149.54248,FALSE,238,Accepted,5,5,O,,NOT UNDER PROPER CONTROL,
32032704,0870000,MONTGOMERY CTY SHERIFF DEPT,Accepted,MONTGOMERY,KY0213,,KY213,,,,,,,,,37.97576971,-83.85150337,5.272,8/8/2023,1401,2,2,0,0,CLEAR,DRY,FALSE,VEHICLE BACKING NON INTERSECTION,BACKING,STRAIGHT & LEVEL,DAYLIGHT,,,45149.58124,FALSE,226,Accepted,5,5,O,,"FAILED TO YIELD RIGHT OF WAY, INATTENTION",
32032705,0870000,MONTGOMERY CTY SHERIFF DEPT,Accepted,MONTGOMERY,US0460,,MAIN,ST,,,,,,,,37.964091,-83.81134406,19.735,8/8/2023,940,1,1,0,1,CLOUDY,DRY,FALSE,RAN OFF ROADWAY (1 VEHICLE WITH/EARTH EMBANKMENT/DITCH),SINGLE VEHICLE,STRAIGHT & LEVEL,DAYLIGHT,,,45149.58131,FALSE,228,Accepted,5,3,B,,DISTRACTION,
32036989,0870100,MT. STERLING POLICE DEPARTMENT,Accepted,MONTGOMERY,KY0686,,INDIAN MOUND,DR,,,PATSY,,,,,38.07108896,-83.95504902,0.459,8/11/2023,1526,2,2,0,0,CLEAR,DRY,FALSE,OTHER INTERSECTION COLLISIONS,REAR END,STRAIGHT & LEVEL,DAYLIGHT,,,45150.91747,FALSE,154,Accepted,5,5,O,,INATTENTION,
32036990,0870100,MT. STERLING POLICE DEPARTMENT,Accepted,MONTGOMERY,KY0686,,INDIAN MOUND,DR,,,PATSY,,,,,38.07108988,-83.95510969,0.461,8/11/2023,1710,2,2,0,1,CLEAR,DRY,FALSE,OTHER INTERSECTION COLLISIONS,REAR END,STRAIGHT & LEVEL,DAYLIGHT,,,45150.91754,FALSE,162,Accepted,5,3,B,,TURNING IMPROPERLY,
32036991,0870100,MT. STERLING POLICE DEPARTMENT,Accepted,MONTGOMERY,,,TIGHLMAN,WAY,,,,,,,,38.0405951,-83.93871807,0.022,8/9/2023,1437,1,1,0,1,CLEAR,DRY,FALSE,COLLISION WITH FIXED OBJECT NON - INTERSECTION - FIRST EVENT COLLISION 09 - 32 EXCLUDING 16,SINGLE VEHICLE,STRAIGHT & GRADE,DAYLIGHT,,,45150.9176,FALSE,128,Accepted,5,4,C,,NOT UNDER PROPER CONTROL,
32043997,0870000,MONTGOMERY CTY SHERIFF DEPT,Accepted,MONTGOMERY,KY0646,,CREAM ALLEY,RD,,,,,,,,37.9693219,-83.92638326,4.062,8/11/2023,911,1,1,0,1,CLEAR,DRY,FALSE,RAN OFF ROADWAY (1 VEHICLE WITH/EARTH EMBANKMENT/DITCH),SINGLE VEHICLE,CURVE & LEVEL,DAYLIGHT,,,45152.70356,FALSE,226,Accepted,4,4,C,,"DRUG INVOLVEMENT, NOT UNDER PROPER CONTROL",
32044000,0870000,MONTGOMERY CTY SHERIFF DEPT,Accepted,MONTGOMERY,,,FOX,RD,,,,,,,,37.98006715,-83.91146977,1.08,8/11/2023,1335,2,2,0,0,CLEAR,DRY,FALSE,1 VEHICLE ENTERING/LEAVING ENTRANCE,ANGLE,CURVE & HILLCREST,DAYLIGHT,,,45152.70369,FALSE,231,Accepted,5,5,O,SHOULDERS DEFECTIVE/DROP-OFF,MISJUDGE CLEARANCE,
32055152,0870100,MT. STERLING POLICE DEPARTMENT,Accepted,MONTGOMERY,,,HARRISON,AVE,,,HIGH,,,,,38.05814115,-83.94043827,0.314,6/24/2023,1812,1,1,0,0,CLEAR,DRY,FALSE,COLLISION WITH FIXED OBJECT IN INTERSECTION - FIRST EVENT COLLISION 09 - 32,SINGLE VEHICLE,STRAIGHT & GRADE,DAYLIGHT,,,45154.99003,FALSE,155,Accepted,5,5,O,,OTHER,
32063058,0870100,MT. STERLING POLICE DEPARTMENT,Accepted,MONTGOMERY,US0460,,MAYSVILLE,ST,N,,WINN,,,,,38.06365678,-83.94462874,9.037,8/16/2023,1934,2,2,0,0,CLEAR,DRY,FALSE,OTHER INTERSECTION COLLISIONS,REAR END,STRAIGHT & LEVEL,DUSK,,,45156.66467,FALSE,121,Accepted,5,5,O,,INATTENTION,
32078990,0870100,MT. STERLING POLICE DEPARTMENT,Accepted,MONTGOMERY,KY0686,,INDIAN MOUND,DR,,,,,,,,38.06000154,-83.95571351,1.244,8/21/2023,1315,3,3,0,0,CLEAR,DRY,FALSE,OTHER ROADWAY OR MID-BLOCK COLLISION,OPPOSING LEFT TURN,STRAIGHT & LEVEL,DAYLIGHT,,,45160.65871,FALSE,157,Accepted,5,5,O,,"FAILED TO YIELD RIGHT OF WAY, INATTENTION",