IncidentID,AgencyORI,AgencyName,IncidentStatusDesc,County,RdwyNumber,Street,RoadwayName,StreetSfx,StreetDir,IntersectionRdwy,IntersectionRdwyName,BetweenStRdwy1,BetweenStRdwyName1,BetweenStRdwy2,BetweenStRdwyName2,Latitude,Longitude,Milepoint,CollisionDate,CollisionTime,UnitsInvolved,MotorVehiclesInvolved,NumberKilled,NumberInjured,Weather,RdwyConditionCode,HitandRun,DirAnalysisCode,MannerofCollision,RdwyCharacter,LightCondition,RampFromRdwyId,RampToRdwyId,AcceptedDate,IsSecondaryCollision,OwnerBadge,IncidentStatus,InjurySeverityCde,KABCO Code,KABCO,Environmental_Factors,Human_Factors,Vehicular_Factors
32095936,0870100,MT. STERLING POLICE DEPARTMENT,Accepted,MONTGOMERY,,209,LOCUST,ST,W,,,,,,,38.05452469,-83.94525263,0.369,8/23/2023,1359,1,1,0,0,CLEAR,DRY,FALSE,COLLISION WITH FIXED OBJECT NON - INTERSECTION - FIRST EVENT COLLISION 09 - 32 EXCLUDING 16,SINGLE VEHICLE,STRAIGHT & GRADE,DAYLIGHT,,,45164.65596,FALSE,128,Accepted,5,5,O,,MISJUDGE CLEARANCE,
32095937,0870100,MT. STERLING POLICE DEPARTMENT,Accepted,MONTGOMERY,KY0686,,INDIAN MOUND,DR,,,,,,,,38.04192331,-83.93447676,3.493,8/20/2023,1026,2,2,0,0,CLEAR,DRY,FALSE,REAR END IN TRAFFIC LANES BOTH VEHICLES MOVING,REAR END,STRAIGHT & LEVEL,DAYLIGHT,,,45164.65602,FALSE,152,Accepted,5,5,O,,DISTRACTION,
32095940,0870100,MT. STERLING POLICE DEPARTMENT,Accepted,MONTGOMERY,KY0686,808,INDIAN MOUND,DR,,,,,,,,38.06319537,-83.95535527,1.007,8/22/2023,1653,2,2,0,0,CLEAR,WET,FALSE,REAR END IN TRAFFIC LANES BOTH VEHICLES MOVING,REAR END,STRAIGHT & LEVEL,DAYLIGHT,,,45164.65614,FALSE,130,Accepted,5,5,O,,INATTENTION,
32095975,0870100,MT. STERLING POLICE DEPARTMENT,Accepted,MONTGOMERY,KY0686,810,INDIAN MOUND,DR,,,,,,,,38.06118607,-83.95517983,1.146,8/24/2023,1140,2,2,0,0,CLEAR,DRY,FALSE,1 VEHICLE ENTERING/LEAVING ENTRANCE,ANGLE,STRAIGHT & LEVEL,DAYLIGHT,,,45164.65769,FALSE,152,Accepted,5,5,O,,MISJUDGE CLEARANCE,
32103761,0870100,MT. STERLING POLICE DEPARTMENT,Accepted,MONTGOMERY,,,MAIN,,E,,QUEEN ,,,,,38.05709987,-83.93914137,,8/27/2023,1101,2,2,0,2,CLEAR,DRY,FALSE,ANGLE COLLISION - OTHER,ANGLE,STRAIGHT & GRADE,DAYLIGHT,,,45166.61167,FALSE,153,Accepted,3,3,B,,INATTENTION,
32103763,0870100,MT. STERLING POLICE DEPARTMENT,Accepted,MONTGOMERY,KY0686,,INDIAN MOUND,DR,,,REESE,,,,,38.06733942,-83.95519135,,8/27/2023,1325,2,2,0,2,CLEAR,DRY,FALSE,ANGLE COLLISION - OTHER,ANGLE,STRAIGHT & LEVEL,DAYLIGHT,,,45166.61179,FALSE,153,Accepted,5,3,B,,INATTENTION,
32124955,0870100,MT. STERLING POLICE DEPARTMENT,Accepted,MONTGOMERY,US0460,,MAYSVILLE,ST,N,,,,,,,38.06660374,-83.94559541,8.824,8/27/2023,1343,2,2,0,0,CLEAR,DRY,FALSE,REAR END IN TRAFFIC LANES BOTH VEHICLES MOVING,REAR END,STRAIGHT & GRADE,DAYLIGHT,,,45170.65193,FALSE,120,Accepted,5,5,O,,INATTENTION,BRAKES DEFECTIVE
32131311,0870100,MT. STERLING POLICE DEPARTMENT,Accepted,MONTGOMERY,KY0686,,INDIAN MOUND,DR,,,REECE,,,,,38.06732807,-83.95513829,,9/3/2023,1011,2,2,0,2,CLEAR,DRY,FALSE,ANGLE COLLISION - OTHER,ANGLE,STRAIGHT & LEVEL,DAYLIGHT,,,45172.60956,FALSE,153,Accepted,4,4,C,,DISTRACTION,
32134188,KSP0800,"KY STATE POLICE, POST 08",Accepted,MONTGOMERY,US0460,,CAMARGO,RD,,,,,,,,38.01843601,-83.91370107,12.728,9/1/2023,1511,2,2,0,0,CLEAR,DRY,FALSE,REAR END IN TRAFFIC LANES BOTH VEHICLES MOVING,REAR END,STRAIGHT & LEVEL,DAYLIGHT,,,45173.32098,FALSE,593,Accepted,5,5,O,,INATTENTION,
32145423,KSP0800,"KY STATE POLICE, POST 08",Accepted,MONTGOMERY,KY0537,,VAN THOMPSON,RD,,,,,,,,38.13182505,-83.93386997,5.626,9/5/2023,1723,2,2,0,0,CLEAR,DRY,FALSE,SIDESWIPE COLLISION - OPPOSITE DIRECTION,SIDESWIPE-OPPOSITE DIRECTION,CURVE & GRADE,DAYLIGHT,,,45175.57925,FALSE,383,Accepted,5,5,O,,FAILED TO KEEP PROPER LANE,
32160827,0870100,MT. STERLING POLICE DEPARTMENT,Accepted,MONTGOMERY,US0460,,PARIS,RD,,,,,,,,38.08819622,-83.95139206,7.237,9/1/2023,1423,3,3,0,0,CLEAR,DRY,FALSE,REAR END IN TRAFFIC LANES BOTH VEHICLES MOVING,REAR END,STRAIGHT & LEVEL,DAYLIGHT,,,45176.63578,FALSE,120,Accepted,5,5,O,OTHER,INATTENTION,
32160830,0870100,MT. STERLING POLICE DEPARTMENT,Accepted,MONTGOMERY,KY0686,,INDIAN MOUND,DR,,,,,,,,38.05987825,-83.95569195,1.237,8/31/2023,1336,2,2,0,0,CLEAR,DRY,FALSE,1 VEHICLE ENTERING/LEAVING ENTRANCE,ANGLE,STRAIGHT & LEVEL,DAYLIGHT,,,45176.6363,FALSE,152,Accepted,5,5,O,,MISJUDGE CLEARANCE,
32160833,0870100,MT. STERLING POLICE DEPARTMENT,Accepted,MONTGOMERY,KY0686,1103,INDIAN MOUND,DR,,,,,,,,38.05336804,-83.95681977,1.692,9/5/2023,1606,2,2,0,0,CLEAR,DRY,FALSE,OTHER ROADWAY OR MID-BLOCK COLLISION,OPPOSING LEFT TURN,STRAIGHT & LEVEL,DAYLIGHT,,,45176.63651,FALSE,162,Accepted,5,5,O,,FAILED TO YIELD RIGHT OF WAY,
32182332,0870000,MONTGOMERY CTY SHERIFF DEPT,Accepted,MONTGOMERY,,315,QUEEN,ST,S,,,,,,,38.05256572,-83.93752621,0.24,8/3/2023,1004,2,2,0,0,RAINING,WET,FALSE,1 VEHICLE PARKED POSITION (NOT PARKING LOT/DRIVEWAY),HEAD ON,STRAIGHT & GRADE,DAYLIGHT,,,45181.73163,FALSE,226,Accepted,5,5,O,SLIPPERY SURFACE,"FAILED TO YIELD RIGHT OF WAY, NOT UNDER PROPER CONTROL, TOO FAST FOR CONDITIONS",BRAKES DEFECTIVE
32182335,0870000,MONTGOMERY CTY SHERIFF DEPT,Accepted,MONTGOMERY,US0460,,MAIN,ST,,,,,,,,37.97417499,-83.84391004,17.823,8/10/2023,1430,2,2,0,0,CLEAR,DRY,FALSE,1 VEHICLE ENTERING/LEAVING ENTRANCE,ANGLE,STRAIGHT & LEVEL,DAYLIGHT,,,45181.73192,FALSE,226,Accepted,5,5,O,,FAILED TO YIELD RIGHT OF WAY,
32182337,0870000,MONTGOMERY CTY SHERIFF DEPT,Accepted,MONTGOMERY,,150,OAK GROVE,DR,,,,,,,,38.09452127,-83.90421761,0.611,8/15/2023,1703,2,2,0,0,CLEAR,DRY,FALSE,1 VEHICLE PARKED POSITION (NOT PARKING LOT/DRIVEWAY),SIDESWIPE-SAME DIRECTION,STRAIGHT & LEVEL,DAYLIGHT,,,45181.73212,FALSE,245,Accepted,5,5,O,,FAILED TO KEEP PROPER LANE,
32182340,0870000,MONTGOMERY CTY SHERIFF DEPT,Accepted,MONTGOMERY,US0060,3052,OWINGSVILLE,RD,,,,,,,,38.08345067,-83.90099879,8.29,8/15/2023,1739,1,1,0,2,CLEAR,DRY,FALSE,RAN OFF ROADWAY (1 VEHICLE WITH/EARTH EMBANKMENT/DITCH),SINGLE VEHICLE,CURVE & LEVEL,DAYLIGHT,,,45181.73224,FALSE,245,Accepted,5,3,B,,"DISTRACTION, FAILED TO KEEP PROPER LANE, OVERCORRECTING/OVERSTEERING",
32182361,0870000,MONTGOMERY CTY SHERIFF DEPT,Accepted,MONTGOMERY,KY0011,,LEVEE,RD,,,,,,,,38.03399966,-83.94999013,8.78,8/17/2023,1021,1,1,0,0,CLEAR,DRY,FALSE,OTHER COLLISIONS ON SHOULDER,SINGLE VEHICLE,STRAIGHT & LEVEL,DAYLIGHT,,,45181.73281,FALSE,231,Accepted,5,5,O,,OVERCORRECTING/OVERSTEERING,STEERING FAILURE
32182366,0870000,MONTGOMERY CTY SHERIFF DEPT,Accepted,MONTGOMERY,,,FOX,RD,,,DAVIS,,,,,37.98202196,-83.90948063,1.272,8/18/2023,1527,2,2,0,0,CLEAR,DRY,FALSE,OPPOSITE DIRECTION - BOTH VEHICLES GOING STRAIGHT AHEAD,SIDESWIPE-OPPOSITE DIRECTION,CURVE & LEVEL,DAYLIGHT,,,45181.7331,FALSE,245,Accepted,5,5,O,"SHOULDERS DEFECTIVE/DROP-OFF, VIEW OBSTRUCTED/LIMITED DUE TO RDWY",,
32182370,0870000,MONTGOMERY CTY SHERIFF DEPT,Accepted,MONTGOMERY,,,WHITE TURLEY,RD,,,,,,,,38.08890233,-84.06254292,0.37,8/18/2023,1048,2,2,0,2,CLEAR,DRY,FALSE,VEHICLE BACKING NON INTERSECTION,BACKING,STRAIGHT & LEVEL,DAYLIGHT,,,45181.73335,FALSE,226,Accepted,5,4,C,,FAILED TO YIELD RIGHT OF WAY,
32182373,0870000,MONTGOMERY CTY SHERIFF DEPT,Accepted,MONTGOMERY,KY0713,6592,SPENCER,PIKE,,,,,,,,38.02745856,-83.83878224,12.854,8/18/2023,1732,1,1,0,0,CLEAR,DRY,FALSE,RAN OFF ROADWAY (1 VEHICLE WITH/EARTH EMBANKMENT/DITCH),SINGLE VEHICLE,CURVE & LEVEL,DAYLIGHT,,,45181.73356,FALSE,249,Accepted,5,5,O,OTHER,,
32182375,0870000,MONTGOMERY CTY SHERIFF DEPT,Accepted,MONTGOMERY,US0460,8325,MAIN,ST,,,,,,,,37.97405979,-83.84342316,17.851,8/18/2023,1116,2,2,0,0,CLEAR,DRY,FALSE,1 VEHICLE ENTERING/LEAVING ENTRANCE,ANGLE,STRAIGHT & LEVEL,DAYLIGHT,,,45181.73376,FALSE,231,Accepted,5,5,O,,"INATTENTION, MISJUDGE CLEARANCE",
32182377,0870000,MONTGOMERY CTY SHERIFF DEPT,Accepted,MONTGOMERY,KY0213,,KY213,,,,,,,,,37.95270672,-83.86223311,3.53,8/23/2023,1020,1,1,0,0,CLEAR,DRY,FALSE,RAN OFF ROADWAY (1 VEHICLE WITH/EARTH EMBANKMENT/DITCH),SINGLE VEHICLE,STRAIGHT & LEVEL,DAYLIGHT,,,45181.73408,FALSE,228,Accepted,5,5,O,,,BRAKES DEFECTIVE
32182383,0870000,MONTGOMERY CTY SHERIFF DEPT,Accepted,MONTGOMERY,KY0011,,LEVEE,RD,,KY0646,KIDDVILLE,,,,,38.00996242,-83.94906612,7.065,8/23/2023,543,2,2,0,0,CLEAR,DRY,FALSE,ANGLE COLLISION - OTHER,ANGLE,STRAIGHT & GRADE,DARK-HWY NOT LIGHTED,,,45181.73439,FALSE,248,Accepted,5,5,O,,INATTENTION,
32182395,0870000,MONTGOMERY CTY SHERIFF DEPT,Accepted,MONTGOMERY,KY0213,1625,KY213,,,,,,,,,37.96543271,-83.85828925,4.453,7/30/2023,359,2,2,1,0,CLEAR,DRY,TRUE,REAR END IN TRAFFIC LANES BOTH VEHICLES MOVING,REAR END,CURVE & LEVEL,DARK-HWY NOT LIGHTED,,,45181.73486,FALSE,266,Accepted,5,1,K,IMPROPERLY PARKED VEHICLE(S),ALCOHOL INVOLVEMENT,OTHER LIGHTING DEFECTIVE
32182403,0870000,MONTGOMERY CTY SHERIFF DEPT,Accepted,MONTGOMERY,,,SHANNON,DR,,,,,,,,38.06840352,-83.93071366,0.01,8/25/2023,1227,2,2,0,0,CLEAR,DRY,FALSE,HEAD-ON COLLISION,HEAD ON,STRAIGHT & LEVEL,DAYLIGHT,,,45181.7353,FALSE,226,Accepted,5,5,O,,FAILED TO YIELD RIGHT OF WAY,
32182405,0870000,MONTGOMERY CTY SHERIFF DEPT,Accepted,MONTGOMERY,US0060,,OWINGSVILLE,RD,,,,,,,,38.084581,-83.90040206,8.374,8/25/2023,1456,2,2,0,1,CLOUDY,DRY,FALSE,OTHER ROADWAY OR MID-BLOCK COLLISION,OPPOSING LEFT TURN,STRAIGHT & LEVEL,DAYLIGHT,,,45181.73544,FALSE,228,Accepted,5,3,B,,FAILED TO YIELD RIGHT OF WAY,
32182415,0870000,MONTGOMERY CTY SHERIFF DEPT,Accepted,MONTGOMERY,KY0646,777,KIDDVILLE,RD,,,,,,,,38.00208812,-83.96355281,10.721,8/27/2023,1234,1,1,0,0,CLEAR,DRY,FALSE,OTHER ROADWAY OR MID-BLOCK COLLISION,SINGLE VEHICLE,STRAIGHT & LEVEL,DAYLIGHT,,,45181.73588,FALSE,231,Accepted,5,5,O,,FELL ASLEEP,
32187052,0870000,MONTGOMERY CTY SHERIFF DEPT,Accepted,MONTGOMERY,KY0011,,MAYSVILLE,RD,,,,,,,,38.11222902,-83.95698377,11.755,8/29/2023,820,1,1,0,0,CLOUDY,DRY,FALSE,RAN OFF ROADWAY (1 VEHICLE WITH/EARTH EMBANKMENT/DITCH),SINGLE VEHICLE,CURVE & GRADE,DAYLIGHT,,,45182.71105,FALSE,228,Accepted,5,5,O,,DISTRACTION,
32187057,0870000,MONTGOMERY CTY SHERIFF DEPT,Accepted,MONTGOMERY,,,ELMWOOD,DR,,,,,,,,38.05149232,-83.96046401,0.05,9/1/2023,944,1,1,0,0,CLEAR,DRY,FALSE,COLLISION WITH FIXED OBJECT NON - INTERSECTION - FIRST EVENT COLLISION 09 - 32 EXCLUDING 16,SINGLE VEHICLE,STRAIGHT & LEVEL,DAYLIGHT,,,45182.71119,FALSE,292,Accepted,5,5,O,,"INATTENTION, OTHER",
32187061,0870000,MONTGOMERY CTY SHERIFF DEPT,Accepted,MONTGOMERY,KY0213,,KY213,,,KY1314,CALK LAKE,,,,,37.92000938,-83.86601147,1.031,8/25/2023,2315,2,2,0,0,CLEAR,DRY,FALSE,OTHER INTERSECTION COLLISIONS,REAR END,STRAIGHT & LEVEL,DARK-HWY NOT LIGHTED,,,45182.71141,FALSE,245,Accepted,5,5,O,,,
32187062,0870000,MONTGOMERY CTY SHERIFF DEPT,Accepted,MONTGOMERY,,,COREY,LN,,,,,,,,38.01531861,-83.82102206,0.079,8/30/2023,1409,2,2,0,0,CLOUDY,DRY,FALSE,1 VEHICLE PARKED POSITION (NOT PARKING LOT/DRIVEWAY),ANGLE,STRAIGHT & LEVEL,DAYLIGHT,,,45182.7115,FALSE,228,Accepted,5,5,O,,,
32187063,0870000,MONTGOMERY CTY SHERIFF DEPT,Accepted,MONTGOMERY,KY1331,,HOWARDS MILL,RD,,,,,,,,38.06354888,-83.83790546,4.032,8/31/2023,1922,1,1,0,1,CLEAR,DRY,FALSE,OTHER ROADWAY OR MID-BLOCK COLLISION,SINGLE VEHICLE,CURVE & GRADE,DAYLIGHT,,,45182.71158,FALSE,249,Accepted,5,2,A,,OVERCORRECTING/OVERSTEERING,
32187064,0870000,MONTGOMERY CTY SHERIFF DEPT,Accepted,MONTGOMERY,,,OLD OWINGSVILLE,RD,,,OSBORNE,,,,,38.07229554,-83.91496366,0.98,9/2/2023,1103,2,2,0,0,CLEAR,DRY,FALSE,ANGLE COLLISION - OTHER,ANGLE,STRAIGHT & LEVEL,DAYLIGHT,,,45182.71166,FALSE,228,Accepted,5,5,O,,FAILED TO YIELD RIGHT OF WAY,
32187065,0870000,MONTGOMERY CTY SHERIFF DEPT,Accepted,MONTGOMERY,KY0011,,LEVEE,RD,,,PAULA,,,,,38.02269247,-83.94868216,7.99,9/2/2023,1314,2,2,0,0,CLEAR,DRY,FALSE,SIDESWIPE-SAME DIRECTION,SIDESWIPE-SAME DIRECTION,STRAIGHT & LEVEL,DAYLIGHT,,,45182.71178,FALSE,228,Accepted,5,5,O,,IMPROPER PASSING,
32187067,0870000,MONTGOMERY CTY SHERIFF DEPT,Accepted,MONTGOMERY,KY0686,,INDIAN MOUND,DR,,,,,,,,38.07152954,-83.9167827,,8/31/2023,1119,2,2,0,2,CLEAR,DRY,FALSE,1 VEHICLE ENTERING/LEAVING ENTRANCE,ANGLE,STRAIGHT & LEVEL,DAYLIGHT,,,45182.71195,FALSE,221,Accepted,5,3,B,,"DISREGARD TRAFFIC CONTROL, FAILED TO YIELD RIGHT OF WAY, INATTENTION",
32187069,0870000,MONTGOMERY CTY SHERIFF DEPT,Accepted,MONTGOMERY,KY1991,,HINKSTON,PIKE,,,,,,,,38.09372329,-83.92494853,2.518,9/4/2023,1727,1,1,0,0,CLEAR,DRY,FALSE,COLLISION WITH FIXED OBJECT NON - INTERSECTION - FIRST EVENT COLLISION 09 - 32 EXCLUDING 16,SINGLE VEHICLE,CURVE & HILLCREST,DAYLIGHT,,,45182.71209,FALSE,248,Accepted,5,5,O,,NOT UNDER PROPER CONTROL,
32187074,0870000,MONTGOMERY CTY SHERIFF DEPT,Accepted,MONTGOMERY,US0460,,PARIS,RD,,,,,,,,38.09727138,-83.9767881,5.669,9/5/2023,448,2,2,0,0,CLEAR,DRY,TRUE,SIDESWIPE COLLISION - OPPOSITE DIRECTION,SIDESWIPE-OPPOSITE DIRECTION,CURVE & LEVEL,DARK-HWY NOT LIGHTED,,,45182.71249,FALSE,266,Accepted,5,5,O,,,
32187075,0870000,MONTGOMERY CTY SHERIFF DEPT,Accepted,MONTGOMERY,,,WINDSOR,DR,,,,,,,,38.0483964,-83.9407634,0.099,9/7/2023,1342,2,2,0,0,CLEAR,DRY,FALSE,1 VEHICLE ENTERING/LEAVING ENTRANCE,ANGLE,STRAIGHT & LEVEL,DAYLIGHT,,,45182.71257,FALSE,231,Accepted,5,5,O,,"FAILED TO YIELD RIGHT OF WAY, INATTENTION",
32187076,0870000,MONTGOMERY CTY SHERIFF DEPT,Accepted,MONTGOMERY,KY0646,,CREAM ALLEY,RD,,,,,,,,37.95808764,-83.90191622,2.496,9/7/2023,1418,2,2,0,1,CLEAR,DRY,FALSE,1 VEHICLE ENTERING/LEAVING ENTRANCE,ANGLE,CURVE & LEVEL,DAYLIGHT,,,45182.71269,FALSE,226,Accepted,5,4,C,,"FAILED TO YIELD RIGHT OF WAY, OTHER",
32187077,0870000,MONTGOMERY CTY SHERIFF DEPT,Accepted,MONTGOMERY,,,RYDER,LN,,KY0686,INDIAN MOUND,,,,,38.07356944,-83.91745704,0.026,8/31/2023,1551,2,2,0,0,CLEAR,DRY,FALSE,VEHICLE BACKING IN INTERSECTION,BACKING,STRAIGHT & LEVEL,DAYLIGHT,,,45182.71282,FALSE,245,Accepted,5,5,O,,,
32187085,0870000,MONTGOMERY CTY SHERIFF DEPT,Accepted,MONTGOMERY,US0060,,OWINGSVILLE,RD,,,,,,,,38.08634166,-83.89953853,8.505,9/9/2023,449,2,2,0,0,CLEAR,DRY,FALSE,REAR END IN TRAFFIC LANES BOTH VEHICLES MOVING,REAR END,STRAIGHT & LEVEL,DARK-HWY NOT LIGHTED,,,45182.71313,FALSE,284,Accepted,5,5,O,,INATTENTION,
32187102,0870000,MONTGOMERY CTY SHERIFF DEPT,Accepted,MONTGOMERY,,,OSBORNE,RD,,KY0713,SPENCER,,,,,38.04711794,-83.90317454,0.003,9/10/2023,1824,2,2,0,1,CLEAR,DRY,FALSE,HEAD-ON COLLISION,HEAD ON,STRAIGHT & LEVEL,DAYLIGHT,,,45182.71375,FALSE,252,Accepted,5,4,C,,DRUG INVOLVEMENT,
32187104,0870000,MONTGOMERY CTY SHERIFF DEPT,Accepted,MONTGOMERY,KY0646,,WILLOUGHBY TOWN,RD,,KY0213,KY213,,,,,37.94387331,-83.86428952,0.003,9/11/2023,1700,2,2,0,0,CLEAR,DRY,FALSE,OTHER INTERSECTION COLLISIONS,REAR END,STRAIGHT & LEVEL,DAYLIGHT,,,45182.7139,FALSE,252,Accepted,5,5,O,,FOLLOWING TOO CLOSE,
32187138,0870000,MONTGOMERY CTY SHERIFF DEPT,Accepted,MONTGOMERY,,,OLD OWINGSVILLE,RD,,,,,,,,38.06930498,-83.92328266,1.497,9/13/2023,1151,2,2,0,0,CLEAR,DRY,FALSE,SIDESWIPE COLLISION - SAME DIRECTION,SIDESWIPE-SAME DIRECTION,STRAIGHT & LEVEL,DAYLIGHT,,,45182.71785,FALSE,228,Accepted,5,5,O,,FAILED TO YIELD RIGHT OF WAY,
32189908,0870100,MT. STERLING POLICE DEPARTMENT,Accepted,MONTGOMERY,,216,WINN,ST,,,,,,,,38.0627147,-83.94960967,0.278,9/13/2023,1330,2,2,0,0,CLEAR,FLOODED,TRUE,1 VEHICLE PARKED POSITION (NOT PARKING LOT/DRIVEWAY),SIDESWIPE-SAME DIRECTION,STRAIGHT & LEVEL,DAYLIGHT,,,45183.39994,FALSE,137,Accepted,5,5,O,,"EXCEEDED STATED SPEED LIMIT, IMPROPER PASSING, INATTENTION",
32192856,0870100,MT. STERLING POLICE DEPARTMENT,Accepted,MONTGOMERY,,,HIGH,ST,E,US0060,MAIN,,,,,38.05968292,-83.9334231,0.511,9/13/2023,1620,2,2,0,0,CLEAR,DRY,FALSE,OTHER INTERSECTION COLLISIONS,REAR END,STRAIGHT & LEVEL,DAYLIGHT,,,45184.00394,FALSE,157,Accepted,5,5,O,,INATTENTION,
32192859,0870100,MT. STERLING POLICE DEPARTMENT,Accepted,MONTGOMERY,,,REESE,WAY,,,ACCESS,,,,,38.06731908,-83.95401806,0.073,9/13/2023,1626,2,2,0,0,CLEAR,DRY,FALSE,ANGLE COLLISION - OTHER,ANGLE,STRAIGHT & LEVEL,DAYLIGHT,,,45184.0041,FALSE,154,Accepted,5,5,O,,INATTENTION,
32204107,0870100,MT. STERLING POLICE DEPARTMENT,Accepted,MONTGOMERY,KY0011,,LEVEE,RD,,US0460,APPERSON,,,,,38.05017927,-83.94152696,10.001,9/11/2023,1124,2,2,0,0,CLEAR,DRY,FALSE,OTHER INTERSECTION COLLISIONS,REAR END,STRAIGHT & LEVEL,DAYLIGHT,,,45187.34704,FALSE,128,Accepted,5,5,O,,LOST CONSCIOUSNESS/FAINTED,
32204108,0870100,MT. STERLING POLICE DEPARTMENT,Accepted,MONTGOMERY,,,WINGTIP,WAY,,,MT AYR,,,,,38.07420705,-83.9479286,0.002,9/11/2023,1330,2,2,0,0,CLEAR,DRY,FALSE,ANGLE COLLISION - OTHER,ANGLE,STRAIGHT & GRADE,DAYLIGHT,,,45187.34714,FALSE,128,Accepted,5,5,O,,DISTRACTION,STEERING FAILURE
32204115,0870100,MT. STERLING POLICE DEPARTMENT,Accepted,MONTGOMERY,US0460,646,MAYSVILLE,ST,N,,EVANS,,,,,38.07553447,-83.94883119,8.181,9/16/2023,1324,2,2,0,0,CLEAR,DRY,FALSE,OPPOSING LEFT TURN,OPPOSING LEFT TURN,STRAIGHT & LEVEL,DAYLIGHT,,,45187.34738,FALSE,139,Accepted,5,5,O,,"FAILED TO YIELD RIGHT OF WAY, INATTENTION",
32207893,0870000,MONTGOMERY CTY SHERIFF DEPT,Accepted,MONTGOMERY,,,OLD OWINGSVILLE,RD,,,RIDGEWOOD,,,,,38.06993618,-83.92235127,1.434,9/13/2023,2129,2,2,0,0,CLEAR,DRY,FALSE,REAR END - ONE VEHICLE TURNING LEFT,REAR END,STRAIGHT & LEVEL,DARK-HWY NOT LIGHTED,,,45187.91672,FALSE,238,Accepted,5,5,O,,ALCOHOL INVOLVEMENT,
32207894,0870000,MONTGOMERY CTY SHERIFF DEPT,Accepted,MONTGOMERY,KY0686,,INDIAN MOUND,DR,,,,,,,,38.0718619,-83.91683692,6.104,9/14/2023,621,2,2,0,0,CLEAR,DRY,FALSE,HEAD-ON COLLISION,HEAD ON,STRAIGHT & HILLCREST,DARK-HWY LIGHTED/ON,,,45187.91692,FALSE,284,Accepted,5,5,O,,INATTENTION,MIRRORS
32207896,0870000,MONTGOMERY CTY SHERIFF DEPT,Accepted,MONTGOMERY,US0060,3348,WINCHESTER,RD,,,,,,,,38.04458552,-83.99692247,1.918,8/18/2023,500,1,1,0,0,CLEAR,WET,FALSE,OTHER COLLISIONS ON SHOULDER,SINGLE VEHICLE,STRAIGHT & HILLCREST,DARK-HWY NOT LIGHTED,,,45187.9171,FALSE,266,Accepted,5,5,O,,"INATTENTION, TOO FAST FOR CONDITIONS",
32207898,0870000,MONTGOMERY CTY SHERIFF DEPT,Accepted,MONTGOMERY,KY0646,,WILLOUGHBY TOWN,RD,,,WARE CHAPEL,,,,,37.94416027,-83.87649261,0.7,9/13/2023,2252,2,2,0,0,CLEAR,DRY,FALSE,OPPOSITE DIRECTION - BOTH VEHICLES GOING STRAIGHT AHEAD,SIDESWIPE-OPPOSITE DIRECTION,STRAIGHT & GRADE,DARK-HWY NOT LIGHTED,,,45187.91727,FALSE,245,Accepted,5,5,O,,FAILED TO KEEP PROPER LANE,
32207974,0870000,MONTGOMERY CTY SHERIFF DEPT,Accepted,MONTGOMERY,US0060,1765,WINCHESTER,RD,,,,,,,,38.05058381,-83.97532973,3.245,9/15/2023,2018,1,1,0,0,CLEAR,DRY,FALSE,RAN OFF ROADWAY (1 VEHICLE WITH/EARTH EMBANKMENT/DITCH),SINGLE VEHICLE,CURVE & LEVEL,DARK-HWY NOT LIGHTED,,,45187.92006,FALSE,245,Accepted,5,5,O,,"FAILED TO KEEP PROPER LANE, OVERCORRECTING/OVERSTEERING",
32207977,0870000,MONTGOMERY CTY SHERIFF DEPT,Accepted,MONTGOMERY,KY0011,,LEVEE,RD,,,,,,,,38.02795078,-83.94877699,8.355,9/14/2023,544,1,1,0,0,CLEAR,DRY,FALSE,COLLISION WITH ANIMAL NON INTERSECTION,SINGLE VEHICLE,STRAIGHT & LEVEL,DARK-HWY NOT LIGHTED,,,45187.92025,FALSE,275,Accepted,5,5,O,ANIMALS ACTION,,
32212309,0870100,MT. STERLING POLICE DEPARTMENT,Accepted,MONTGOMERY,KY0713,,QUEEN,ST,S,,,,,,,38.0567498,-83.93895425,6.408,9/18/2023,1615,2,2,0,0,CLEAR,DRY,FALSE,VEHICLE BACKING NON INTERSECTION,BACKING,STRAIGHT & LEVEL,DAYLIGHT,,,45188.7136,FALSE,154,Accepted,5,5,O,,INATTENTION,
32229088,0870000,MONTGOMERY CTY SHERIFF DEPT,Accepted,MONTGOMERY,US0060,,OWINGSVILLE,RD,,,,,,,,38.07757859,-83.91203228,7.584,8/29/2023,850,1,1,0,0,CLEAR,DRY,FALSE,COLLISION WITH ANIMAL NON INTERSECTION,SINGLE VEHICLE,STRAIGHT & GRADE,DAYLIGHT,,,45192.12782,FALSE,232,Accepted,5,5,O,ANIMALS ACTION,,
32233600,0870100,MT. STERLING POLICE DEPARTMENT,Accepted,MONTGOMERY,KY0686,499,INDIAN MOUND,DR,,,,,,,,38.06728265,-83.95556644,0.892,9/17/2023,1404,2,2,0,0,CLEAR,DRY,FALSE,1 VEHICLE ENTERING/LEAVING ENTRANCE,ANGLE,STRAIGHT & LEVEL,DAYLIGHT,,,45193.76312,FALSE,162,Accepted,5,5,O,,FAILED TO YIELD RIGHT OF WAY,
32233601,0870100,MT. STERLING POLICE DEPARTMENT,Accepted,MONTGOMERY,US0460,,MAYSVILLE,ST,N,KY0686,INDIAN MOUND,,,,,38.07402093,-83.94834334,8.276,9/21/2023,1131,2,2,0,0,CLEAR,DRY,FALSE,ANGLE COLLISION - OTHER,ANGLE,STRAIGHT & LEVEL,DAYLIGHT,,,45193.7632,FALSE,128,Accepted,5,5,O,,INATTENTION,