IncidentID,AgencyORI,AgencyName,IncidentStatusDesc,County,RdwyNumber,Street,RoadwayName,StreetSfx,StreetDir,IntersectionRdwy,IntersectionRdwyName,BetweenStRdwy1,BetweenStRdwyName1,BetweenStRdwy2,BetweenStRdwyName2,Latitude,Longitude,Milepoint,CollisionDate,CollisionTime,UnitsInvolved,MotorVehiclesInvolved,NumberKilled,NumberInjured,Weather,RdwyConditionCode,HitandRun,DirAnalysisCode,MannerofCollision,RdwyCharacter,LightCondition,RampFromRdwyId,RampToRdwyId,AcceptedDate,IsSecondaryCollision,OwnerBadge,IncidentStatus,InjurySeverityCde,KABCO Code,KABCO,Environmental_Factors,Human_Factors,Vehicular_Factors
32233605,0870100,MT. STERLING POLICE DEPARTMENT,Accepted,MONTGOMERY,,,HIGH,ST,E,,,,,,,38.05921936,-83.93522773,0.411,8/4/2023,540,1,1,0,1,FOG,DRY,FALSE,OTHER COLLISIONS ON SHOULDER,SINGLE VEHICLE,STRAIGHT & LEVEL,DARK-HWY LIGHTED/ON,,,45193.76337,FALSE,157,Accepted,5,4,C,,LOST CONSCIOUSNESS/FAINTED,
32268575,0870100,MT. STERLING POLICE DEPARTMENT,Accepted,MONTGOMERY,,,QUEEN,ST,S,KY0713,LOCUST,,,,,38.05591658,-83.9387229,,9/21/2023,1831,2,2,0,0,CLEAR,DRY,FALSE,ANGLE COLLISION - OTHER,ANGLE,STRAIGHT & LEVEL,DAYLIGHT,,,45198.69638,FALSE,155,Accepted,5,5,O,,DISREGARD TRAFFIC CONTROL,
32268577,0870100,MT. STERLING POLICE DEPARTMENT,Accepted,MONTGOMERY,,48,ESTILL TERACE,,,,,,,,,38.04865047,-83.94935413,0.084,9/25/2023,841,2,2,0,0,RAINING,WET,FALSE,1 VEHICLE PARKED POSITION (NOT PARKING LOT/DRIVEWAY),SIDESWIPE-SAME DIRECTION,STRAIGHT & LEVEL,DAYLIGHT,,,45198.69657,FALSE,162,Accepted,5,5,O,,MISJUDGE CLEARANCE,OTHER
32268582,0870100,MT. STERLING POLICE DEPARTMENT,Accepted,MONTGOMERY,US0460,1223,CAMARGO,RD,,,,,,,,38.0336057,-83.92914954,11.358,9/26/2023,1746,3,3,0,1,CLEAR,DRY,FALSE,1 VEHICLE ENTERING/LEAVING ENTRANCE,ANGLE,STRAIGHT & LEVEL,DAYLIGHT,,,45198.69735,FALSE,162,Accepted,5,4,C,,INATTENTION,
32268586,0870100,MT. STERLING POLICE DEPARTMENT,Accepted,MONTGOMERY,,114,SYCAMORE,ST,N,,,,,,,38.05758011,-83.94565167,0.397,9/27/2023,2215,2,2,0,0,CLEAR,DRY,TRUE,1 VEHICLE PARKED POSITION (NOT PARKING LOT/DRIVEWAY),BACKING,STRAIGHT & LEVEL,DARK-HWY LIGHTED/ON,,,45198.69784,FALSE,156,Accepted,5,5,O,,INATTENTION,
32268594,0870100,MT. STERLING POLICE DEPARTMENT,Accepted,MONTGOMERY,KY0686,,INDIAN MOUND,DR,,US0460,MAYSVILLE,,,,,38.07392617,-83.94839494,0.013,9/28/2023,1447,2,2,0,0,CLEAR,DRY,FALSE,REAR END - ONE VEHICLE TURNING RIGHT,REAR END,STRAIGHT & LEVEL,DAYLIGHT,,,45198.69887,FALSE,162,Accepted,5,5,O,,INATTENTION,
32268645,0870000,MONTGOMERY CTY SHERIFF DEPT,Accepted,MONTGOMERY,KY0646,1525,KIDDVILLE,RD,,,,,,,,37.99043398,-83.97654236,9.613,9/18/2023,735,1,1,0,0,CLEAR,DRY,FALSE,OTHER ROADWAY OR MID-BLOCK COLLISION,SINGLE VEHICLE,CURVE & LEVEL,DAYLIGHT,,,45198.70533,FALSE,266,Accepted,5,5,O,,,
32268647,0870000,MONTGOMERY CTY SHERIFF DEPT,Accepted,MONTGOMERY,US0060,,WINCHESTER,RD,,,,,,,,38.05362004,-83.95744165,4.258,9/18/2023,1458,2,2,0,0,CLEAR,DRY,FALSE,REAR END IN TRAFFIC LANES BOTH VEHICLES MOVING,REAR END,STRAIGHT & LEVEL,DAYLIGHT,,,45198.70575,FALSE,228,Accepted,5,5,O,,,
32268651,0870000,MONTGOMERY CTY SHERIFF DEPT,Accepted,MONTGOMERY,US0460,,MAIN,ST,,,SCIENCE RIDGE,,,,,37.96795112,-83.82161467,19.098,9/21/2023,1800,2,2,0,0,CLEAR,DRY,FALSE,OTHER INTERSECTION COLLISIONS,REAR END,STRAIGHT & LEVEL,DAYLIGHT,,,45198.7063,FALSE,252,Accepted,5,5,O,,FOLLOWING TOO CLOSE,
32268662,0870000,MONTGOMERY CTY SHERIFF DEPT,Accepted,MONTGOMERY,,,PREWITT GRASSY LICK,RD,,US0060,WINCHESTER,,,,,38.0356867,-84.01267551,,9/22/2023,1825,2,2,0,0,CLEAR,DRY,FALSE,OPPOSITE DIRECTION - BOTH VEHICLES GOING STRAIGHT AHEAD,SIDESWIPE-OPPOSITE DIRECTION,STRAIGHT & LEVEL,DAYLIGHT,,,45198.70719,FALSE,245,Accepted,5,5,O,,"FAILED TO KEEP PROPER LANE, NOT UNDER PROPER CONTROL",
32268666,0870000,MONTGOMERY CTY SHERIFF DEPT,Accepted,MONTGOMERY,,2885,HOWELL DRENNEN,RD,,,,,,,,38.06958723,-83.99950482,0.507,9/25/2023,1224,2,2,0,0,CLEAR,DRY,FALSE,SIDESWIPE COLLISION - OPPOSITE DIRECTION,SIDESWIPE-OPPOSITE DIRECTION,CURVE & LEVEL,DAYLIGHT,,,45198.70786,FALSE,231,Accepted,5,5,O,,INATTENTION,
32268669,0870000,MONTGOMERY CTY SHERIFF DEPT,Accepted,MONTGOMERY,KY0713,,GRASSY LICK,RD,,,,,,,,38.05863369,-83.96024464,5.574,9/24/2023,1831,2,2,0,0,CLEAR,DRY,FALSE,SIDESWIPE COLLISION - OPPOSITE DIRECTION,SIDESWIPE-OPPOSITE DIRECTION,STRAIGHT & GRADE,DAYLIGHT,,,45198.70874,FALSE,248,Accepted,5,5,O,,INATTENTION,
32268673,0870000,MONTGOMERY CTY SHERIFF DEPT,Accepted,MONTGOMERY,US0060,,OWINGSVILLE,RD,,,,,,,,38.08526481,-83.90007459,8.424,9/25/2023,943,2,2,0,2,CLOUDY,WET,FALSE,REAR END IN TRAFFIC LANES BOTH VEHICLES MOVING,REAR END,STRAIGHT & LEVEL,DAYLIGHT,,,45198.70921,FALSE,228,Accepted,4,4,C,,,BRAKES DEFECTIVE
32268675,0870000,MONTGOMERY CTY SHERIFF DEPT,Accepted,MONTGOMERY,,,E,ST,,,,,,,,38.06928765,-83.92349178,0.124,9/20/2023,1455,2,2,0,0,CLEAR,DRY,FALSE,1 VEHICLE ENTERING/LEAVING ENTRANCE,ANGLE,STRAIGHT & GRADE,DAYLIGHT,,,45198.70978,FALSE,226,Accepted,5,5,O,,"FAILED TO YIELD RIGHT OF WAY, MISJUDGE CLEARANCE",
32268679,0870000,MONTGOMERY CTY SHERIFF DEPT,Accepted,MONTGOMERY,KY0213,300,KY213,,,,,,,,,37.9747755,-83.8524307,5.188,9/26/2023,1410,2,2,0,0,CLEAR,DRY,FALSE,VEHICLE BACKING NON INTERSECTION,BACKING,STRAIGHT & LEVEL,DAYLIGHT,,,45198.71077,FALSE,228,Accepted,5,5,O,,,
32272717,0870100,MT. STERLING POLICE DEPARTMENT,Accepted,MONTGOMERY,,303/304,HARRISON,AVE,,,,,TROJAN,,REFFITT,38.06166898,-83.9415483,0.063,9/20/2023,1716,2,1,0,0,CLEAR,DRY,FALSE,1 VEHICLE PARKED POSITION (NOT PARKING LOT/DRIVEWAY),BACKING,STRAIGHT & LEVEL,DAYLIGHT,,,45200.12703,FALSE,121,Accepted,5,5,O,,DISTRACTION,
32289685,0870100,MT. STERLING POLICE DEPARTMENT,Accepted,MONTGOMERY,,,LOCUST,ST,W,US0460,BANK,,,,,38.05493701,-83.94262036,0.246,9/29/2023,1145,1,1,0,0,CLEAR,DRY,FALSE,OTHER INTERSECTION COLLISIONS,SINGLE VEHICLE,STRAIGHT & LEVEL,DAYLIGHT,,,45203.81202,FALSE,157,Accepted,5,5,O,FIXED OBJECT(S),MISJUDGE CLEARANCE,
32289686,0870100,MT. STERLING POLICE DEPARTMENT,Accepted,MONTGOMERY,US0460,,MAYSVILLE,ST,N,,,,,,,38.07599011,-83.94879936,8.198,9/29/2023,1650,2,2,0,0,CLEAR,DRY,FALSE,REAR END IN TRAFFIC LANES BOTH VEHICLES MOVING,REAR END,STRAIGHT & LEVEL,DAYLIGHT,,,45203.81212,FALSE,157,Accepted,5,5,O,,INATTENTION,
32295290,0870100,MT. STERLING POLICE DEPARTMENT,Accepted,MONTGOMERY,US0460,,CAMARGO,RD,,KY0686,INDIAN MOUND,,,,,38.04185505,-83.93421858,10.707,9/25/2023,1753,3,1,0,2,CLEAR,DRY,FALSE,OTHER INTERSECTION COLLISIONS,REAR END,STRAIGHT & LEVEL,DAYLIGHT,,,45205.12729,FALSE,121,Accepted,5,4,C,,INATTENTION,
32299222,0870100,MT. STERLING POLICE DEPARTMENT,Accepted,MONTGOMERY,,,ACCESS,RD,,,,,,,,38.06929786,-83.95400023,0.095,10/5/2023,1800,2,2,0,0,CLOUDY,DRY,FALSE,1 VEHICLE ENTERING/LEAVING ENTRANCE,ANGLE,STRAIGHT & LEVEL,DAYLIGHT,,,45206.0143,FALSE,154,Accepted,5,5,O,,INATTENTION,
32312887,0870000,MONTGOMERY CTY SHERIFF DEPT,Accepted,MONTGOMERY,KY0011,,LEVEE,RD,,,,,,,,38.02986171,-83.94930635,8.49,9/30/2023,600,1,1,0,0,FOG,DRY,FALSE,COLLISION WITH ANIMAL NON INTERSECTION,SINGLE VEHICLE,STRAIGHT & LEVEL,DARK-HWY NOT LIGHTED,,,45209.59595,FALSE,284,Accepted,5,5,O,"ANIMALS ACTION, VIEW OBSTRUCTED, LIMITED DUE TO WEATHER CONDITIONS",,
32312894,0870000,MONTGOMERY CTY SHERIFF DEPT,Accepted,MONTGOMERY,US0460,,PARIS,RD,,,,,,,,38.12229089,-84.05708837,0.716,9/14/2023,500,2,2,0,0,CLEAR,DRY,FALSE,SIDESWIPE COLLISION - OPPOSITE DIRECTION,SIDESWIPE-OPPOSITE DIRECTION,STRAIGHT & LEVEL,DARK-HWY NOT LIGHTED,,,45209.59625,FALSE,284,Accepted,5,5,O,,,
32312897,0870000,MONTGOMERY CTY SHERIFF DEPT,Accepted,MONTGOMERY,US0460,,MAIN,ST,,,,,,,,37.97154752,-83.8362035,18.28,10/1/2023,1305,2,2,0,0,CLEAR,DRY,FALSE,SIDESWIPE COLLISION - SAME DIRECTION,SIDESWIPE-SAME DIRECTION,STRAIGHT & LEVEL,DAYLIGHT,,,45209.59647,FALSE,228,Accepted,5,5,O,GLARE (SUN),,
32312911,0870000,MONTGOMERY CTY SHERIFF DEPT,Accepted,MONTGOMERY,KY0011,,LEVEE,RD,,,,,,,,37.93795273,-83.92695044,1.587,10/3/2023,1540,1,1,0,2,CLEAR,DRY,FALSE,RAN OFF ROADWAY (1 VEHICLE WITH/EARTH EMBANKMENT/DITCH),SINGLE VEHICLE,CURVE & GRADE,DAYLIGHT,,,45209.59824,FALSE,226,Accepted,4,4,C,,NOT UNDER PROPER CONTROL,
32312924,0870000,MONTGOMERY CTY SHERIFF DEPT,Accepted,MONTGOMERY,,,OLD OWINGSVILLE,RD,,,B,,,,,38.06633835,-83.92584462,1.747,10/5/2023,833,2,2,0,0,CLEAR,DRY,FALSE,REAR END - ONE VEHICLE TURNING LEFT,REAR END,STRAIGHT & LEVEL,DAYLIGHT,,,45209.59901,FALSE,231,Accepted,5,5,O,,"INATTENTION, MISJUDGE CLEARANCE",
32312930,0870000,MONTGOMERY CTY SHERIFF DEPT,Accepted,MONTGOMERY,,126,PAULA,DR,,,,,,,,38.02268653,-83.94649115,0.119,9/26/2023,1715,1,1,0,0,CLEAR,DRY,FALSE,COLLISION WITH FIXED OBJECT NON - INTERSECTION - FIRST EVENT COLLISION 09 - 32 EXCLUDING 16,SINGLE VEHICLE,STRAIGHT & LEVEL,DAYLIGHT,,,45209.59962,FALSE,245,Accepted,5,5,O,,,
32312933,0870000,MONTGOMERY CTY SHERIFF DEPT,Accepted,MONTGOMERY,KY0646,2302,NEST EGG,RD,,,,,,,,37.9584542,-83.9708056,6.737,10/7/2023,1653,1,1,0,1,CLEAR,DRY,FALSE,RAN OFF ROADWAY (1 VEHICLE WITH/EARTH EMBANKMENT/DITCH),SINGLE VEHICLE,STRAIGHT & LEVEL,DAYLIGHT,,,45209.59981,FALSE,249,Accepted,4,4,C,OTHER,,
32312936,0870000,MONTGOMERY CTY SHERIFF DEPT,Accepted,MONTGOMERY,,,STEPSTONE,RD,,,,,,,,38.08320238,-83.893511,0.181,10/9/2023,142,1,1,0,2,CLEAR,DRY,FALSE,OTHER COLLISIONS ON SHOULDER,SINGLE VEHICLE,STRAIGHT & GRADE,DARK-HWY NOT LIGHTED,,,45209.60007,FALSE,275,Accepted,5,2,A,,"INATTENTION, NOT UNDER PROPER CONTROL",
32313027,0870100,MT. STERLING POLICE DEPARTMENT,Accepted,MONTGOMERY,,,SIDNEY,DR,,,JOHNSON,,,,,38.06365377,-83.93970253,0.004,10/5/2023,1817,2,2,0,0,CLOUDY,DRY,FALSE,OPPOSITE DIRECTION - BOTH VEHICLES GOING STRAIGHT AHEAD,SIDESWIPE-OPPOSITE DIRECTION,STRAIGHT & LEVEL,DUSK,,,45209.60805,FALSE,121,Accepted,5,5,O,,MISJUDGE CLEARANCE,
32313041,0870100,MT. STERLING POLICE DEPARTMENT,Accepted,MONTGOMERY,US0460,,MAYSVILLE,RD,,,,,,,,38.07883925,-83.94948985,7.947,10/8/2023,1947,2,2,0,0,CLEAR,DRY,FALSE,REAR END IN TRAFFIC LANES BOTH VEHICLES MOVING,REAR END,STRAIGHT & LEVEL,DARK-HWY LIGHTED/ON,,,45209.60872,FALSE,156,Accepted,5,5,O,,INATTENTION,
32313049,0870100,MT. STERLING POLICE DEPARTMENT,Accepted,MONTGOMERY,,105,ROSE,CT,,,,,,,,38.05474408,-83.93487751,0.034,10/9/2023,2324,2,2,0,0,CLOUDY,DRY,FALSE,1 VEHICLE PARKED POSITION (NOT PARKING LOT/DRIVEWAY),ANGLE,STRAIGHT & HILLCREST,DARK-HWY LIGHTED/ON,,,45209.60906,FALSE,154,Accepted,5,5,O,,INATTENTION,BRAKES DEFECTIVE
32313056,0870100,MT. STERLING POLICE DEPARTMENT,Accepted,MONTGOMERY,US0460,,MAYSVILLE,ST,N,,,,,,,38.06999729,-83.94717594,8.58,10/6/2023,1200,2,2,0,0,CLEAR,DRY,FALSE,OTHER ROADWAY OR MID-BLOCK COLLISION,REAR END,STRAIGHT & GRADE,DAYLIGHT,,,45209.60926,FALSE,157,Accepted,5,5,O,"NON-HIGHWAY WORK: WORK ZONE (Utility, Tree, etc.)",INATTENTION,
32313334,0870000,MONTGOMERY CTY SHERIFF DEPT,Accepted,MONTGOMERY,,,OLD OWINGSVILLE,RD,,,GREEN HILL,,,,,38.07455383,-83.91011699,0.674,9/28/2023,1950,2,1,1,0,CLEAR,DRY,FALSE,COLLISION WITH PEDESTRIAN IN INTERSECTION,SINGLE VEHICLE,STRAIGHT & LEVEL,DARK-HWY NOT LIGHTED,,,45209.59744,FALSE,292,Accepted,5,1,K,OTHER,"INATTENTION, OTHER",
32330985,0870100,MT. STERLING POLICE DEPARTMENT,Accepted,MONTGOMERY,KY0011,,LEVEE,RD,,KY0686,INDIAN MOUND,,,,,38.04088418,-83.94822485,9.217,10/7/2023,1000,2,2,0,0,CLEAR,DRY,FALSE,OTHER INTERSECTION COLLISIONS,REAR END,STRAIGHT & LEVEL,DAYLIGHT,,,45213.87707,FALSE,162,Accepted,5,5,O,,INATTENTION,
32330986,0870100,MT. STERLING POLICE DEPARTMENT,Accepted,MONTGOMERY,US0460,,MAYSVILLE,ST,N,KY0686,INDIAN MOUND,,,,,38.07421622,-83.94836302,8.273,9/27/2023,1513,2,2,0,0,CLEAR,DRY,FALSE,SIDESWIPE-SAME DIRECTION,SIDESWIPE-SAME DIRECTION,STRAIGHT & LEVEL,DAYLIGHT,,,45213.87714,FALSE,155,Accepted,5,5,O,,MISJUDGE CLEARANCE,
32330990,0870100,MT. STERLING POLICE DEPARTMENT,Accepted,MONTGOMERY,KY0686,261,INDIAN MOUND,DR,,,,,,,,38.07248807,-83.95459685,,9/29/2023,259,1,1,0,0,CLEAR,DRY,FALSE,COLLISION WITH FIXED OBJECT NON - INTERSECTION - FIRST EVENT COLLISION 09 - 32 EXCLUDING 16,SINGLE VEHICLE,STRAIGHT & LEVEL,DARK-HWY LIGHTED/ON,,,45213.87722,FALSE,155,Accepted,5,5,O,,INATTENTION,
32347440,0870100,MT. STERLING POLICE DEPARTMENT,Accepted,MONTGOMERY,US0460,1005,MAYSVILLE,RD,,,,,,,,38.07977172,-83.94946608,7.883,10/16/2023,1306,2,2,0,0,CLEAR,DRY,FALSE,OTHER COLLISIONS ON SHOULDER,ANGLE,STRAIGHT & LEVEL,DAYLIGHT,,,45217.80809,FALSE,154,Accepted,5,5,O,,INATTENTION,
32347441,0870100,MT. STERLING POLICE DEPARTMENT,Accepted,MONTGOMERY,,,PINE HURST,DR,,,,,,,,38.09155784,-83.94408714,0.298,10/17/2023,841,2,2,0,0,CLOUDY,DRY,FALSE,1 VEHICLE PARKED POSITION (NOT PARKING LOT/DRIVEWAY),ANGLE,CURVE & LEVEL,DAYLIGHT,,,45217.80816,FALSE,128,Accepted,5,5,O,"NON-HIGHWAY WORK: WORK ZONE (Utility, Tree, etc.)",MISJUDGE CLEARANCE,
32354191,0870100,MT. STERLING POLICE DEPARTMENT,Accepted,MONTGOMERY,,710,NORTHVIEW,DR,,,EVANS,,,,,38.07575887,-83.94924775,0.023,10/14/2023,1722,1,1,0,0,RAINING,WET,FALSE,COLLISION WITH FIXED OBJECT IN INTERSECTION - FIRST EVENT COLLISION 09 - 32,SINGLE VEHICLE,STRAIGHT & LEVEL,DAYLIGHT,,,45219.38927,FALSE,121,Accepted,5,5,O,,INATTENTION,
32354192,0870100,MT. STERLING POLICE DEPARTMENT,Accepted,MONTGOMERY,,,BANK,ST,N,US0060,MAIN,,,,,38.05622841,-83.94338551,0.007,10/19/2023,1031,2,2,0,1,CLOUDY,DRY,FALSE,ANGLE COLLISION - OTHER,ANGLE,STRAIGHT & GRADE,DAYLIGHT,,,45219.38934,FALSE,128,Accepted,5,4,C,,INATTENTION,
32358200,0870100,MT. STERLING POLICE DEPARTMENT,Accepted,MONTGOMERY,,,TENNEY,AVE,,,,,,,,38.05400133,-83.93644532,0.162,10/19/2023,1545,1,1,0,0,CLEAR,DRY,FALSE,OTHER ROADWAY OR MID-BLOCK COLLISION,SINGLE VEHICLE,STRAIGHT & GRADE,DAYLIGHT,,,45220.63433,FALSE,137,Accepted,5,5,O,,OTHER,
32359220,0870100,MT. STERLING POLICE DEPARTMENT,Accepted,MONTGOMERY,,623,MAYSVILLE,RD,N,,,,,,,38.072694,-83.94781959,,10/21/2023,1339,2,2,0,0,CLEAR,DRY,FALSE,OTHER ROADWAY OR MID-BLOCK COLLISION,OPPOSING LEFT TURN,STRAIGHT & LEVEL,DAYLIGHT,,,45220.98153,FALSE,153,Accepted,5,5,O,,FAILED TO YIELD RIGHT OF WAY,
32364269,0870100,MT. STERLING POLICE DEPARTMENT,Accepted,MONTGOMERY,KY0686,808,INDIAN MOUND,DR,,,,,,,,38.06307677,-83.9549597,,10/21/2023,1600,2,2,0,0,CLEAR,WET,TRUE,REAR END IN TRAFFIC LANES BOTH VEHICLES MOVING,REAR END,STRAIGHT & LEVEL,DAYLIGHT,,,45222.45154,FALSE,121,Accepted,5,5,O,,,
32367828,0870000,MONTGOMERY CTY SHERIFF DEPT,Accepted,MONTGOMERY,,,OLD OWINGSVILLE,RD,,,INGRAM MOBILE HOME PARK,,,,,38.07695311,-83.90663032,0.417,10/12/2023,1620,2,1,0,0,CLEAR,DRY,TRUE,OPPOSITE DIRECTION - BOTH VEHICLES GOING STRAIGHT AHEAD,SIDESWIPE-OPPOSITE DIRECTION,STRAIGHT & GRADE,DAYLIGHT,,,45223.12939,FALSE,232,Accepted,5,5,O,,DISREGARD TRAFFIC CONTROL,
32378805,0870000,MONTGOMERY CTY SHERIFF DEPT,Accepted,MONTGOMERY,US0460,,MAIN,ST,,KY0213,BEDFORD,,,,,37.97725475,-83.85371774,17.275,10/10/2023,1751,2,2,0,0,CLEAR,DRY,FALSE,ANGLE COLLISION - OTHER,ANGLE,STRAIGHT & LEVEL,DAYLIGHT,,,45225.45287,FALSE,245,Accepted,5,5,O,,FAILED TO YIELD RIGHT OF WAY,
32382269,0870100,MT. STERLING POLICE DEPARTMENT,Accepted,MONTGOMERY,US0460,,MAYSVILLE,ST,N,KY0686,INDIAN MOUND,,,,,38.07411958,-83.9483118,8.279,10/25/2023,1603,2,2,0,0,CLEAR,DRY,FALSE,ANGLE COLLISION - OTHER,ANGLE,STRAIGHT & LEVEL,DAYLIGHT,,,45226.25629,FALSE,130,Accepted,5,5,O,,"FAILED TO YIELD RIGHT OF WAY, INATTENTION",
32382270,0870100,MT. STERLING POLICE DEPARTMENT,Accepted,MONTGOMERY,US0460,,MAYSVILLE,ST,N,,,,,,,38.07203568,-83.94752054,8.443,10/25/2023,1543,2,2,0,0,CLEAR,DRY,FALSE,REAR END IN TRAFFIC LANES BOTH VEHICLES MOVING,REAR END,STRAIGHT & LEVEL,DAYLIGHT,,,45226.25635,FALSE,162,Accepted,5,5,O,,TURNING IMPROPERLY,MIRRORS
32382271,0870100,MT. STERLING POLICE DEPARTMENT,Accepted,MONTGOMERY,KY0686,,INDIAN MOUND,DR,,,MT STERLING,,,,,38.07104924,-83.95511359,0.463,10/25/2023,1555,2,2,0,0,CLEAR,DRY,FALSE,OTHER INTERSECTION COLLISIONS,REAR END,STRAIGHT & LEVEL,DAYLIGHT,,,45226.25643,FALSE,155,Accepted,5,5,O,,,
32382274,0870100,MT. STERLING POLICE DEPARTMENT,Accepted,MONTGOMERY,KY0686,,INDIAN MOUND,DR,,KY0713,HIGH,,,,,38.0578835,-83.95576924,1.347,10/26/2023,1425,2,2,0,1,CLEAR,DRY,TRUE,OTHER INTERSECTION COLLISIONS,REAR END,STRAIGHT & LEVEL,DAYLIGHT,,,45226.25654,FALSE,162,Accepted,4,4,C,,INATTENTION,
32382277,0870100,MT. STERLING POLICE DEPARTMENT,Accepted,MONTGOMERY,KY0686,,INDIAN MOUND,DR,,,,,,,,38.067341,-83.95542497,0.721,10/26/2023,1940,2,2,0,0,CLEAR,DRY,FALSE,1 VEHICLE ENTERING/LEAVING ENTRANCE,ANGLE,STRAIGHT & LEVEL,DARK-HWY LIGHTED/ON,,,45226.25663,FALSE,156,Accepted,5,5,O,,INATTENTION,
32385304,0870100,MT. STERLING POLICE DEPARTMENT,Accepted,MONTGOMERY,US0460,,MAYSVILLE,ST,N,,,,,,,38.07420539,-83.94843804,8.284,4/24/2023,1203,2,2,0,0,CLEAR,DRY,FALSE,1 VEHICLE ENTERING/LEAVING ENTRANCE,ANGLE,STRAIGHT & LEVEL,DAYLIGHT,,,45226.7825,FALSE,149,Accepted,5,5,O,,INATTENTION,
32388699,0870100,MT. STERLING POLICE DEPARTMENT,Accepted,MONTGOMERY,US0460,,PARIS,RD,,,MAYSVILLE,,,,,38.08807153,-83.95028052,,10/28/2023,1148,2,2,0,0,CLOUDY,DRY,FALSE,OTHER INTERSECTION COLLISIONS,REAR TO REAR,STRAIGHT & LEVEL,DAYLIGHT,,,45228.06071,FALSE,153,Accepted,5,5,O,,INATTENTION,
32388700,0870100,MT. STERLING POLICE DEPARTMENT,Accepted,MONTGOMERY,,,WINGTIP,WAY,,,FALCON,,,,,38.0756527,-83.94835277,0.099,10/27/2023,1640,2,2,0,0,RAINING,WET,FALSE,OTHER INTERSECTION COLLISIONS,REAR END,STRAIGHT & LEVEL,DAYLIGHT,,,45228.06085,FALSE,154,Accepted,5,5,O,SLIPPERY SURFACE,,
32402558,0870100,MT. STERLING POLICE DEPARTMENT,Accepted,MONTGOMERY,KY0686,,INDIAN MOUND,DR,,KY0713,HIGH,,,,,38.05810029,-83.95591113,1.354,10/27/2023,1739,2,2,0,0,RAINING,WET,FALSE,ANGLE COLLISION - OTHER,ANGLE,STRAIGHT & LEVEL,DAYLIGHT,,,45231.52159,FALSE,154,Accepted,5,5,O,,FAILED TO YIELD RIGHT OF WAY,
32402606,0870100,MT. STERLING POLICE DEPARTMENT,Accepted,MONTGOMERY,US0460,,MAYSVILLE,ST,N,,,,,,,38.06297254,-83.94458761,9.082,10/27/2023,1600,2,2,0,0,RAINING,WET,FALSE,REAR END IN TRAFFIC LANES BOTH VEHICLES MOVING,REAR END,STRAIGHT & LEVEL,DAYLIGHT,,,45231.52328,FALSE,157,Accepted,5,5,O,SLIPPERY SURFACE,INATTENTION,
32412488,0870100,MT. STERLING POLICE DEPARTMENT,Accepted,MONTGOMERY,US0460,,MAYSVILLE,ST,N,,EVANS,,,,,38.07558977,-83.94885099,8.182,11/2/2023,1642,2,2,0,0,CLEAR,DRY,TRUE,OTHER INTERSECTION COLLISIONS,REAR END,STRAIGHT & LEVEL,DAYLIGHT,,,45233.56309,FALSE,121,Accepted,5,5,O,,,
32412492,0870100,MT. STERLING POLICE DEPARTMENT,Accepted,MONTGOMERY,KY0686,,INDIAN MOUND,DR,,,COMMONWEATLH,,,,,38.06736014,-83.95541251,,11/3/2023,1056,2,2,0,1,CLEAR,DRY,FALSE,OPPOSING LEFT TURN,OPPOSING LEFT TURN,STRAIGHT & LEVEL,DAYLIGHT,,,45233.56354,FALSE,153,Accepted,4,4,C,,"FAILED TO YIELD RIGHT OF WAY, INATTENTION",
32424341,0870100,MT. STERLING POLICE DEPARTMENT,Accepted,MONTGOMERY,US0460,,MAYSVILLE,ST,N,,JOHNSON,,,,,38.06276562,-83.94408596,9.096,11/2/2023,1637,2,2,0,1,CLEAR,DRY,FALSE,ANGLE COLLISION - OTHER,ANGLE,STRAIGHT & LEVEL,DAYLIGHT,,,45236.65534,FALSE,154,Accepted,3,3,B,,"FAILED TO YIELD RIGHT OF WAY, INATTENTION",
32426288,0870200,MONTGOMERY CO SCHOOL DIST PD,Accepted,MONTGOMERY,,724,WOODFORD,DR,,,,,,,,38.04564639,-83.94154506,0.148,10/27/2023,830,2,1,0,0,CLEAR,DRY,FALSE,1 VEHICLE ENTERING/LEAVING ENTRANCE,ANGLE,STRAIGHT & GRADE,DAYLIGHT,,,45237.12681,FALSE,700,Accepted,5,5,O,,FAILED TO YIELD RIGHT OF WAY,
32433621,0870100,MT. STERLING POLICE DEPARTMENT,Accepted,MONTGOMERY,KY0686,N,INDIAN MOUND,DR,,,,,,,,38.07343199,-83.94999438,,11/7/2023,1015,1,1,0,1,BLOWING SAND/SOIL/DIRT/SNOW,DRY,FALSE,OTHER ROADWAY OR MID-BLOCK COLLISION,SINGLE VEHICLE,STRAIGHT & LEVEL,DAYLIGHT,,,45238.58395,FALSE,153,Accepted,4,4,C,,OTHER,