IncidentID,AgencyORI,AgencyName,IncidentStatusDesc,County,RdwyNumber,Street,RoadwayName,StreetSfx,StreetDir,IntersectionRdwy,IntersectionRdwyName,BetweenStRdwy1,BetweenStRdwyName1,BetweenStRdwy2,BetweenStRdwyName2,Latitude,Longitude,Milepoint,CollisionDate,CollisionTime,UnitsInvolved,MotorVehiclesInvolved,NumberKilled,NumberInjured,Weather,RdwyConditionCode,HitandRun,DirAnalysisCode,MannerofCollision,RdwyCharacter,LightCondition,RampFromRdwyId,RampToRdwyId,AcceptedDate,IsSecondaryCollision,OwnerBadge,IncidentStatus,InjurySeverityCde,KABCO Code,KABCO,Environmental_Factors,Human_Factors,Vehicular_Factors
32434661,0870000,MONTGOMERY CTY SHERIFF DEPT,Accepted,MONTGOMERY,KY3363,,SAWMILL,RD,,,,,,,,37.92761204,-83.90947031,0.265,10/9/2023,1156,1,1,0,1,CLEAR,DRY,FALSE,RAN OFF ROADWAY (1 VEHICLE WITH/EARTH EMBANKMENT/DITCH),SINGLE VEHICLE,STRAIGHT & GRADE,DAYLIGHT,,,45238.71587,FALSE,228,Accepted,2,2,A,,"LOST CONSCIOUSNESS/FAINTED, SICK",
32434662,0870000,MONTGOMERY CTY SHERIFF DEPT,Accepted,MONTGOMERY,,,MCCORMICK,RD,,,,,,,,37.99488459,-83.88749668,0.054,10/11/2023,545,1,1,0,0,CLEAR,DRY,FALSE,COLLISION WITH FIXED OBJECT NON - INTERSECTION - FIRST EVENT COLLISION 09 - 32 EXCLUDING 16,SINGLE VEHICLE,STRAIGHT & LEVEL,DARK-HWY NOT LIGHTED,,,45238.71596,FALSE,284,Accepted,5,5,O,,,
32434663,0870000,MONTGOMERY CTY SHERIFF DEPT,Accepted,MONTGOMERY,KY0686,,KY686 CROSSOVER,,,,,,,,,38.0552789,-83.95633579,0.002,10/13/2023,1222,2,2,0,0,CLEAR,DRY,FALSE,1 VEHICLE ENTERING/LEAVING ENTRANCE,ANGLE,STRAIGHT & LEVEL,DAYLIGHT,,,45238.71608,FALSE,298,Accepted,5,5,O,,FAILED TO YIELD RIGHT OF WAY,
32434664,0870000,MONTGOMERY CTY SHERIFF DEPT,Accepted,MONTGOMERY,,,WOODBURN,AVE,,,,,,,,38.06843995,-83.91834106,0.031,10/13/2023,1445,2,2,0,0,CLEAR,DRY,FALSE,1 VEHICLE PARKED POSITION (NOT PARKING LOT/DRIVEWAY),BACKING,STRAIGHT & LEVEL,DAYLIGHT,,,45238.71617,FALSE,226,Accepted,5,5,O,,FAILED TO YIELD RIGHT OF WAY,
32434666,0870000,MONTGOMERY CTY SHERIFF DEPT,Accepted,MONTGOMERY,US0460,,CAMARGO,RD,,,,,,,,37.99728107,-83.89455533,14.589,10/14/2023,1416,2,2,0,0,CLOUDY,DRY,FALSE,REAR END IN TRAFFIC LANES BOTH VEHICLES MOVING,REAR END,STRAIGHT & LEVEL,DAYLIGHT,,,45238.71626,FALSE,226,Accepted,5,5,O,,FAILED TO YIELD RIGHT OF WAY,
32434668,0870000,MONTGOMERY CTY SHERIFF DEPT,Accepted,MONTGOMERY,US0060,1352,OWINGSVILLE,RD,,,,,,,,38.06554799,-83.93047264,6.14,10/13/2023,100,1,1,0,0,CLEAR,DRY,TRUE,OTHER ROADWAY OR MID-BLOCK COLLISION,SINGLE VEHICLE,STRAIGHT & LEVEL,DARK-HWY LIGHTED/ON,,,45238.71639,FALSE,266,Accepted,5,5,O,,"ALCOHOL INVOLVEMENT, NOT UNDER PROPER CONTROL",
32434669,0870000,MONTGOMERY CTY SHERIFF DEPT,Accepted,MONTGOMERY,,,CHANDLER,LN,,,,,,,,38.08981516,-83.89984789,0.164,10/10/2023,545,2,2,0,0,CLEAR,DRY,FALSE,SIDESWIPE COLLISION - OPPOSITE DIRECTION,SIDESWIPE-OPPOSITE DIRECTION,CURVE & HILLCREST,DARK-HWY NOT LIGHTED,,,45238.71651,FALSE,266,Accepted,5,5,O,,OTHER,
32434675,0870000,MONTGOMERY CTY SHERIFF DEPT,Accepted,MONTGOMERY,KY0646,,KIDDVILLE,RD,,,,,,,,37.97507002,-83.9869485,8.277,10/10/2023,1827,2,2,0,0,CLEAR,DRY,FALSE,SIDESWIPE COLLISION - OPPOSITE DIRECTION,SIDESWIPE-OPPOSITE DIRECTION,STRAIGHT & LEVEL,DAYLIGHT,,,45238.71682,FALSE,238,Accepted,5,5,O,"OTHER, SHOULDERS DEFECTIVE/DROP-OFF",,MIRRORS
32434676,0870000,MONTGOMERY CTY SHERIFF DEPT,Accepted,MONTGOMERY,KY0713,,SPENCER,PIKE,,,,,,,,38.02621152,-83.79542924,15.449,10/14/2023,1557,2,2,0,1,RAINING,WET,FALSE,HEAD-ON COLLISION,HEAD ON,CURVE & LEVEL,DAYLIGHT,,,45238.71693,FALSE,248,Accepted,5,3,B,SLIPPERY SURFACE,NOT UNDER PROPER CONTROL,
32434679,0870000,MONTGOMERY CTY SHERIFF DEPT,Accepted,MONTGOMERY,US0460,,MAIN,ST,,,,,,,,37.97658449,-83.85169484,17.395,10/15/2023,37,1,1,0,0,CLEAR,WET,FALSE,OTHER ROADWAY OR MID-BLOCK COLLISION,SINGLE VEHICLE,STRAIGHT & LEVEL,DARK-HWY LIGHTED/ON,,,45238.71703,FALSE,284,Accepted,5,5,O,,ALCOHOL INVOLVEMENT,
32434689,0870000,MONTGOMERY CTY SHERIFF DEPT,Accepted,MONTGOMERY,KY1331,2860,HOWARDS MILL,RD,,,,,,,,38.07044328,-83.87552551,1.848,10/10/2023,1948,1,1,0,1,CLEAR,DRY,FALSE,RAN OFF ROADWAY (1 VEHICLE WITH/EARTH EMBANKMENT/DITCH),SINGLE VEHICLE,STRAIGHT & LEVEL,DAYLIGHT,,,45238.71727,FALSE,238,Accepted,5,4,C,,FELL ASLEEP,
32434691,0870000,MONTGOMERY CTY SHERIFF DEPT,Accepted,MONTGOMERY,KY0213,,KY213,,,,,,,,,37.91592135,-83.86943013,0.682,10/14/2023,931,1,1,2,0,RAINING,WET,FALSE,RAN OFF ROADWAY (1 VEHICLE WITH/EARTH EMBANKMENT/DITCH),SINGLE VEHICLE,CURVE & HILLCREST,DAYLIGHT,,,45238.71738,FALSE,249,Accepted,1,1,K,SLIPPERY SURFACE,,
32434694,0870000,MONTGOMERY CTY SHERIFF DEPT,Accepted,MONTGOMERY,US0060,,WINCHESTER,RD,,,COLLINS,,,,,38.05295889,-83.96512913,3.833,10/20/2023,1225,2,2,1,2,RAINING,WET,FALSE,ANGLE COLLISION - OTHER,ANGLE,STRAIGHT & LEVEL,DAYLIGHT,,,45238.71768,FALSE,231,Accepted,1,1,K,SLIPPERY SURFACE,"FAILED TO YIELD RIGHT OF WAY, INATTENTION, MISJUDGE CLEARANCE",
32434696,0870000,MONTGOMERY CTY SHERIFF DEPT,Accepted,MONTGOMERY,US0460,,MAIN,ST,,,,,,,,37.97199349,-83.8375253,18.202,10/18/2023,531,2,2,0,0,CLEAR,DRY,TRUE,SIDESWIPE COLLISION - SAME DIRECTION,SIDESWIPE-SAME DIRECTION,STRAIGHT & LEVEL,DARK-HWY LIGHTED/ON,,,45238.71784,FALSE,284,Accepted,5,5,O,,,
32434702,0870000,MONTGOMERY CTY SHERIFF DEPT,Accepted,MONTGOMERY,KY0646,,KIDDVILLE,RD,,,,,,,,37.99327664,-83.97226037,9.942,10/22/2023,1647,1,1,0,1,CLEAR,DRY,FALSE,COLLISION WITH FIXED OBJECT NON - INTERSECTION - FIRST EVENT COLLISION 09 - 32 EXCLUDING 16,SINGLE VEHICLE,STRAIGHT & LEVEL,DAYLIGHT,,,45238.71821,FALSE,249,Accepted,3,3,B,,"ALCOHOL INVOLVEMENT, CELL PHONE",
32434703,0870000,MONTGOMERY CTY SHERIFF DEPT,Accepted,MONTGOMERY,KY0646,646,NEST EGG,RD,,,,,,,,37.96475006,-83.94894063,5.392,10/23/2023,828,1,1,0,1,CLEAR,DRY,FALSE,COLLISION WITH FIXED OBJECT NON - INTERSECTION - FIRST EVENT COLLISION 09 - 32 EXCLUDING 16,SINGLE VEHICLE,CURVE & LEVEL,DAYLIGHT,,,45238.7183,FALSE,231,Accepted,5,2,A,,FELL ASLEEP,
32434704,0870000,MONTGOMERY CTY SHERIFF DEPT,Accepted,MONTGOMERY,KY0011,,LEVEE,RD,,,,,,,,38.02823439,-83.94887794,8.375,10/18/2023,1412,1,1,0,1,CLEAR,DRY,FALSE,RAN OFF ROADWAY (1 VEHICLE WITH/EARTH EMBANKMENT/DITCH),SINGLE VEHICLE,STRAIGHT & LEVEL,DAYLIGHT,,,45238.71836,FALSE,228,Accepted,4,4,C,,OTHER,
32434705,0870000,MONTGOMERY CTY SHERIFF DEPT,Accepted,MONTGOMERY,US0460,,MAIN,ST,,,,,,,,37.97066059,-83.83375924,18.421,10/23/2023,809,2,2,0,0,CLEAR,DRY,FALSE,OTHER ROADWAY OR MID-BLOCK COLLISION,REAR END,STRAIGHT & LEVEL,DAWN,,,45238.71842,FALSE,228,Accepted,5,5,O,,DISTRACTION,
32434708,0870000,MONTGOMERY CTY SHERIFF DEPT,Accepted,MONTGOMERY,,1775,FOGG,PIKE,,,,,,,,38.0326751,-83.9718765,1.64,10/22/2023,1728,1,1,0,0,CLEAR,DRY,FALSE,COLLISION WITH FIXED OBJECT NON - INTERSECTION - FIRST EVENT COLLISION 09 - 32 EXCLUDING 16,SINGLE VEHICLE,CURVE & LEVEL,DAYLIGHT,,,45238.71857,FALSE,238,Accepted,5,5,O,OTHER,,
32434715,0870000,MONTGOMERY CTY SHERIFF DEPT,Accepted,MONTGOMERY,,2583,PREWITT,PIKE,,,,,,,,38.01898293,-83.99908575,2.789,10/25/2023,1740,1,1,0,0,CLEAR,DRY,FALSE,OTHER COLLISIONS ON SHOULDER,SINGLE VEHICLE,STRAIGHT & HILLCREST,DAYLIGHT,,,45238.7189,FALSE,298,Accepted,5,5,O,GLARE (SUN),NOT UNDER PROPER CONTROL,
32454036,0870000,MONTGOMERY CTY SHERIFF DEPT,Accepted,MONTGOMERY,KY0213,,BEDFORD,RD,,,,,,,,37.99467374,-83.84200924,6.729,10/25/2023,1510,2,2,0,0,CLEAR,DRY,TRUE,SIDESWIPE COLLISION - OPPOSITE DIRECTION,SIDESWIPE-OPPOSITE DIRECTION,CURVE & GRADE,DAYLIGHT,,,45243.71685,FALSE,226,Accepted,5,5,O,,,
32454038,0870000,MONTGOMERY CTY SHERIFF DEPT,Accepted,MONTGOMERY,KY1331,,STEPSTONE,RD,,,OLD OWINGSVILLE,,,,,38.08167243,-83.90182532,0.097,10/25/2023,1800,2,2,0,0,CLEAR,DRY,FALSE,ANGLE COLLISION - OTHER,ANGLE,CURVE & LEVEL,DAYLIGHT,,,45243.71694,FALSE,238,Accepted,5,5,O,,"FAILED TO YIELD RIGHT OF WAY, INATTENTION",
32454039,0870000,MONTGOMERY CTY SHERIFF DEPT,Accepted,MONTGOMERY,US0060,,OWINGSVILLE,RD,,,,,,,,38.08894355,-83.89835278,8.689,10/27/2023,1352,1,1,0,0,CLOUDY,WET,FALSE,COLLISION WITH FIXED OBJECT NON - INTERSECTION - FIRST EVENT COLLISION 09 - 32 EXCLUDING 16,SINGLE VEHICLE,STRAIGHT & LEVEL,DAYLIGHT,,,45243.71707,FALSE,231,Accepted,5,5,O,SLIPPERY SURFACE,,
32454044,0870000,MONTGOMERY CTY SHERIFF DEPT,Accepted,MONTGOMERY,KY0646,,NEST EGG,RD,,,,,,,,37.96509344,-83.94644444,5.269,10/27/2023,1743,1,1,0,2,CLOUDY,WET,FALSE,COLLISION WITH FIXED OBJECT NON - INTERSECTION - FIRST EVENT COLLISION 09 - 32 EXCLUDING 16,SINGLE VEHICLE,CURVE & LEVEL,DAYLIGHT,,,45243.71723,FALSE,249,Accepted,3,3,B,SLIPPERY SURFACE,,
32454048,0870000,MONTGOMERY CTY SHERIFF DEPT,Accepted,MONTGOMERY,KY0686,,INDIAN MOUND,DR,,,,,,,,38.05549508,-83.95635897,1.541,10/26/2023,1814,2,2,0,0,CLEAR,DRY,FALSE,REAR END IN TRAFFIC LANES BOTH VEHICLES MOVING,REAR END,STRAIGHT & LEVEL,DAYLIGHT,,,45243.71736,FALSE,238,Accepted,5,5,O,,INATTENTION,
32454049,0870000,MONTGOMERY CTY SHERIFF DEPT,Accepted,MONTGOMERY,,1501,CHURCH OF GOD,,,,,,,,,38.04327862,-83.93418487,0.027,10/29/2023,1716,2,2,0,0,RAINING,WET,FALSE,VEHICLE BACKING NON INTERSECTION,BACKING,STRAIGHT & LEVEL,DAYLIGHT,,,45243.71744,FALSE,252,Accepted,5,5,O,,"DISTRACTION, IMPROPER BACKING",
32454050,0870000,MONTGOMERY CTY SHERIFF DEPT,Accepted,MONTGOMERY,KY0713,4663,SPENCER,PIKE,,,,,,,,38.03028181,-83.87480302,10.741,10/29/2023,1441,1,1,0,0,RAINING,WET,FALSE,COLLISION WITH FIXED OBJECT NON - INTERSECTION - FIRST EVENT COLLISION 09 - 32 EXCLUDING 16,SINGLE VEHICLE,CURVE & LEVEL,DAYLIGHT,,,45243.71753,FALSE,231,Accepted,5,5,O,SLIPPERY SURFACE,"INATTENTION, TOO FAST FOR CONDITIONS",
32454051,0870000,MONTGOMERY CTY SHERIFF DEPT,Accepted,MONTGOMERY,US0460,,PARIS,RD,,,,,,,,38.08819504,-83.95116703,7.249,10/29/2023,1529,1,1,0,0,RAINING,WET,FALSE,RAN OFF ROADWAY (1 VEHICLE WITH/EARTH EMBANKMENT/DITCH),SINGLE VEHICLE,STRAIGHT & LEVEL,DAYLIGHT,,,45243.7176,FALSE,231,Accepted,5,5,O,SLIPPERY SURFACE,"NOT UNDER PROPER CONTROL, OVERCORRECTING/OVERSTEERING",
32454054,0870000,MONTGOMERY CTY SHERIFF DEPT,Accepted,MONTGOMERY,US0460,,PARIS,RD,,,,,,,,38.09998032,-84.00768942,3.928,10/30/2023,1315,1,1,0,0,RAINING,WET,FALSE,RAN OFF ROADWAY (1 VEHICLE WITH/EARTH EMBANKMENT/DITCH),SINGLE VEHICLE,CURVE & LEVEL,DAYLIGHT,,,45243.71769,FALSE,231,Accepted,5,5,O,SLIPPERY SURFACE,"OVERCORRECTING/OVERSTEERING, TOO FAST FOR CONDITIONS",
32454061,0870000,MONTGOMERY CTY SHERIFF DEPT,Accepted,MONTGOMERY,KY0537,,BUNKER HILL,RD,,,,,,,,38.13160662,-83.97581091,3.196,10/29/2023,1440,1,1,0,0,CLOUDY,WET,FALSE,COLLISION WITH FIXED OBJECT NON - INTERSECTION - FIRST EVENT COLLISION 09 - 32 EXCLUDING 16,SINGLE VEHICLE,CURVE & GRADE,DAYLIGHT,,,45243.71793,FALSE,228,Accepted,5,5,O,SLIPPERY SURFACE,,
32454063,0870000,MONTGOMERY CTY SHERIFF DEPT,Accepted,MONTGOMERY,KY0686,,INDIAN MOUND,DR,,,,,,,,38.05483015,-83.95657664,1.593,10/30/2023,1527,2,2,0,0,CLOUDY,DRY,FALSE,OTHER ROADWAY OR MID-BLOCK COLLISION,REAR END,STRAIGHT & LEVEL,DAYLIGHT,,,45243.71804,FALSE,228,Accepted,5,5,O,,,
32454065,0870000,MONTGOMERY CTY SHERIFF DEPT,Accepted,MONTGOMERY,KY0713,941,SPENCER,PIKE,,,,,,,,38.05804904,-83.92356863,7.329,11/1/2023,1604,1,1,0,0,CLEAR,DRY,FALSE,OTHER ROADWAY OR MID-BLOCK COLLISION,SINGLE VEHICLE,CURVE & GRADE,DAYLIGHT,,,45243.71817,FALSE,298,Accepted,5,5,O,,"INATTENTION, NOT UNDER PROPER CONTROL",
32454066,0870000,MONTGOMERY CTY SHERIFF DEPT,Accepted,MONTGOMERY,,,FOGG PIKE CONN,,,,FOGG,,,,,38.04137217,-83.95111035,0.045,10/30/2023,651,2,2,0,0,RAINING,WET,FALSE,OPPOSITE DIRECTION - BOTH VEHICLES GOING STRAIGHT AHEAD,SIDESWIPE-OPPOSITE DIRECTION,STRAIGHT & LEVEL,DARK-HWY LIGHTED/ON,,,45243.71826,FALSE,266,Accepted,5,5,O,"VIEW OBSTRUCTED, LIMITED DUE TO WEATHER CONDITIONS",MISJUDGE CLEARANCE,
32454068,0870000,MONTGOMERY CTY SHERIFF DEPT,Accepted,MONTGOMERY,,703,LORENE,CIR,,,,,,,,38.0650367,-83.9532165,0.124,10/30/2023,1409,2,2,0,0,CLOUDY,WET,FALSE,1 VEHICLE PARKED POSITION (NOT PARKING LOT/DRIVEWAY),BACKING,STRAIGHT & LEVEL,DAYLIGHT,,,45243.71835,FALSE,231,Accepted,5,5,O,,,
32454072,0870000,MONTGOMERY CTY SHERIFF DEPT,Accepted,MONTGOMERY,,410,D,ST,,,,,,,,38.06850027,-83.92473157,0.021,10/31/2023,826,2,2,0,0,CLEAR,DRY,FALSE,1 VEHICLE PARKED POSITION (NOT PARKING LOT/DRIVEWAY),REAR END,STRAIGHT & HILLCREST,DAYLIGHT,,,45243.71862,FALSE,266,Accepted,5,5,O,ANIMALS ACTION,MISJUDGE CLEARANCE,
32454077,0870000,MONTGOMERY CTY SHERIFF DEPT,Accepted,MONTGOMERY,,,RICHMOND,AVE,,KY0686,INDIAN MOUND,,,,,38.04233377,-83.95065181,0.247,11/2/2023,1901,2,2,0,1,CLEAR,DRY,FALSE,ANGLE COLLISION - OTHER,ANGLE,STRAIGHT & GRADE,DARK-HWY LIGHTED/ON,,,45243.71869,FALSE,298,Accepted,3,3,B,,"INATTENTION, NOT UNDER PROPER CONTROL",
32454096,0870000,MONTGOMERY CTY SHERIFF DEPT,Accepted,MONTGOMERY,,,NATHAN,DR,,,,,,,,38.08140902,-83.92752606,,11/3/2023,1509,1,1,0,0,CLEAR,DRY,FALSE,COLLISION WITH FIXED OBJECT NON - INTERSECTION - FIRST EVENT COLLISION 09 - 32 EXCLUDING 16,SINGLE VEHICLE,STRAIGHT & GRADE,DAYLIGHT,,,45243.71892,FALSE,221,Accepted,5,5,O,,INATTENTION,
32454099,0870000,MONTGOMERY CTY SHERIFF DEPT,Accepted,MONTGOMERY,,,CAMARGO LEVEE,RD,,,,,,,,37.97988977,-83.88326713,0.633,10/30/2023,1630,2,2,0,0,CLOUDY,WET,FALSE,SIDESWIPE COLLISION - OPPOSITE DIRECTION,SIDESWIPE-OPPOSITE DIRECTION,CURVE & GRADE,DAYLIGHT,,,45243.71918,FALSE,238,Accepted,5,5,O,SLIPPERY SURFACE,TOO FAST FOR CONDITIONS,
32454100,0870000,MONTGOMERY CTY SHERIFF DEPT,Accepted,MONTGOMERY,US0460,,CAMARGO,RD,,,OLDHAM,,,,,38.00513704,-83.90306612,13.85,11/6/2023,1730,2,2,0,2,CLEAR,DRY,FALSE,OTHER INTERSECTION COLLISIONS,REAR END,STRAIGHT & LEVEL,DAYLIGHT,,,45243.71929,FALSE,238,Accepted,5,2,A,,INATTENTION,
32454102,0870000,MONTGOMERY CTY SHERIFF DEPT,Accepted,MONTGOMERY,,3288,HOWELL DRENNEN,RD,,,,,,,,38.07027548,-83.99688088,0.353,11/6/2023,1313,2,2,0,0,CLEAR,DRY,FALSE,1 VEHICLE PARKED POSITION (NOT PARKING LOT/DRIVEWAY),SIDESWIPE-SAME DIRECTION,STRAIGHT & LEVEL,DAYLIGHT,,,45243.71938,FALSE,228,Accepted,5,5,O,,,
32454103,0870000,MONTGOMERY CTY SHERIFF DEPT,Accepted,MONTGOMERY,US0060,,OWINGSVILLE,RD,,,,,,,,38.085211,-83.90008873,8.421,11/6/2023,1528,2,2,0,0,CLEAR,DRY,FALSE,1 VEHICLE ENTERING/LEAVING ENTRANCE,ANGLE,STRAIGHT & LEVEL,DAYLIGHT,,,45243.71946,FALSE,228,Accepted,5,5,O,,FAILED TO YIELD RIGHT OF WAY,
32454105,0870000,MONTGOMERY CTY SHERIFF DEPT,Accepted,MONTGOMERY,KY0646,,NEST EGG,RD,,,PLEMMONS,,,,,37.96263702,-83.95986573,6.067,11/4/2023,2004,2,2,0,0,CLEAR,DRY,FALSE,OPPOSITE DIRECTION - BOTH VEHICLES GOING STRAIGHT AHEAD,SIDESWIPE-OPPOSITE DIRECTION,STRAIGHT & LEVEL,DARK-HWY NOT LIGHTED,,,45243.71956,FALSE,298,Accepted,5,5,O,,MISJUDGE CLEARANCE,
32454106,0870000,MONTGOMERY CTY SHERIFF DEPT,Accepted,MONTGOMERY,KY0011,,MAYSVILLE,RD,,,,,,,,38.15271978,-83.95515499,14.64,11/7/2023,516,1,1,0,0,CLEAR,DRY,FALSE,COLLISION WITH ANIMAL NON INTERSECTION,SINGLE VEHICLE,STRAIGHT & LEVEL,DARK-HWY NOT LIGHTED,,,45243.71964,FALSE,275,Accepted,5,5,O,ANIMALS ACTION,,
32454108,0870000,MONTGOMERY CTY SHERIFF DEPT,Accepted,MONTGOMERY,KY0011,,LEVEE,RD,,,,,,,,37.99989978,-83.94112583,6.217,11/7/2023,1117,1,1,0,0,CLEAR,DRY,FALSE,COLLISION WITH FIXED OBJECT NON - INTERSECTION - FIRST EVENT COLLISION 09 - 32 EXCLUDING 16,SINGLE VEHICLE,STRAIGHT & GRADE,DAYLIGHT,,,45243.71979,FALSE,228,Accepted,5,5,O,,,BRAKES DEFECTIVE
32468756,0870000,MONTGOMERY CTY SHERIFF DEPT,Accepted,MONTGOMERY,KY0686,999,INDIAN MOUND,DR,,KY0713,GRASSY LICK,,,,,38.05807321,-83.95612046,1.362,10/19/2023,1913,2,2,0,0,RAINING,WET,FALSE,REAR END - ONE VEHICLE TURNING RIGHT,REAR END,STRAIGHT & LEVEL,DARK-HWY LIGHTED/ON,,,45246.67825,FALSE,298,Accepted,5,5,O,,FOLLOWING TOO CLOSE,
32468757,0870000,MONTGOMERY CTY SHERIFF DEPT,Accepted,MONTGOMERY,KY0213,,KY213,,,KY0646,WILLOUGHBY TOWN,,,,,37.9438723,-83.86422596,2.894,11/9/2023,1941,1,1,0,0,CLEAR,DRY,FALSE,COLLISION WITH FIXED OBJECT IN INTERSECTION - FIRST EVENT COLLISION 09 - 32,SINGLE VEHICLE,STRAIGHT & LEVEL,DARK-HWY LIGHTED/ON,,,45246.67857,FALSE,298,Accepted,5,5,O,,ALCOHOL INVOLVEMENT,
32468766,0870000,MONTGOMERY CTY SHERIFF DEPT,Accepted,MONTGOMERY,,,PLUM LICK,RD,,,,,,,,38.13168001,-84.06289542,0.652,11/9/2023,750,2,2,0,0,CLOUDY,DRY,FALSE,SIDESWIPE COLLISION - OPPOSITE DIRECTION,SIDESWIPE-OPPOSITE DIRECTION,STRAIGHT & GRADE,DAYLIGHT,,,45246.67916,FALSE,226,Accepted,5,5,O,,MISJUDGE CLEARANCE,
32468779,0870000,MONTGOMERY CTY SHERIFF DEPT,Accepted,MONTGOMERY,US0060,,OWINGSVILLE,RD,,,,,,,,38.08957606,-83.89802097,8.719,11/10/2023,1453,2,2,0,0,CLEAR,DRY,FALSE,REAR END IN TRAFFIC LANES BOTH VEHICLES MOVING,REAR END,STRAIGHT & LEVEL,DAYLIGHT,,,45246.68034,FALSE,226,Accepted,5,5,O,,"DISTRACTION, FAILED TO YIELD RIGHT OF WAY",
32468989,0870000,MONTGOMERY CTY SHERIFF DEPT,Accepted,MONTGOMERY,US0460,,MAIN,ST,,,SCIENCE RIDGE,,,,,37.96793924,-83.82144069,19.108,11/11/2023,1934,1,1,0,0,CLEAR,DRY,TRUE,COLLISION WITH FIXED OBJECT IN INTERSECTION - FIRST EVENT COLLISION 09 - 32,SINGLE VEHICLE,STRAIGHT & LEVEL,DARK-HWY LIGHTED/ON,,,45246.70803,FALSE,298,Accepted,5,5,O,,NOT UNDER PROPER CONTROL,
32468995,0870000,MONTGOMERY CTY SHERIFF DEPT,Accepted,MONTGOMERY,KY0686,,INDIAN MOUND,DR,,,FOGG PIKE CONN,,,,,38.0419992,-83.95079015,2.601,11/13/2023,1800,2,2,0,0,CLEAR,DRY,FALSE,OTHER INTERSECTION COLLISIONS,REAR END,STRAIGHT & LEVEL,DARK-HWY LIGHTED/ON,,,45246.70857,FALSE,298,Accepted,5,5,O,,,
32469000,0870000,MONTGOMERY CTY SHERIFF DEPT,Accepted,MONTGOMERY,US0460,,PARIS,RD,,,,,,,,38.123226,-84.06059008,0.514,11/15/2023,1606,1,1,0,0,CLEAR,DRY,FALSE,OTHER COLLISIONS ON SHOULDER,SINGLE VEHICLE,CURVE & LEVEL,DAYLIGHT,,,45246.70901,FALSE,248,Accepted,5,5,O,,NOT UNDER PROPER CONTROL,
32493484,0870000,MONTGOMERY CTY SHERIFF DEPT,Accepted,MONTGOMERY,US0460,,MAIN,ST,,,,,,,,37.95246719,-83.78256348,21.581,11/16/2023,1741,1,1,0,0,CLEAR,DRY,FALSE,RAN OFF ROADWAY (1 VEHICLE WITH/EARTH EMBANKMENT/DITCH),SINGLE VEHICLE,CURVE & LEVEL,DUSK,,,45252.62939,FALSE,249,Accepted,5,5,O,,"ALCOHOL INVOLVEMENT, DISTRACTION",
32493486,0870000,MONTGOMERY CTY SHERIFF DEPT,Accepted,MONTGOMERY,US0060,,WINCHESTER,RD,,,,,,,,38.05361608,-83.95885955,4.18,11/17/2023,1604,1,1,0,0,CLOUDY,WET,FALSE,COLLISION WITH FIXED OBJECT NON - INTERSECTION - FIRST EVENT COLLISION 09 - 32 EXCLUDING 16,SINGLE VEHICLE,STRAIGHT & GRADE,DAYLIGHT,,,45252.62952,FALSE,226,Accepted,5,5,O,SLIPPERY SURFACE,NOT UNDER PROPER CONTROL,
32493488,0870000,MONTGOMERY CTY SHERIFF DEPT,Accepted,MONTGOMERY,US0060,3060,OWINGSVILLE,RD,,,,,,,,38.08637633,-83.89727692,8.534,11/17/2023,2246,2,2,0,0,CLEAR,DRY,TRUE,1 VEHICLE PARKED POSITION (NOT PARKING LOT/DRIVEWAY),BACKING,STRAIGHT & LEVEL,,,,45252.62968,FALSE,298,Accepted,5,5,O,,"IMPROPER BACKING, INATTENTION, NOT UNDER PROPER CONTROL",
32493491,0870000,MONTGOMERY CTY SHERIFF DEPT,Accepted,MONTGOMERY,US0060,3060,OWINGSVILLE,RD,,,,,,,,38.08602483,-83.89969664,8.481,11/16/2023,733,2,2,0,0,CLEAR,DRY,FALSE,1 VEHICLE ENTERING/LEAVING ENTRANCE,ANGLE,STRAIGHT & LEVEL,DAYLIGHT,,,45252.62984,FALSE,275,Accepted,5,5,O,,"FAILED TO YIELD RIGHT OF WAY, INATTENTION",
32493498,0870000,MONTGOMERY CTY SHERIFF DEPT,Accepted,MONTGOMERY,,5970,CAMARGO LEVEE,RD,,,,,,,,37.97930441,-83.883593,0.677,11/20/2023,1020,1,1,0,0,RAINING,WET,FALSE,COLLISION WITH FIXED OBJECT NON - INTERSECTION - FIRST EVENT COLLISION 09 - 32 EXCLUDING 16,SINGLE VEHICLE,CURVE & GRADE,DAYLIGHT,,,45252.63003,FALSE,252,Accepted,5,5,O,,TOO FAST FOR CONDITIONS,
32493501,0870000,MONTGOMERY CTY SHERIFF DEPT,Accepted,MONTGOMERY,,,SPRING,ST,,,MADISON,,,,,38.05140034,-83.95384001,0.152,11/20/2023,1300,2,2,0,0,CLOUDY,WET,FALSE,COLLISION WITH PARKED VEHICLE,ANGLE,STRAIGHT & LEVEL,DAYLIGHT,,,45252.6301,FALSE,252,Accepted,5,5,O,,"NOT UNDER PROPER CONTROL, TOO FAST FOR CONDITIONS",