IncidentID,AgencyORI,AgencyName,IncidentStatusDesc,County,RdwyNumber,Street,RoadwayName,StreetSfx,StreetDir,IntersectionRdwy,IntersectionRdwyName,BetweenStRdwy1,BetweenStRdwyName1,BetweenStRdwy2,BetweenStRdwyName2,Latitude,Longitude,Milepoint,CollisionDate,CollisionTime,UnitsInvolved,MotorVehiclesInvolved,NumberKilled,NumberInjured,Weather,RdwyConditionCode,HitandRun,DirAnalysisCode,MannerofCollision,RdwyCharacter,LightCondition,RampFromRdwyId,RampToRdwyId,AcceptedDate,IsSecondaryCollision,OwnerBadge,IncidentStatus,InjurySeverityCde,KABCO Code,KABCO,Environmental_Factors,Human_Factors,Vehicular_Factors
32493509,0870000,MONTGOMERY CTY SHERIFF DEPT,Accepted,MONTGOMERY,KY0213,,KY213,,,,,,,,,37.95181958,-83.86252151,3.465,11/12/2023,1942,1,1,0,0,CLEAR,DRY,FALSE,COLLISION WITH ANIMAL NON INTERSECTION,SINGLE VEHICLE,STRAIGHT & LEVEL,DARK-HWY NOT LIGHTED,,,45252.63024,FALSE,238,Accepted,5,5,O,ANIMALS ACTION,,
32493515,0870000,MONTGOMERY CTY SHERIFF DEPT,Accepted,MONTGOMERY,US0460,,CAMARGO,RD,,,,,,,,38.02737622,-83.92188073,11.949,11/20/2023,1748,2,2,0,2,CLOUDY,DRY,FALSE,OTHER ROADWAY OR MID-BLOCK COLLISION,REAR END,STRAIGHT & LEVEL,DARK-HWY NOT LIGHTED,,,45252.6305,FALSE,238,Accepted,4,4,C,,DISTRACTION,
32499006,0870100,MT. STERLING POLICE DEPARTMENT,Accepted,MONTGOMERY,US0460,,MAYSVILLE,ST,N,,,,,,,38.07009901,-83.94675879,8.575,11/8/2023,1649,2,2,0,0,CLEAR,DRY,FALSE,1 VEHICLE ENTERING/LEAVING ENTRANCE,ANGLE,STRAIGHT & LEVEL,DAYLIGHT,,,45254.65499,FALSE,154,Accepted,5,5,O,,"FAILED TO YIELD RIGHT OF WAY, INATTENTION",
32499015,0870100,MT. STERLING POLICE DEPARTMENT,Accepted,MONTGOMERY,,306,HIGH,ST,E,,,,,,,38.0586189,-83.93782314,0.264,11/11/2023,948,3,3,0,0,CLEAR,DRY,FALSE,1 VEHICLE ENTERING/LEAVING ENTRANCE,ANGLE,STRAIGHT & GRADE,DAYLIGHT,,,45254.65518,FALSE,128,Accepted,5,5,O,,INATTENTION,
32499017,0870100,MT. STERLING POLICE DEPARTMENT,Accepted,MONTGOMERY,,306,CLEAR WATER,WAY,,,,,,,,38.0497652,-83.95208338,0.021,11/5/2023,1819,2,2,0,0,CLEAR,DRY,FALSE,1 VEHICLE PARKED POSITION (NOT PARKING LOT/DRIVEWAY),BACKING,STRAIGHT & LEVEL,DARK-HWY LIGHTED/ON,,,45254.65527,FALSE,155,Accepted,5,5,O,,MISJUDGE CLEARANCE,
32499023,0870100,MT. STERLING POLICE DEPARTMENT,Accepted,MONTGOMERY,,,REESE,WAY,,,,,,,,38.06734695,-83.95510005,0.011,11/15/2023,1439,3,3,0,0,CLEAR,DRY,FALSE,REAR END IN TRAFFIC LANES BOTH VEHICLES MOVING,REAR END,STRAIGHT & LEVEL,DAYLIGHT,,,45254.65562,FALSE,139,Accepted,5,5,O,,"INATTENTION, NOT UNDER PROPER CONTROL",
32499024,0870100,MT. STERLING POLICE DEPARTMENT,Accepted,MONTGOMERY,KY0011,,LEVEE,RD,,,STERLING,,,,,38.04746616,-83.94337776,9.747,11/16/2023,902,2,2,0,0,CLEAR,DRY,FALSE,OTHER INTERSECTION COLLISIONS,REAR END,STRAIGHT & GRADE,DAYLIGHT,,,45254.65569,FALSE,128,Accepted,5,5,O,,DISTRACTION,
32499028,0870100,MT. STERLING POLICE DEPARTMENT,Accepted,MONTGOMERY,US0460,,MAYSVILLE,ST,N,US0060,MAIN,,,,,38.05641698,-83.94207626,9.548,11/17/2023,931,1,1,0,0,CLEAR,DRY,FALSE,COLLISION WITH FIXED OBJECT IN INTERSECTION - FIRST EVENT COLLISION 09 - 32,SINGLE VEHICLE,STRAIGHT & LEVEL,DAYLIGHT,,,45254.6558,FALSE,139,Accepted,5,5,O,,"INATTENTION, MISJUDGE CLEARANCE",
32499030,0870100,MT. STERLING POLICE DEPARTMENT,Accepted,MONTGOMERY,US0460,,MAYSVILLE,RD,,,,,,,,38.07887008,-83.94948141,7.945,11/17/2023,2022,2,2,0,0,RAINING,WET,FALSE,1 VEHICLE ENTERING/LEAVING ENTRANCE,ANGLE,STRAIGHT & LEVEL,DARK-HWY LIGHTED/ON,,,45254.65585,FALSE,156,Accepted,5,5,O,"SLIPPERY SURFACE, VIEW OBSTRUCTED, LIMITED DUE TO WEATHER CONDITIONS","DISREGARD TRAFFIC CONTROL, INATTENTION",
32499046,0870100,MT. STERLING POLICE DEPARTMENT,Accepted,MONTGOMERY,,,QUEEN,ST,S,,,,,,,38.0536959,-83.93795762,0.158,11/24/2023,23,1,1,0,2,CLEAR,DRY,FALSE,COLLISION WITH FIXED OBJECT NON - INTERSECTION - FIRST EVENT COLLISION 09 - 32 EXCLUDING 16,SINGLE VEHICLE,STRAIGHT & LEVEL,DARK-HWY LIGHTED/ON,,,45254.65638,FALSE,156,Accepted,2,2,A,,"EXCEEDED STATED SPEED LIMIT, NOT UNDER PROPER CONTROL, OVERCORRECTING/OVERSTEERING",
32505658,0870100,MT. STERLING POLICE DEPARTMENT,Accepted,MONTGOMERY,KY0686,,INDIAN MOUND,DR,,,CAMARGO,,,,,38.04191116,-83.93439378,,11/26/2023,1439,2,2,0,0,RAINING,WET,FALSE,ANGLE COLLISION - ONE VEHICLE TURNING LEFT,ANGLE,STRAIGHT & LEVEL,DAYLIGHT,,,45256.95125,FALSE,153,Accepted,5,5,O,,FAILED TO YIELD RIGHT OF WAY,
32518763,0870000,MONTGOMERY CTY SHERIFF DEPT,Accepted,MONTGOMERY,US0060,,OWINGSVILLE,RD,,,,,,,,38.07480285,-83.91850895,7.197,11/22/2023,801,2,2,0,1,RAINING,WET,FALSE,1 VEHICLE ENTERING/LEAVING ENTRANCE,ANGLE,STRAIGHT & LEVEL,DAYLIGHT,,,45259.54243,FALSE,226,Accepted,4,4,C,SLIPPERY SURFACE,"DISREGARD TRAFFIC CONTROL, FAILED TO YIELD RIGHT OF WAY",
32518769,0870000,MONTGOMERY CTY SHERIFF DEPT,Accepted,MONTGOMERY,US0060,,OWINGSVILLE,RD,,,,,,,,38.0885333,-83.89848657,8.661,11/22/2023,1710,3,3,0,0,CLEAR,DRY,FALSE,OTHER ROADWAY OR MID-BLOCK COLLISION,REAR END,STRAIGHT & LEVEL,DAYLIGHT,,,45259.54309,FALSE,238,Accepted,5,5,O,,INATTENTION,
32518774,0870000,MONTGOMERY CTY SHERIFF DEPT,Accepted,MONTGOMERY,,1000,TIMS,DR,,,,,,,,38.04013269,-83.96393197,0.034,11/26/2023,45,2,2,0,0,CLEAR,DRY,TRUE,1 VEHICLE PARKED POSITION (NOT PARKING LOT/DRIVEWAY),HEAD ON,STRAIGHT & LEVEL,DARK-HWY LIGHTED/ON,,,45259.54376,FALSE,275,Accepted,5,5,O,,"ALCOHOL INVOLVEMENT, FAILED TO KEEP PROPER LANE, MISJUDGE CLEARANCE",
32518946,0870000,MONTGOMERY CTY SHERIFF DEPT,Accepted,MONTGOMERY,KY0011,,LEVEE,RD,,,,,,,,38.0093789,-83.94836656,,11/17/2023,1357,1,1,0,1,RAINING,WET,FALSE,OTHER COLLISIONS ON SHOULDER,SINGLE VEHICLE,CURVE & GRADE,DAYLIGHT,,,45259.5657,FALSE,221,Accepted,5,3,B,SLIPPERY SURFACE,,
32518954,0870000,MONTGOMERY CTY SHERIFF DEPT,Accepted,MONTGOMERY,US0460,,PARIS,RD,,,,,,,,38.09939066,-84.00223392,4.232,11/29/2023,16,2,2,0,1,CLEAR,DRY,FALSE,HEAD-ON COLLISION,HEAD ON,CURVE & LEVEL,OTHER,,,45259.56709,FALSE,284,Accepted,3,3,B,,NOT UNDER PROPER CONTROL,
32519045,0870100,MT. STERLING POLICE DEPARTMENT,Accepted,MONTGOMERY,KY0686,,INDIAN MOUND,DR,,,REESE,,,,,38.06731469,-83.95519567,0.723,11/28/2023,1325,2,2,0,2,CLEAR,DRY,FALSE,ANGLE COLLISION - OTHER,ANGLE,STRAIGHT & LEVEL,DAYLIGHT,,,45259.58921,FALSE,139,Accepted,3,3,B,,INATTENTION,
32519047,0870100,MT. STERLING POLICE DEPARTMENT,Accepted,MONTGOMERY,,,RICHMOND,AVE,,,,,,,,38.04660308,-83.94872272,0.567,11/24/2023,1415,2,2,0,3,CLEAR,DRY,FALSE,HEAD-ON COLLISION,HEAD ON,STRAIGHT & GRADE,DAYLIGHT,,,45259.58935,FALSE,157,Accepted,4,2,A,,LOST CONSCIOUSNESS/FAINTED,
32523646,0870000,MONTGOMERY CTY SHERIFF DEPT,Accepted,MONTGOMERY,,5359,STEPSTONE,RD,,,,,,,,38.087188,-83.82848884,4.078,11/27/2023,1600,1,1,0,0,CLEAR,DRY,FALSE,COLLISION WITH FIXED OBJECT NON - INTERSECTION - FIRST EVENT COLLISION 09 - 32 EXCLUDING 16,SINGLE VEHICLE,CURVE & LEVEL,DAYLIGHT,,,45260.52822,FALSE,298,Accepted,5,5,O,,"ALCOHOL INVOLVEMENT, FAILED TO KEEP PROPER LANE, NOT UNDER PROPER CONTROL",
32538151,0870000,MONTGOMERY CTY SHERIFF DEPT,Accepted,MONTGOMERY,KY0011,,LEVEE,RD,,,,,,,,37.9698178,-83.93632958,4.014,11/25/2023,1436,2,2,0,0,CLEAR,DRY,FALSE,1 VEHICLE ENTERING/LEAVING ENTRANCE,ANGLE,STRAIGHT & LEVEL,DAYLIGHT,,,45264.37213,FALSE,226,Accepted,5,5,O,,FAILED TO YIELD RIGHT OF WAY,
32538153,0870000,MONTGOMERY CTY SHERIFF DEPT,Accepted,MONTGOMERY,US0060,,WINCHESTER,RD,,,,,,,,38.04860411,-83.97843359,3.039,11/30/2023,1626,3,3,0,0,CLEAR,DRY,FALSE,OTHER ROADWAY OR MID-BLOCK COLLISION,REAR END,STRAIGHT & LEVEL,DAYLIGHT,,,45264.37224,FALSE,238,Accepted,5,5,O,,INATTENTION,
32538160,0870000,MONTGOMERY CTY SHERIFF DEPT,Accepted,MONTGOMERY,KY0713,,SPENCER,PIKE,,KY0213,BEDFORD,,,,,38.02327092,-83.82417358,13.736,11/30/2023,1130,2,2,0,0,CLEAR,DRY,FALSE,OPPOSITE DIRECTION - BOTH VEHICLES GOING STRAIGHT AHEAD,SIDESWIPE-OPPOSITE DIRECTION,STRAIGHT & LEVEL,DAYLIGHT,,,45264.37248,FALSE,252,Accepted,5,5,O,,,
32538161,0870000,MONTGOMERY CTY SHERIFF DEPT,Accepted,MONTGOMERY,US0060,3060,OWINGSVILLE,RD,,,,,,,,38.08592784,-83.89927673,8.477,12/1/2023,1330,1,1,0,0,CLOUDY,WET,FALSE,COLLISION WITH FIXED OBJECT NON - INTERSECTION - FIRST EVENT COLLISION 09 - 32 EXCLUDING 16,SINGLE VEHICLE,STRAIGHT & LEVEL,DAYLIGHT,,,45264.37255,FALSE,252,Accepted,5,5,O,,MISJUDGE CLEARANCE,
32538165,0870000,MONTGOMERY CTY SHERIFF DEPT,Accepted,MONTGOMERY,US0060,,WINCHESTER,RD,,,BENT BROOK,,,,,38.04437954,-83.99337343,2.083,12/1/2023,1351,1,1,0,1,RAINING,WET,FALSE,COLLISION WITH FIXED OBJECT IN INTERSECTION - FIRST EVENT COLLISION 09 - 32,SINGLE VEHICLE,CURVE & GRADE,DAYLIGHT,,,45264.37261,FALSE,252,Accepted,4,4,C,SLIPPERY SURFACE,"MISJUDGE CLEARANCE, NOT UNDER PROPER CONTROL, OVERCORRECTING/OVERSTEERING",
32538167,0870000,MONTGOMERY CTY SHERIFF DEPT,Accepted,MONTGOMERY,KY0011,,LEVEE,RD,,,,,,,,37.95953847,-83.93895585,3.254,11/30/2023,2355,1,1,0,1,CLEAR,DRY,FALSE,COLLISION WITH FIXED OBJECT NON - INTERSECTION - FIRST EVENT COLLISION 09 - 32 EXCLUDING 16,SINGLE VEHICLE,CURVE & LEVEL,DAYLIGHT,,,45264.37272,FALSE,284,Accepted,5,3,B,,INATTENTION,
32538169,0870000,MONTGOMERY CTY SHERIFF DEPT,Accepted,MONTGOMERY,KY0646,,NEST EGG,RD,,,,,,,,37.9636307,-83.95738658,5.906,12/1/2023,1429,2,2,0,0,CLOUDY,WET,FALSE,1 VEHICLE PARKED POSITION (NOT PARKING LOT/DRIVEWAY),BACKING,STRAIGHT & GRADE,DAYLIGHT,,,45264.37283,FALSE,226,Accepted,5,5,O,,"FAILED TO YIELD RIGHT OF WAY, INATTENTION",
32538172,0870000,MONTGOMERY CTY SHERIFF DEPT,Accepted,MONTGOMERY,US0060,,WINCHESTER,RD,,,,,,,,38.04452323,-83.9900163,2.307,12/1/2023,2154,1,1,0,0,RAINING,WET,FALSE,RAN OFF ROADWAY (1 VEHICLE WITH/EARTH EMBANKMENT/DITCH),SINGLE VEHICLE,CURVE & GRADE,DARK-HWY LIGHTED/OFF,,,45264.3729,FALSE,249,Accepted,5,5,O,"SLIPPERY SURFACE, WATER POOLING",NOT UNDER PROPER CONTROL,TIRES
32538174,0870000,MONTGOMERY CTY SHERIFF DEPT,Accepted,MONTGOMERY,US0460,,CAMARGO,RD,,,,,,,,37.99485811,-83.8897543,14.905,12/1/2023,1603,2,2,0,0,CLEAR,DRY,FALSE,REAR END IN TRAFFIC LANES BOTH VEHICLES MOVING,REAR END,STRAIGHT & LEVEL,DAYLIGHT,,,45264.37296,FALSE,248,Accepted,5,5,O,,"FOLLOWING TOO CLOSE, NOT UNDER PROPER CONTROL",
32544481,0870000,MONTGOMERY CTY SHERIFF DEPT,Accepted,MONTGOMERY,,1790,FOGG,PIKE,,,,,,,,38.03208843,-83.97412821,1.77,12/2/2023,1824,1,1,0,0,RAINING,WET,FALSE,OTHER ROADWAY OR MID-BLOCK COLLISION,SINGLE VEHICLE,STRAIGHT & LEVEL,DARK-HWY NOT LIGHTED,,,45265.63945,FALSE,298,Accepted,5,5,O,,"ALCOHOL INVOLVEMENT, INATTENTION, NOT UNDER PROPER CONTROL",
32544485,0870000,MONTGOMERY CTY SHERIFF DEPT,Accepted,MONTGOMERY,KY0713,,SPENCER,PIKE,,,,,,,,38.02546773,-83.80864988,14.67,12/2/2023,1437,1,1,0,2,CLOUDY,WET,FALSE,RAN OFF ROADWAY (1 VEHICLE WITH/EARTH EMBANKMENT/DITCH),SINGLE VEHICLE,CURVE & LEVEL,DAYLIGHT,,,45265.63974,FALSE,226,Accepted,5,4,C,SLIPPERY SURFACE,NOT UNDER PROPER CONTROL,
32550902,0870100,MT. STERLING POLICE DEPARTMENT,Accepted,MONTGOMERY,,,JOHNSON,AVE,,,,,,,,38.06308305,-83.94274799,0.089,12/1/2023,900,2,2,0,0,RAINING,WET,FALSE,1 VEHICLE PARKED POSITION (NOT PARKING LOT/DRIVEWAY),BACKING,STRAIGHT & LEVEL,DAYLIGHT,,,45266.77956,FALSE,120,Accepted,5,5,O,IMPROPERLY PARKED VEHICLE(S),INATTENTION,
32560958,0870100,MT. STERLING POLICE DEPARTMENT,Accepted,MONTGOMERY,KY0686,,INDIAN MOUND,DR,,US0460,CAMARGO,,,,,38.04193137,-83.93437221,3.505,12/6/2023,1635,2,2,0,1,CLOUDY,DRY,FALSE,OTHER INTERSECTION COLLISIONS,REAR END,STRAIGHT & LEVEL,DUSK,,,45269.05719,FALSE,121,Accepted,5,4,C,,"LOST CONSCIOUSNESS/FAINTED, OTHER",
32565411,0870100,MT. STERLING POLICE DEPARTMENT,Accepted,MONTGOMERY,US0460,,CAMARGO,RD,,,,,,,,38.04192069,-83.9343789,10.699,12/9/2023,1134,2,2,0,0,RAINING,WET,FALSE,SIDESWIPE COLLISION - SAME DIRECTION,SIDESWIPE-SAME DIRECTION,STRAIGHT & LEVEL,DAYLIGHT,,,45270.87839,FALSE,139,Accepted,5,5,O,,INATTENTION,
32570950,0870000,MONTGOMERY CTY SHERIFF DEPT,Accepted,MONTGOMERY,US0060,,WINCHESTER,RD,,,,,,,,38.05120853,-83.97431549,3.314,12/5/2023,728,1,1,0,0,CLEAR,DRY,FALSE,COLLISION WITH ANIMAL NON INTERSECTION,SINGLE VEHICLE,STRAIGHT & LEVEL,DARK-HWY NOT LIGHTED,,,45271.78821,FALSE,231,Accepted,5,5,O,ANIMALS ACTION,,
32570952,0870000,MONTGOMERY CTY SHERIFF DEPT,Accepted,MONTGOMERY,KY0599,,KY599,,,,,,,,,37.95664648,-83.84481824,4.844,12/7/2023,1504,1,1,0,0,CLEAR,DRY,FALSE,RAN OFF ROADWAY (1 VEHICLE WITH/EARTH EMBANKMENT/DITCH),SINGLE VEHICLE,STRAIGHT & LEVEL,DAYLIGHT,,,45271.78841,FALSE,226,Accepted,5,5,O,,"NOT UNDER PROPER CONTROL, OTHER",
32570953,0870000,MONTGOMERY CTY SHERIFF DEPT,Accepted,MONTGOMERY,KY0713,,SPENCER,PIKE,,,,,,,,38.03331186,-83.88131003,10.305,12/9/2023,1008,2,2,0,0,CLOUDY,WET,FALSE,SIDESWIPE COLLISION - OPPOSITE DIRECTION,SIDESWIPE-OPPOSITE DIRECTION,STRAIGHT & LEVEL,DAYLIGHT,,,45271.78858,FALSE,226,Accepted,5,5,O,OTHER,,
32570958,0870000,MONTGOMERY CTY SHERIFF DEPT,Accepted,MONTGOMERY,,,460,,,,BEDFORD,,,,,37.97725516,-83.85372039,,12/8/2023,1428,2,2,0,0,CLEAR,DRY,FALSE,OPPOSITE DIRECTION - BOTH VEHICLES GOING STRAIGHT AHEAD,SIDESWIPE-OPPOSITE DIRECTION,STRAIGHT & LEVEL,DAYLIGHT,,,45271.78916,FALSE,221,Accepted,5,5,O,GLARE (SUN),NOT UNDER PROPER CONTROL,
32570961,0870000,MONTGOMERY CTY SHERIFF DEPT,Accepted,MONTGOMERY,,,OLD OWINGSVILLE,RD,,,DOE RUN,,,,,38.07127551,-83.91857601,1.194,12/10/2023,1628,2,2,0,0,CLEAR,DRY,FALSE,ANGLE COLLISION - OTHER,ANGLE,STRAIGHT & LEVEL,DAYLIGHT,,,45271.78945,FALSE,249,Accepted,5,5,O,,"INATTENTION, MISJUDGE CLEARANCE",
32574849,0870100,MT. STERLING POLICE DEPARTMENT,Accepted,MONTGOMERY,,,HIGH,ST,W,,BANK,,,,,38.0572927,-83.94385585,0.252,12/11/2023,1548,2,2,0,0,CLEAR,DRY,FALSE,ANGLE COLLISION - OTHER,ANGLE,STRAIGHT & HILLCREST,DAYLIGHT,,,45272.68517,FALSE,154,Accepted,5,5,O,,FAILED TO YIELD RIGHT OF WAY,
32578099,0870000,MONTGOMERY CTY SHERIFF DEPT,Accepted,MONTGOMERY,,,CLARENCE,DR,,US0060,OWINGSVILLE,,,,,38.09258706,-83.89783124,0.009,12/11/2023,1656,2,2,0,0,CLEAR,DRY,FALSE,OTHER INTERSECTION COLLISIONS,REAR END,STRAIGHT & GRADE,DAYLIGHT,,,45273.4056,FALSE,238,Accepted,5,5,O,BACKUP DUE TO REGULAR CONGESTION,INATTENTION,
32581793,0870100,MT. STERLING POLICE DEPARTMENT,Accepted,MONTGOMERY,,,FALCON,DR,,,WINGTIP,,,,,38.07567853,-83.94847352,0.004,12/12/2023,1901,2,2,0,0,CLEAR,DRY,FALSE,ANGLE COLLISION - OTHER,ANGLE,STRAIGHT & LEVEL,DARK-HWY LIGHTED/ON,,,45274.06573,FALSE,154,Accepted,5,5,O,,INATTENTION,
32602888,0870000,MONTGOMERY CTY SHERIFF DEPT,Accepted,MONTGOMERY,,,LOWER SPRUCE,RD,,,,,,,,37.93401171,-83.8232798,1.22,12/12/2023,1339,1,1,0,1,CLEAR,DRY,FALSE,RAN OFF ROADWAY (1 VEHICLE WITH/EARTH EMBANKMENT/DITCH),SINGLE VEHICLE,STRAIGHT & GRADE,DAYLIGHT,,,45276.73743,FALSE,226,Accepted,4,4,C,,NOT UNDER PROPER CONTROL,BRAKES DEFECTIVE
32602890,0870000,MONTGOMERY CTY SHERIFF DEPT,Accepted,MONTGOMERY,US0060,,WINCHESTER,RD,,,,,,,,38.03813835,-84.00847438,1.122,12/14/2023,1020,1,1,0,1,CLEAR,DRY,FALSE,OTHER COLLISIONS ON SHOULDER,SINGLE VEHICLE,CURVE & HILLCREST,DAYLIGHT,,,45276.73763,FALSE,226,Accepted,5,4,C,,FELL ASLEEP,
32602892,0870000,MONTGOMERY CTY SHERIFF DEPT,Accepted,MONTGOMERY,,,WOODLAND,LN,,,,,,,,38.08803608,-83.90632664,0.052,12/15/2023,1029,1,1,0,0,CLEAR,DRY,FALSE,OTHER COLLISIONS ON SHOULDER,SINGLE VEHICLE,CURVE & GRADE,DAYLIGHT,,,45276.73776,FALSE,226,Accepted,5,5,O,,MISJUDGE CLEARANCE,
32602896,0870000,MONTGOMERY CTY SHERIFF DEPT,Accepted,MONTGOMERY,KY0011,,LEVEE,RD,,KY0646,TONKIN,,,,,38.01489216,-83.95013796,7.439,12/13/2023,1447,3,3,0,2,CLEAR,DRY,FALSE,OTHER INTERSECTION COLLISIONS,REAR END,STRAIGHT & LEVEL,DAYLIGHT,,,45276.73796,FALSE,228,Accepted,5,4,C,OTHER,,
32614367,0870000,MONTGOMERY CTY SHERIFF DEPT,Accepted,MONTGOMERY,KY0686,,INDIAN MOUND,DR,,,,,,,,38.0539468,-83.9562149,1.65,12/8/2023,900,2,2,0,0,CLEAR,DRY,FALSE,1 VEHICLE ENTERING/LEAVING ENTRANCE,ANGLE,STRAIGHT & LEVEL,DAYLIGHT,,,45279.63668,FALSE,284,Accepted,5,5,O,,INATTENTION,
32628284,0870100,MT. STERLING POLICE DEPARTMENT,Accepted,MONTGOMERY,US0460,,MAYSVILLE,ST,N,,,,,,,38.07685554,-83.9493199,8.086,12/19/2023,2119,2,2,0,0,CLEAR,DRY,FALSE,1 VEHICLE ENTERING/LEAVING ENTRANCE,ANGLE,STRAIGHT & LEVEL,DARK-HWY LIGHTED/ON,,,45282.66005,FALSE,156,Accepted,5,5,O,,"FAILED TO KEEP PROPER LANE, FAILED TO YIELD RIGHT OF WAY",
32628285,0870100,MT. STERLING POLICE DEPARTMENT,Accepted,MONTGOMERY,US0460,,MAYSVILLE,ST,N,,EVANS,,,,,38.07554371,-83.9487501,8.184,12/15/2023,1253,2,2,0,1,CLEAR,DRY,FALSE,OTHER INTERSECTION COLLISIONS,REAR END,STRAIGHT & LEVEL,DAYLIGHT,,,45282.66012,FALSE,162,Accepted,4,4,C,,INATTENTION,
32628286,0870100,MT. STERLING POLICE DEPARTMENT,Accepted,MONTGOMERY,US0460,,MAYSVILLE,ST,N,,EVERETT,,,,,38.05848756,-83.94273179,9.412,12/21/2023,1329,3,3,0,0,CLEAR,DRY,FALSE,OTHER INTERSECTION COLLISIONS,REAR END,STRAIGHT & LEVEL,DAYLIGHT,,,45282.66017,FALSE,162,Accepted,5,5,O,,"INATTENTION, TURNING IMPROPERLY",
32628287,0870100,MT. STERLING POLICE DEPARTMENT,Accepted,MONTGOMERY,KY0686,,INDIAN MOUND,DR,,,TIGHLMAN,,,,,38.04084645,-83.93896708,3.243,12/3/2023,1757,2,2,0,1,RAINING,WET,FALSE,ANGLE COLLISION - OTHER,ANGLE,STRAIGHT & LEVEL,DARK-HWY LIGHTED/ON,,,45282.66023,FALSE,155,Accepted,5,3,B,,"DISREGARD TRAFFIC CONTROL, INATTENTION",
32628288,0870100,MT. STERLING POLICE DEPARTMENT,Accepted,MONTGOMERY,US0460,,MAYSVILLE,RD,,,,,,,,38.07887236,-83.94961085,7.964,12/19/2023,1611,2,2,0,1,CLEAR,DRY,FALSE,OTHER ROADWAY OR MID-BLOCK COLLISION,REAR END,STRAIGHT & LEVEL,DAYLIGHT,,,45282.66028,FALSE,155,Accepted,5,4,C,,OTHER,
32629781,0870000,MONTGOMERY CTY SHERIFF DEPT,Accepted,MONTGOMERY,US0460,,MAIN,ST,,,,,,,,37.9795106,-83.86011573,16.865,12/18/2023,1752,2,2,0,2,"SLEET, HAIL, FREEZING RAIN",ICE,FALSE,1 VEHICLE ENTERING/LEAVING ENTRANCE,ANGLE,STRAIGHT & LEVEL,DARK-HWY NOT LIGHTED,,,45283.08753,FALSE,249,Accepted,5,2,A,SLIPPERY SURFACE,NOT UNDER PROPER CONTROL,
32635398,0870100,MT. STERLING POLICE DEPARTMENT,Accepted,MONTGOMERY,US0460,,MAYSVILLE,ST,N,,,,,,,38.07555689,-83.94893457,8.191,12/24/2023,2010,2,2,0,0,CLOUDY,DRY,FALSE,OTHER ROADWAY OR MID-BLOCK COLLISION,REAR END,STRAIGHT & LEVEL,DARK-HWY LIGHTED/ON,,,45285.84815,FALSE,159,Accepted,5,5,O,,INATTENTION,
32642220,0870100,MT. STERLING POLICE DEPARTMENT,Accepted,MONTGOMERY,US0460,,MAYSVILLE,RD,,,,,,,,38.07887785,-83.94948958,7.944,12/24/2023,1325,2,2,0,0,CLEAR,DRY,FALSE,SIDESWIPE COLLISION - SAME DIRECTION,SIDESWIPE-SAME DIRECTION,STRAIGHT & LEVEL,DAYLIGHT,,,45287.77167,FALSE,120,Accepted,5,5,O,,"INATTENTION, TURNING IMPROPERLY",
32643395,0870100,MT. STERLING POLICE DEPARTMENT,Accepted,MONTGOMERY,KY0686,,INDIAN MOUND,DR,,KY0713,SPENCER,,,,,38.0545493,-83.91682083,4.849,12/27/2023,1839,1,1,0,0,CLEAR,DRY,FALSE,OTHER INTERSECTION COLLISIONS,SINGLE VEHICLE,STRAIGHT & LEVEL,DARK-HWY LIGHTED/ON,,,45288.13065,FALSE,155,Accepted,5,5,O,,"EXCEEDED STATED SPEED LIMIT, TURNING IMPROPERLY, WEAVING IN TRAFFIC",
32644285,0870000,MONTGOMERY CTY SHERIFF DEPT,Accepted,MONTGOMERY,KY0686,,INDIAN MOUND,DR,,,,,,,,38.05433063,-83.95650938,1.621,12/22/2023,1634,2,2,0,0,CLEAR,DRY,FALSE,SIDESWIPE COLLISION - SAME DIRECTION,SIDESWIPE-SAME DIRECTION,STRAIGHT & LEVEL,DAYLIGHT,,,45288.38719,FALSE,249,Accepted,5,5,O,GLARE (SUN),,
32644293,0870000,MONTGOMERY CTY SHERIFF DEPT,Accepted,MONTGOMERY,US0060,,OWINGSVILLE,RD,,,,,,,,38.12149892,-83.88059783,11.309,12/13/2023,1654,3,3,0,2,CLEAR,DRY,FALSE,HEAD-ON COLLISION,HEAD ON,CURVE & GRADE,DAYLIGHT,,,45288.38789,FALSE,238,Accepted,5,2,A,GLARE (SUN),DISTRACTION,
32644545,0870000,MONTGOMERY CTY SHERIFF DEPT,Accepted,MONTGOMERY,KY0713,,HIGH,ST,W,,,,,,,38.05803448,-83.95565832,5.805,12/22/2023,1704,2,2,0,0,CLOUDY,DRY,FALSE,REAR END IN TRAFFIC LANES BOTH VEHICLES MOVING,REAR END,STRAIGHT & LEVEL,DAYLIGHT,,,45288.43629,FALSE,248,Accepted,5,5,O,,INATTENTION,