IncidentID,AgencyORI,AgencyName,IncidentStatusDesc,County,RdwyNumber,Street,RoadwayName,StreetSfx,StreetDir,IntersectionRdwy,IntersectionRdwyName,BetweenStRdwy1,BetweenStRdwyName1,BetweenStRdwy2,BetweenStRdwyName2,Latitude,Longitude,Milepoint,CollisionDate,CollisionTime,UnitsInvolved,MotorVehiclesInvolved,NumberKilled,NumberInjured,Weather,RdwyConditionCode,HitandRun,DirAnalysisCode,MannerofCollision,RdwyCharacter,LightCondition,RampFromRdwyId,RampToRdwyId,AcceptedDate,IsSecondaryCollision,OwnerBadge,IncidentStatus,InjurySeverityCde,KABCO Code,KABCO,Environmental_Factors,Human_Factors,Vehicular_Factors
32644549,0870000,MONTGOMERY CTY SHERIFF DEPT,Accepted,MONTGOMERY,KY1991,,HINKSTON,PIKE,,,,,,,,38.09404108,-83.92447565,2.549,12/23/2023,2157,1,1,0,0,CLEAR,DRY,FALSE,COLLISION WITH FIXED OBJECT NON - INTERSECTION - FIRST EVENT COLLISION 09 - 32 EXCLUDING 16,SINGLE VEHICLE,CURVE & GRADE,DARK-HWY NOT LIGHTED,,,45288.43646,FALSE,248,Accepted,5,5,O,,"DRUG INVOLVEMENT, NOT UNDER PROPER CONTROL",
32644557,0870000,MONTGOMERY CTY SHERIFF DEPT,Accepted,MONTGOMERY,KY0011,,LEVEE,RD,,,,,,,,37.99173907,-83.9411789,5.632,12/26/2023,1608,1,1,0,0,RAINING,WET,FALSE,RAN OFF ROADWAY (1 VEHICLE WITH/EARTH EMBANKMENT/DITCH),SINGLE VEHICLE,STRAIGHT & LEVEL,DAYLIGHT,,,45288.43734,FALSE,238,Accepted,5,5,O,ANIMALS ACTION,OVERCORRECTING/OVERSTEERING,
32644559,0870000,MONTGOMERY CTY SHERIFF DEPT,Accepted,MONTGOMERY,,,CAMARGO LEVEE,RD,,,,,,,,37.96214153,-83.88773494,1.928,12/26/2023,1626,2,2,0,0,RAINING,WET,FALSE,SIDESWIPE COLLISION - OPPOSITE DIRECTION,SIDESWIPE-OPPOSITE DIRECTION,CURVE & GRADE,DAYLIGHT,,,45288.4375,FALSE,238,Accepted,5,5,O,,OVERCORRECTING/OVERSTEERING,
32649307,0870100,MT. STERLING POLICE DEPARTMENT,Accepted,MONTGOMERY,US0460,,MAYSVILLE,ST,N,,,,,,,38.07559236,-83.94884996,8.183,12/29/2023,1420,2,2,0,0,RAINING,WET,FALSE,SIDESWIPE COLLISION - SAME DIRECTION,SIDESWIPE-SAME DIRECTION,STRAIGHT & LEVEL,DAYLIGHT,,,45289.7611,FALSE,120,Accepted,5,5,O,,"INATTENTION, MISJUDGE CLEARANCE",
32671593,0870000,MONTGOMERY CTY SHERIFF DEPT,Accepted,MONTGOMERY,KY0011,8205,LEVEE,RD,,,,,,,,37.93964165,-83.92846758,1.732,12/29/2023,1627,1,1,0,1,CLOUDY,WET,FALSE,RAN OFF ROADWAY (1 VEHICLE WITH/EARTH EMBANKMENT/DITCH),SINGLE VEHICLE,CURVE & LEVEL,DAYLIGHT,,,45293.48864,FALSE,249,Accepted,3,3,B,"OTHER, SLIPPERY SURFACE",OTHER,
32671595,0870000,MONTGOMERY CTY SHERIFF DEPT,Accepted,MONTGOMERY,KY0713,,HIGH,ST,W,,,,,,,38.05800076,-83.95565611,5.806,12/26/2023,1624,2,2,0,0,RAINING,WET,FALSE,REAR END IN TRAFFIC LANES BOTH VEHICLES MOVING,REAR END,STRAIGHT & LEVEL,DAYLIGHT,,,45293.48876,FALSE,248,Accepted,5,5,O,SLIPPERY SURFACE,INATTENTION,
32671597,0870000,MONTGOMERY CTY SHERIFF DEPT,Accepted,MONTGOMERY,,485,DOUBLE GATE,RD,,,,,,,,37.99325458,-83.8062118,0.199,12/29/2023,824,1,1,0,0,CLOUDY,WET,FALSE,COLLISION WITH FIXED OBJECT NON - INTERSECTION - FIRST EVENT COLLISION 09 - 32 EXCLUDING 16,SINGLE VEHICLE,STRAIGHT & LEVEL,DAYLIGHT,,,45293.4889,FALSE,231,Accepted,5,5,O,,MISJUDGE CLEARANCE,
32671599,0870000,MONTGOMERY CTY SHERIFF DEPT,Accepted,MONTGOMERY,US0060,,OWINGSVILLE,RD,,,,,,,,38.08547979,-83.9000871,8.438,12/29/2023,1210,2,2,0,0,SNOWING,WET,FALSE,1 VEHICLE ENTERING/LEAVING ENTRANCE,ANGLE,STRAIGHT & GRADE,DAYLIGHT,,,45293.48898,FALSE,226,Accepted,5,5,O,,FAILED TO YIELD RIGHT OF WAY,
32671600,0870000,MONTGOMERY CTY SHERIFF DEPT,Accepted,MONTGOMERY,KY0686,,INDIAN MOUND,DR,,,,,,,,38.05814811,-83.95586701,1.355,12/29/2023,1403,2,2,0,1,CLOUDY,WET,FALSE,1 VEHICLE ENTERING/LEAVING ENTRANCE,ANGLE,STRAIGHT & GRADE,DAYLIGHT,,,45293.48907,FALSE,226,Accepted,5,4,C,,FAILED TO YIELD RIGHT OF WAY,
32671601,0870000,MONTGOMERY CTY SHERIFF DEPT,Accepted,MONTGOMERY,KY0011,,LEVEE,RD,,,,,,,,38.02966414,-83.9492993,8.476,12/29/2023,1555,1,1,0,0,CLOUDY,DRY,FALSE,RAN OFF ROADWAY (1 VEHICLE WITH/EARTH EMBANKMENT/DITCH),SINGLE VEHICLE,STRAIGHT & LEVEL,DAYLIGHT,,,45293.48914,FALSE,248,Accepted,5,5,O,,"ALCOHOL INVOLVEMENT, DRUG INVOLVEMENT, NOT UNDER PROPER CONTROL",
32671602,0870000,MONTGOMERY CTY SHERIFF DEPT,Accepted,MONTGOMERY,,,OSBORNE,RD,,,,,,,,38.0539356,-83.90229146,0.492,12/5/2023,12,1,1,0,0,CLEAR,WET,FALSE,OTHER COLLISIONS ON SHOULDER,SINGLE VEHICLE,CURVE & GRADE,DARK-HWY NOT LIGHTED,,,45293.48925,FALSE,275,Accepted,5,5,O,,"INATTENTION, NOT UNDER PROPER CONTROL, OVERCORRECTING/OVERSTEERING",
32671607,0870000,MONTGOMERY CTY SHERIFF DEPT,Accepted,MONTGOMERY,KY0686,,INDIAN MOUND,DR,,,,,,,,38.06180446,-83.95543821,1.104,12/31/2023,1920,2,2,0,0,CLEAR,DRY,FALSE,OTHER ROADWAY OR MID-BLOCK COLLISION,OPPOSING LEFT TURN,STRAIGHT & LEVEL,DARK-HWY LIGHTED/ON,,,45293.48942,FALSE,249,Accepted,5,5,O,,MISJUDGE CLEARANCE,
32671608,0870000,MONTGOMERY CTY SHERIFF DEPT,Accepted,MONTGOMERY,US0460,,CAMARGO,RD,,,MCCORMICK,,,,,37.99404233,-83.88751223,15.055,1/2/2024,638,1,1,0,0,CLEAR,DRY,FALSE,COLLISION WITH ANIMAL IN INTERSECTION,SINGLE VEHICLE,STRAIGHT & LEVEL,DARK-HWY LIGHTED/ON,,,45293.48948,FALSE,298,Accepted,5,5,O,ANIMALS ACTION,,
32681460,0870000,MONTGOMERY CTY SHERIFF DEPT,Accepted,MONTGOMERY,,705,LORENE,CIR,,,,,,,,38.06476451,-83.95320909,0.124,12/24/2023,1240,2,1,0,0,CLEAR,DRY,FALSE,1 VEHICLE PARKED POSITION (NOT PARKING LOT/DRIVEWAY),BACKING,CURVE & LEVEL,DAYLIGHT,,,45295.12758,FALSE,232,Accepted,5,5,O,,MISJUDGE CLEARANCE,
32704801,0870000,MONTGOMERY CTY SHERIFF DEPT,Accepted,MONTGOMERY,,,FOX,RD,,,,,,,,37.98198851,-83.9058509,1.49,1/8/2024,1635,2,2,0,0,CLOUDY,DRY,FALSE,SIDESWIPE COLLISION - OPPOSITE DIRECTION,SIDESWIPE-OPPOSITE DIRECTION,CURVE & LEVEL,DAYLIGHT,,,45300.51906,FALSE,238,Accepted,5,5,O,,MISJUDGE CLEARANCE,
32704804,0870000,MONTGOMERY CTY SHERIFF DEPT,Accepted,MONTGOMERY,KY0011,,LEVEE,RD,,,,,,,,37.94423487,-83.92938892,2.052,1/8/2024,905,2,2,0,1,CLOUDY,ICE,FALSE,REAR END IN TRAFFIC LANES BOTH VEHICLES MOVING,REAR END,STRAIGHT & LEVEL,DAYLIGHT,,,45300.51924,FALSE,228,Accepted,4,4,C,SLIPPERY SURFACE,,
32708977,0870000,MONTGOMERY CTY SHERIFF DEPT,Accepted,MONTGOMERY,KY0213,,KY213,,S,,,,,,,37.94127004,-83.86275303,2.7,1/9/2024,1631,1,1,0,0,RAINING,WET,FALSE,RAN OFF ROADWAY (1 VEHICLE WITH/EARTH EMBANKMENT/DITCH),SINGLE VEHICLE,CURVE & LEVEL,DAYLIGHT,,,45301.43639,FALSE,248,Accepted,5,5,O,SLIPPERY SURFACE,NOT UNDER PROPER CONTROL,"OTHER, STEERING FAILURE"
32708981,0870000,MONTGOMERY CTY SHERIFF DEPT,Accepted,MONTGOMERY,US0460,,CAMARGO,RD,,,OLDHAM,,,,,38.00521387,-83.903114,13.838,1/9/2024,1732,4,4,0,2,SEVERE CROSSWINDS,WET,FALSE,OTHER INTERSECTION COLLISIONS,REAR END,STRAIGHT & LEVEL,DARK-HWY NOT LIGHTED,,,45301.4365,FALSE,238,Accepted,5,3,B,,"INATTENTION, TOO FAST FOR CONDITIONS",
32711087,0870100,MT. STERLING POLICE DEPARTMENT,Accepted,MONTGOMERY,US0060,,MAIN,ST,W,,,,,,,38.05588332,-83.94436344,4.999,1/3/2024,1845,2,2,0,0,CLEAR,DRY,FALSE,1 VEHICLE PARKED POSITION (NOT PARKING LOT/DRIVEWAY),REAR END,STRAIGHT & LEVEL,DARK-HWY LIGHTED/ON,,,45301.70244,FALSE,157,Accepted,5,5,O,,LOST CONSCIOUSNESS/FAINTED,
32711089,0870100,MT. STERLING POLICE DEPARTMENT,Accepted,MONTGOMERY,KY0686,,INDIAN MOUND,DR,,,,,,,,38.07406384,-83.94839855,0.005,12/21/2023,1818,2,2,0,0,CLEAR,DRY,FALSE,OTHER COLLISIONS ON SHOULDER,ANGLE,STRAIGHT & LEVEL,DARK-HWY LIGHTED/ON,,,45301.70266,FALSE,130,Accepted,5,5,O,,INATTENTION,
32721075,0870100,MT. STERLING POLICE DEPARTMENT,Accepted,MONTGOMERY,US0460,,MAYSVILLE,ST,N,,,,,,,38.05672887,-83.94218971,,1/11/2024,1142,2,2,0,0,CLEAR,DRY,FALSE,VEHICLE BACKING NON INTERSECTION,BACKING,STRAIGHT & LEVEL,DAYLIGHT,,,45303.91948,FALSE,153,Accepted,5,5,O,,OTHER,
32722660,0870100,MT. STERLING POLICE DEPARTMENT,Accepted,MONTGOMERY,,,WILSON,ALY,,,,,,,,38.05673356,-83.94068981,0.082,1/12/2024,2342,1,1,0,0,CLOUDY,DRY,FALSE,COLLISION WITH FIXED OBJECT NON - INTERSECTION - FIRST EVENT COLLISION 09 - 32 EXCLUDING 16,SINGLE VEHICLE,STRAIGHT & LEVEL,DARK-HWY LIGHTED/ON,,,45304.66454,FALSE,156,Accepted,5,5,O,,"FAILED TO KEEP PROPER LANE, INATTENTION, NOT UNDER PROPER CONTROL",
32728940,0870000,MONTGOMERY CTY SHERIFF DEPT,Accepted,MONTGOMERY,KY0011,,LEVEE,RD,,,,,,,,37.99221927,-83.94114667,5.666,1/11/2024,830,1,1,0,0,CLOUDY,DRY,FALSE,OTHER COLLISIONS ON SHOULDER,SINGLE VEHICLE,STRAIGHT & LEVEL,DAYLIGHT,,,45306.68574,FALSE,231,Accepted,5,5,O,,"INATTENTION, NOT UNDER PROPER CONTROL",
32728941,0870000,MONTGOMERY CTY SHERIFF DEPT,Accepted,MONTGOMERY,,3034,ESTES,CT,,,,,,,,37.99491747,-83.88248378,0.179,1/12/2024,1940,1,1,0,0,CLEAR,DRY,FALSE,COLLISION WITH FIXED OBJECT NON - INTERSECTION - FIRST EVENT COLLISION 09 - 32 EXCLUDING 16,SINGLE VEHICLE,STRAIGHT & LEVEL,DARK-HWY NOT LIGHTED,,,45306.68581,FALSE,249,Accepted,5,5,O,,MISJUDGE CLEARANCE,
32728943,0870000,MONTGOMERY CTY SHERIFF DEPT,Accepted,MONTGOMERY,KY0011,2122,LEVEE,RD,,,,,,,,38.02205065,-83.94888022,7.944,1/13/2024,127,1,1,0,0,SEVERE CROSSWINDS,WET,FALSE,OTHER ROADWAY OR MID-BLOCK COLLISION,SINGLE VEHICLE,STRAIGHT & LEVEL,DARK-HWY NOT LIGHTED,,,45306.68592,FALSE,298,Accepted,5,5,O,,,
32729104,0870000,MONTGOMERY CTY SHERIFF DEPT,Accepted,MONTGOMERY,,200,WELCH,RD,,,,,,,,37.9607976,-83.88419172,1.725,1/13/2024,715,1,1,0,0,SEVERE CROSSWINDS,DRY,FALSE,RAN OFF ROADWAY (1 VEHICLE WITH/EARTH EMBANKMENT/DITCH),SINGLE VEHICLE,STRAIGHT & LEVEL,DARK-HWY NOT LIGHTED,,,45306.68601,FALSE,298,Accepted,5,5,O,,,
32730051,0870100,MT. STERLING POLICE DEPARTMENT,Accepted,MONTGOMERY,,522,GARDEN SPRINGS,DR,,,,,LARKSPUR,KY1991,HINKSTON,38.068656,-83.943128,0.144,1/13/2024,2328,2,2,0,0,CLOUDY,DRY,TRUE,1 VEHICLE PARKED POSITION (NOT PARKING LOT/DRIVEWAY),SIDESWIPE-SAME DIRECTION,STRAIGHT & LEVEL,DARK-HWY LIGHTED/ON,,,45307.15248,FALSE,121,Accepted,5,5,O,,ALCOHOL INVOLVEMENT,
32730053,0870100,MT. STERLING POLICE DEPARTMENT,Accepted,MONTGOMERY,US0060,,MAIN,ST,W,US0460,BANK,,,,,38.05602355,-83.94321947,5.044,1/12/2024,1624,2,2,0,0,CLOUDY,DRY,FALSE,COLLISION WITH FIXED OBJECT IN INTERSECTION - FIRST EVENT COLLISION 09 - 32,ANGLE,STRAIGHT & LEVEL,DAYLIGHT,,,45307.15256,FALSE,154,Accepted,5,5,O,,"FAILED TO YIELD RIGHT OF WAY, INATTENTION",
32730054,0870100,MT. STERLING POLICE DEPARTMENT,Accepted,MONTGOMERY,US0460,,MAYSVILLE,ST,N,,EVANS,,,,,38.0756252,-83.94879957,8.186,1/9/2023,1815,2,2,0,0,RAINING,WET,FALSE,ANGLE COLLISION - OTHER,ANGLE,STRAIGHT & LEVEL,DARK-HWY LIGHTED/ON,,,45307.15263,FALSE,162,Accepted,5,5,O,,INATTENTION,
32733147,0870100,MT. STERLING POLICE DEPARTMENT,Accepted,MONTGOMERY,KY0686,,INDIAN MOUND,DR,,,,,,,,38.05511708,-83.95639045,1.567,11/22/2023,1218,2,2,0,0,CLOUDY,DRY,FALSE,REAR END IN TRAFFIC LANES BOTH VEHICLES MOVING,REAR END,STRAIGHT & LEVEL,DAYLIGHT,,,45307.95528,FALSE,128,Accepted,5,5,O,,INATTENTION,
32733148,0870100,MT. STERLING POLICE DEPARTMENT,Accepted,MONTGOMERY,,,RICHMOND,AVE,,,ESTILL TERACE,,,,,38.04812,-83.94839084,0.467,12/2/2023,1004,2,2,0,0,CLOUDY,DRY,FALSE,ANGLE COLLISION - OTHER,ANGLE,STRAIGHT & LEVEL,DAYLIGHT,,,45307.95532,FALSE,128,Accepted,5,5,O,,INATTENTION,
32733150,0870100,MT. STERLING POLICE DEPARTMENT,Accepted,MONTGOMERY,,326,QUEEN,ST,S,,,,,,,38.0516709,-83.93726331,0.303,1/15/2024,615,1,1,0,1,SNOWING,SNOW/SLUSH,FALSE,COLLISION WITH FIXED OBJECT NON - INTERSECTION - FIRST EVENT COLLISION 09 - 32 EXCLUDING 16,SINGLE VEHICLE,STRAIGHT & GRADE,DARK-HWY NOT LIGHTED,,,45307.95539,FALSE,128,Accepted,5,4,C,SLIPPERY SURFACE,OVERCORRECTING/OVERSTEERING,
32737170,0870100,MT. STERLING POLICE DEPARTMENT,Accepted,MONTGOMERY,KY0686,,INDIAN MOUND,DR,,,,,,,,38.0618777,-83.95550542,1.099,1/6/2024,1752,2,2,0,5,RAINING,WET,FALSE,1 VEHICLE ENTERING/LEAVING ENTRANCE,ANGLE,STRAIGHT & LEVEL,DARK-HWY LIGHTED/ON,,,45308.97508,FALSE,155,Accepted,5,3,B,,MISJUDGE CLEARANCE,HEADLIGHTS DEFECTIVE
32737171,0870100,MT. STERLING POLICE DEPARTMENT,Accepted,MONTGOMERY,US0460,,MAYSVILLE,ST,N,,,,,,,38.07558196,-83.94869186,8.18,1/1/2024,1600,2,2,0,0,CLEAR,DRY,FALSE,1 VEHICLE ENTERING/LEAVING ENTRANCE,ANGLE,STRAIGHT & LEVEL,DAYLIGHT,,,45308.97514,FALSE,155,Accepted,5,5,O,,INATTENTION,
32737172,0870100,MT. STERLING POLICE DEPARTMENT,Accepted,MONTGOMERY,US0460,,MAYSVILLE,RD,,,,,,,,38.07888557,-83.94948626,7.944,1/12/2024,1623,2,2,0,0,RAINING,WET,FALSE,OTHER ROADWAY OR MID-BLOCK COLLISION,REAR END,STRAIGHT & LEVEL,DAYLIGHT,,,45308.97519,FALSE,155,Accepted,5,5,O,SLIPPERY SURFACE,,
32741713,0870100,MT. STERLING POLICE DEPARTMENT,Accepted,MONTGOMERY,,,QUEEN,ST,S,,,,,,,38.05393838,-83.93805152,0.141,1/17/2024,1450,1,1,0,0,CLEAR,SNOW/SLUSH,FALSE,COLLISION WITH FIXED OBJECT NON - INTERSECTION - FIRST EVENT COLLISION 09 - 32 EXCLUDING 16,SINGLE VEHICLE,STRAIGHT & HILLCREST,DAYLIGHT,,,45310.23124,FALSE,139,Accepted,5,5,O,,INATTENTION,
32741714,0870100,MT. STERLING POLICE DEPARTMENT,Accepted,MONTGOMERY,KY0686,,INDIAN MOUND,DR,,,TIGHLMAN,,,,,38.0408932,-83.93894907,3.254,1/16/2024,1810,2,2,0,0,CLOUDY,WET,FALSE,ANGLE COLLISION - OTHER,ANGLE,STRAIGHT & LEVEL,DARK-HWY LIGHTED/ON,,,45310.23131,FALSE,154,Accepted,5,5,O,,FAILED TO YIELD RIGHT OF WAY,
32748106,0870100,MT. STERLING POLICE DEPARTMENT,Accepted,MONTGOMERY,,,WINGTIP,WAY,,,,,,,,38.07419137,-83.94795845,0.002,1/20/2024,304,2,2,0,0,SNOWING,SNOW/SLUSH,FALSE,REAR END IN TRAFFIC LANES BOTH VEHICLES MOVING,REAR END,STRAIGHT & LEVEL,DARK-HWY LIGHTED/ON,,,45312.74722,FALSE,159,Accepted,5,5,O,SLIPPERY SURFACE,DISTRACTION,
32761965,0870000,MONTGOMERY CTY SHERIFF DEPT,Accepted,MONTGOMERY,KY0213,,BEDFORD,RD,,,,,,,,37.99788863,-83.83736604,7.062,1/15/2024,1801,1,1,0,1,SNOWING,SNOW/SLUSH,FALSE,RAN OFF ROADWAY (1 VEHICLE WITH/EARTH EMBANKMENT/DITCH),SINGLE VEHICLE,CURVE & LEVEL,DARK-HWY NOT LIGHTED,,,45315.81323,FALSE,249,Accepted,5,3,B,"SLIPPERY SURFACE, VIEW OBSTRUCTED, LIMITED DUE TO WEATHER CONDITIONS",,
32761972,0870000,MONTGOMERY CTY SHERIFF DEPT,Accepted,MONTGOMERY,,,PREWITT,PIKE,,,,,,,,38.04500855,-83.97583692,0.307,1/9/2024,1748,1,1,0,0,RAINING,WET,FALSE,RAN OFF ROADWAY (1 VEHICLE WITH/EARTH EMBANKMENT/DITCH),SINGLE VEHICLE,STRAIGHT & GRADE,DARK-HWY NOT LIGHTED,,,45315.8137,FALSE,248,Accepted,5,5,O,SLIPPERY SURFACE,"NOT UNDER PROPER CONTROL, OVERCORRECTING/OVERSTEERING",
32761973,0870000,MONTGOMERY CTY SHERIFF DEPT,Accepted,MONTGOMERY,,75,WARE CHAPEL,RD,N,,,,,,,37.94585526,-83.87642471,0.101,1/14/2024,117,2,2,0,0,CLEAR,GRAVEL,FALSE,1 VEHICLE PARKED POSITION (NOT PARKING LOT/DRIVEWAY),REAR END,STRAIGHT & GRADE,DARK (UNKNOWN ROADWAY LIGHTING),,,45315.81378,FALSE,298,Accepted,5,5,O,,"ALCOHOL INVOLVEMENT, EMOTIONAL, NOT UNDER PROPER CONTROL",
32761974,0870000,MONTGOMERY CTY SHERIFF DEPT,Accepted,MONTGOMERY,KY0011,,LEVEE,RD,,,,,,,,37.97968917,-83.93951747,4.761,1/10/2024,1659,3,3,0,0,CLEAR,DRY,FALSE,HEAD-ON COLLISION,HEAD ON,STRAIGHT & LEVEL,DAYLIGHT,,,45315.81386,FALSE,238,Accepted,5,5,O,,NOT UNDER PROPER CONTROL,
32761975,0870000,MONTGOMERY CTY SHERIFF DEPT,Accepted,MONTGOMERY,US0060,,WINCHESTER,RD,,,,,,,,38.03854853,-84.00732347,1.194,1/11/2024,1632,2,2,0,1,CLEAR,DRY,FALSE,SIDESWIPE COLLISION - OPPOSITE DIRECTION,SIDESWIPE-OPPOSITE DIRECTION,STRAIGHT & LEVEL,DAYLIGHT,,,45315.81392,FALSE,238,Accepted,5,3,B,,NOT UNDER PROPER CONTROL,
32761978,0870000,MONTGOMERY CTY SHERIFF DEPT,Accepted,MONTGOMERY,US0460,,MAIN,ST,,,,,,,,37.98362371,-83.87111113,16.199,1/17/2024,1821,1,1,0,0,CLOUDY,DRY,FALSE,COLLISION WITH ANIMAL NON INTERSECTION,SINGLE VEHICLE,STRAIGHT & LEVEL,DARK-HWY NOT LIGHTED,,,45315.81407,FALSE,248,Accepted,5,5,O,,,
32761981,0870000,MONTGOMERY CTY SHERIFF DEPT,Accepted,MONTGOMERY,,,PREWITT GRASSY LICK,RD,,,,,,,,38.05222281,-84.01635575,1.215,1/17/2024,707,2,2,0,0,CLEAR,SNOW/SLUSH,TRUE,1 VEHICLE ENTERING OR LEAVING PARKED POSITION (NOT PARKING LOT),SIDESWIPE-OPPOSITE DIRECTION,CURVE & LEVEL,DAWN,,,45315.81416,FALSE,275,Accepted,5,5,O,,"FAILED TO KEEP PROPER LANE, INATTENTION, NOT UNDER PROPER CONTROL",
32761992,0870000,MONTGOMERY CTY SHERIFF DEPT,Accepted,MONTGOMERY,KY0213,,KY213,,,,SPRUCE VALLEY,,,,,37.92558368,-83.86188924,1.532,1/16/2024,2256,1,1,0,0,CLOUDY,DRY,TRUE,COLLISION WITH FIXED OBJECT IN INTERSECTION - FIRST EVENT COLLISION 09 - 32,SINGLE VEHICLE,CURVE & LEVEL,DARK-HWY NOT LIGHTED,,,45315.81444,FALSE,238,Accepted,5,5,O,,"NOT UNDER PROPER CONTROL, TOO FAST FOR CONDITIONS",
32761993,0870000,MONTGOMERY CTY SHERIFF DEPT,Accepted,MONTGOMERY,,7020,OLD NEST EGG,RD,,,,,,,,37.95257147,-83.96710293,0.543,1/16/2024,705,1,1,0,0,SNOWING,ICE,FALSE,OTHER ROADWAY OR MID-BLOCK COLLISION,SINGLE VEHICLE,CURVE & HILLCREST,DAYLIGHT,,,45315.81451,FALSE,298,Accepted,5,5,O,,,
32761995,0870000,MONTGOMERY CTY SHERIFF DEPT,Accepted,MONTGOMERY,,,OLD OWINGSVILLE,RD,,KY1331,STEPSTONE,,,,,38.08166962,-83.90185055,0.001,1/15/2024,1440,2,2,0,0,CLOUDY,WET,FALSE,OPPOSING LEFT TURN,OPPOSING LEFT TURN,STRAIGHT & LEVEL,DAYLIGHT,,,45315.81459,FALSE,231,Accepted,5,5,O,,"FAILED TO YIELD RIGHT OF WAY, INATTENTION",
32762004,0870000,MONTGOMERY CTY SHERIFF DEPT,Accepted,MONTGOMERY,KY0686,,INDIAN MOUND,DR,,,ALEXA,,,,,38.06547109,-83.95524265,0.851,1/17/2024,1213,2,2,0,0,CLEAR,DRY,FALSE,SIDESWIPE-SAME DIRECTION,SIDESWIPE-SAME DIRECTION,STRAIGHT & LEVEL,DAYLIGHT,,,45315.81493,FALSE,228,Accepted,5,5,O,,,
32762006,0870000,MONTGOMERY CTY SHERIFF DEPT,Accepted,MONTGOMERY,,,PARKVIEW PLACE MOBILE HOME PARK,LOOP,,,,,,,,38.07440148,-83.91264075,0.05,1/21/2024,1919,2,2,0,0,CLEAR,DRY,FALSE,1 VEHICLE PARKED POSITION (NOT PARKING LOT/DRIVEWAY),BACKING,STRAIGHT & LEVEL,DARK-HWY NOT LIGHTED,,,45315.81504,FALSE,238,Accepted,5,5,O,,MISJUDGE CLEARANCE,
32762013,0870000,MONTGOMERY CTY SHERIFF DEPT,Accepted,MONTGOMERY,KY0646,,NEST EGG,RD,,,,,,,,37.96118837,-83.96304896,6.28,1/24/2024,941,1,1,0,1,RAINING,WET,FALSE,RAN OFF ROADWAY (1 VEHICLE WITH/EARTH EMBANKMENT/DITCH),SINGLE VEHICLE,STRAIGHT & LEVEL,DAYLIGHT,,,45315.81521,FALSE,226,Accepted,4,4,C,SLIPPERY SURFACE,NOT UNDER PROPER CONTROL,TIRES
32762014,0870000,MONTGOMERY CTY SHERIFF DEPT,Accepted,MONTGOMERY,KY0646,,WILLOUGHBY TOWN,RD,,KY0213,KY213,,,,,37.94345004,-83.86533731,0.068,1/22/2024,1818,1,1,0,1,CLEAR,WET,FALSE,COLLISION WITH FIXED OBJECT IN INTERSECTION - FIRST EVENT COLLISION 09 - 32,SINGLE VEHICLE,CURVE & HILLCREST,DARK-HWY NOT LIGHTED,,,45315.81527,FALSE,249,Accepted,5,2,A,,"FELL ASLEEP, MEDICATION, NOT UNDER PROPER CONTROL",
32762355,0870100,MT. STERLING POLICE DEPARTMENT,Accepted,MONTGOMERY,KY0686,,INDIAN MOUND,DR,,US0460,CAMARGO,,,,,38.04216946,-83.93421233,3.519,1/20/2024,1638,2,2,0,0,CLEAR,DRY,FALSE,OTHER INTERSECTION COLLISIONS,REAR END,STRAIGHT & LEVEL,DAYLIGHT,,,45315.94114,FALSE,163,Accepted,5,5,O,,OTHER,
32779217,0870100,MT. STERLING POLICE DEPARTMENT,Accepted,MONTGOMERY,,117,HIGH,ST,W,,,,,,,38.05698812,-83.94499027,0.146,1/8/2024,1350,2,2,0,0,CLEAR,DRY,FALSE,1 VEHICLE PARKED POSITION (NOT PARKING LOT/DRIVEWAY),BACKING,STRAIGHT & LEVEL,DAYLIGHT,,,45320.46496,FALSE,120,Accepted,5,5,O,,"IMPROPER BACKING, INATTENTION",
32779225,0870100,MT. STERLING POLICE DEPARTMENT,Accepted,MONTGOMERY,,,EVANS,AVE,,,YOUNG,,,,,38.07544677,-83.95004454,0.088,1/25/2024,1220,2,2,0,0,RAINING,WET,FALSE,ANGLE COLLISION - OTHER,ANGLE,STRAIGHT & LEVEL,DAYLIGHT,,,45320.46528,FALSE,157,Accepted,5,5,O,,INATTENTION,
32779472,0870000,MONTGOMERY CTY SHERIFF DEPT,Accepted,MONTGOMERY,KY0011,,MAYSVILLE,RD,,,,,,,,38.15712305,-83.95728201,14.968,1/25/2024,802,1,1,0,0,RAINING,WET,FALSE,COLLISION WITH ANIMAL NON INTERSECTION,SINGLE VEHICLE,STRAIGHT & GRADE,DAWN,,,45320.48207,FALSE,231,Accepted,5,5,O,ANIMALS ACTION,,
32779474,0870000,MONTGOMERY CTY SHERIFF DEPT,Accepted,MONTGOMERY,KY0686,,INDIAN MOUND,DR,,US0460,CAMARGO,,,,,38.04216621,-83.93430359,3.501,1/25/2024,1105,2,2,0,0,RAINING,WET,FALSE,ANGLE COLLISION - OTHER,ANGLE,STRAIGHT & LEVEL,DAYLIGHT,,,45320.48214,FALSE,231,Accepted,5,5,O,,DISREGARD TRAFFIC CONTROL,
32802698,0870100,MT. STERLING POLICE DEPARTMENT,Accepted,MONTGOMERY,,,WINGTIP,WAY,,,,,,,,38.07508775,-83.94841308,0.067,1/30/2024,1315,2,2,0,0,RAINING,WET,FALSE,1 VEHICLE ENTERING/LEAVING ENTRANCE,ANGLE,STRAIGHT & LEVEL,DAYLIGHT,,,45324.91341,FALSE,157,Accepted,5,5,O,,"INATTENTION, FAILED TO YIELD RIGHT OF WAY",