IncidentID,AgencyORI,AgencyName,IncidentStatusDesc,County,RdwyNumber,Street,RoadwayName,StreetSfx,StreetDir,IntersectionRdwy,IntersectionRdwyName,BetweenStRdwy1,BetweenStRdwyName1,BetweenStRdwy2,BetweenStRdwyName2,Latitude,Longitude,Milepoint,CollisionDate,CollisionTime,UnitsInvolved,MotorVehiclesInvolved,NumberKilled,NumberInjured,Weather,RdwyConditionCode,HitandRun,DirAnalysisCode,MannerofCollision,RdwyCharacter,LightCondition,RampFromRdwyId,RampToRdwyId,AcceptedDate,IsSecondaryCollision,OwnerBadge,IncidentStatus,InjurySeverityCde,KABCO Code,KABCO,Environmental_Factors,Human_Factors,Vehicular_Factors
32812145,KSP0800,"KY STATE POLICE, POST 08",Accepted,MONTGOMERY,US0060,,WINCHESTER,RD,,,,,,,,38.03560244,-84.01305066,0.803,2/4/2024,600,1,1,0,0,CLEAR,DRY,FALSE,COLLISION WITH ANIMAL NON INTERSECTION,SINGLE VEHICLE,STRAIGHT & LEVEL,DARK-HWY NOT LIGHTED,,,45327.49794,FALSE,243,Accepted,5,5,O,ANIMALS ACTION,,
32818709,0870000,MONTGOMERY CTY SHERIFF DEPT,Accepted,MONTGOMERY,US0060,,WINCHESTER,RD,,,,,,,,38.03332848,-84.02022446,0.383,1/16/2024,1827,2,2,0,0,CLOUDY,DRY,FALSE,SIDESWIPE COLLISION - OPPOSITE DIRECTION,SIDESWIPE-OPPOSITE DIRECTION,STRAIGHT & LEVEL,DARK-HWY NOT LIGHTED,,,45328.64428,FALSE,238,Accepted,5,5,O,,NOT UNDER PROPER CONTROL,
32818712,0870000,MONTGOMERY CTY SHERIFF DEPT,Accepted,MONTGOMERY,KY0646,,NEST EGG,RD,,,OLD NEST EGG,,,,,37.96039555,-83.96535708,6.447,1/26/2024,2114,2,2,0,0,CLOUDY,DRY,TRUE,OPPOSITE DIRECTION - BOTH VEHICLES GOING STRAIGHT AHEAD,SIDESWIPE-OPPOSITE DIRECTION,STRAIGHT & LEVEL,DARK-HWY NOT LIGHTED,,,45328.64443,FALSE,238,Accepted,5,5,O,,INATTENTION,
32818721,0870000,MONTGOMERY CTY SHERIFF DEPT,Accepted,MONTGOMERY,,,TAPP,LN,,,,,,,,38.03972545,-83.80026656,0.968,2/1/2024,1956,1,1,0,1,CLEAR,DRY,FALSE,RAN OFF ROADWAY (1 VEHICLE WITH/EARTH EMBANKMENT/DITCH),SINGLE VEHICLE,CURVE & LEVEL,DARK-HWY NOT LIGHTED,,,45328.64481,FALSE,249,Accepted,5,4,C,ANIMALS ACTION,,
32818735,0870000,MONTGOMERY CTY SHERIFF DEPT,Accepted,MONTGOMERY,US0060,,WINCHESTER,RD,,,,,,,,38.0353923,-84.01388154,0.756,1/27/2024,324,1,1,0,2,RAINING,WET,FALSE,RAN OFF ROADWAY (1 VEHICLE WITH/EARTH EMBANKMENT/DITCH),SINGLE VEHICLE,STRAIGHT & LEVEL,DARK-HWY LIGHTED/ON,,,45328.64511,FALSE,298,Accepted,3,3,B,,"FAILED TO KEEP PROPER LANE, FATIGUE, NOT UNDER PROPER CONTROL",
32818810,0870000,MONTGOMERY CTY SHERIFF DEPT,Accepted,MONTGOMERY,US0060,1834,OWINGSVILLE,RD,,,,,,,,38.07096432,-83.92788014,6.598,2/5/2024,724,1,1,0,0,CLEAR,DRY,FALSE,COLLISION WITH ANIMAL NON INTERSECTION,SINGLE VEHICLE,CURVE & LEVEL,DAYLIGHT,,,45328.65692,FALSE,298,Accepted,5,5,O,ANIMALS ACTION,,
32818811,0870000,MONTGOMERY CTY SHERIFF DEPT,Accepted,MONTGOMERY,KY0011,1004,LEVEE,RD,,,,,,,,38.03881294,-83.94925047,9.083,1/31/2024,1055,1,1,0,0,CLOUDY,MUD-DIRT,TRUE,COLLISION WITH FIXED OBJECT NON - INTERSECTION - FIRST EVENT COLLISION 09 - 32 EXCLUDING 16,SINGLE VEHICLE,STRAIGHT & LEVEL,DAYLIGHT,,,45328.65698,FALSE,228,Accepted,5,5,O,,MISJUDGE CLEARANCE,
32823219,0870000,MONTGOMERY CTY SHERIFF DEPT,Accepted,MONTGOMERY,KY0686,,INDIAN MOUND,DR,,KY0713,HIGH,,,,,38.05802429,-83.95585218,1.364,2/6/2024,1843,2,2,0,0,CLEAR,DRY,FALSE,OPPOSING LEFT TURN,OPPOSING LEFT TURN,STRAIGHT & LEVEL,DARK-HWY NOT LIGHTED,,,45329.53074,FALSE,253,Accepted,5,5,O,,,
32823220,0870000,MONTGOMERY CTY SHERIFF DEPT,Accepted,MONTGOMERY,KY0646,7440,CREAM ALLEY,RD,,,,,,,,37.96931866,-83.92602127,4.043,2/6/2024,2047,1,1,0,2,CLEAR,DRY,FALSE,RAN OFF ROADWAY (1 VEHICLE WITH/EARTH EMBANKMENT/DITCH),SINGLE VEHICLE,STRAIGHT & GRADE,DARK-HWY NOT LIGHTED,,,45329.53085,FALSE,253,Accepted,2,2,A,,DRUG INVOLVEMENT,
32824734,0870100,MT. STERLING POLICE DEPARTMENT,Accepted,MONTGOMERY,,,EVANS,AVE,,,,,,,,38.07546473,-83.95122291,0.153,2/1/2024,1715,2,2,0,0,CLEAR,DRY,FALSE,SIDESWIPE COLLISION - SAME DIRECTION,SIDESWIPE-SAME DIRECTION,STRAIGHT & LEVEL,DAYLIGHT,,,45329.73192,FALSE,157,Accepted,5,5,O,,INATTENTION,
32842361,0870000,MONTGOMERY CTY SHERIFF DEPT,Accepted,MONTGOMERY,,,PARKVIEW PLACE MOBILE HOME PARK,,,,,,,,,38.07494707,-83.91388006,0.083,2/8/2024,2057,2,2,0,0,CLEAR,DRY,FALSE,1 VEHICLE PARKED POSITION (NOT PARKING LOT/DRIVEWAY),REAR END,CURVE & LEVEL,DARK-HWY NOT LIGHTED,,,45334.4074,FALSE,253,Accepted,5,5,O,,,
32843507,0870100,MT. STERLING POLICE DEPARTMENT,Accepted,MONTGOMERY,,,COLLIER,WAY,,,SWISS STONE,,,,,38.05291236,-83.95098225,0.001,2/10/2024,2023,2,2,0,0,CLOUDY,DRY,FALSE,OPPOSITE DIRECTION - BOTH VEHICLES GOING STRAIGHT AHEAD,SIDESWIPE-OPPOSITE DIRECTION,STRAIGHT & LEVEL,DARK-HWY LIGHTED/ON,,,45334.57801,FALSE,121,Accepted,5,5,O,,MISJUDGE CLEARANCE,
32844438,0870000,MONTGOMERY CTY SHERIFF DEPT,Accepted,MONTGOMERY,KY0686,,INDIAN MOUND,DR,,,FOGG PIKE CONN,,,,,38.04199358,-83.95078783,2.601,2/9/2024,1825,2,2,0,0,CLEAR,DRY,FALSE,OPPOSING LEFT TURN,OPPOSING LEFT TURN,STRAIGHT & LEVEL,DARK-HWY LIGHTED/ON,,,45334.7005,FALSE,253,Accepted,5,5,O,,,
32844442,0870000,MONTGOMERY CTY SHERIFF DEPT,Accepted,MONTGOMERY,US0060,,OWINGSVILLE,RD,,,,,,,,38.08490698,-83.90051408,8.392,2/8/2024,1539,1,1,0,2,CLEAR,DRY,FALSE,COLLISION WITH FIXED OBJECT NON - INTERSECTION - FIRST EVENT COLLISION 09 - 32 EXCLUDING 16,SINGLE VEHICLE,CURVE & HILLCREST,DAYLIGHT,,,45334.70065,FALSE,226,Accepted,2,2,A,,"ALCOHOL INVOLVEMENT, EXCEEDED STATED SPEED LIMIT, NOT UNDER PROPER CONTROL",
32844450,0870000,MONTGOMERY CTY SHERIFF DEPT,Accepted,MONTGOMERY,US0460,460,MAIN,ST,,KY0599,KY599,,,,,37.97229921,-83.83852658,18.143,2/10/2024,1845,2,2,0,1,CLOUDY,DRY,FALSE,HEAD-ON COLLISION,HEAD ON,STRAIGHT & LEVEL,DARK-HWY NOT LIGHTED,,,45334.70077,FALSE,253,Accepted,5,4,C,,ALCOHOL INVOLVEMENT,
32844452,0870000,MONTGOMERY CTY SHERIFF DEPT,Accepted,MONTGOMERY,KY0646,191,NEST EGG,RD,,,,,,,,37.9694973,-83.93930528,4.725,2/11/2024,146,2,2,0,0,RAINING,WET,FALSE,SIDESWIPE COLLISION - OPPOSITE DIRECTION,SIDESWIPE-OPPOSITE DIRECTION,CURVE & LEVEL,DARK-HWY NOT LIGHTED,,,45334.70085,FALSE,298,Accepted,5,5,O,,,
32844454,0870000,MONTGOMERY CTY SHERIFF DEPT,Accepted,MONTGOMERY,KY0213,,KY213,,,,,,,,,37.96951422,-83.85737631,4.741,2/7/2024,313,2,2,0,0,CLEAR,DRY,FALSE,REAR END IN TRAFFIC LANES BOTH VEHICLES MOVING,REAR END,STRAIGHT & HILLCREST,DARK-HWY NOT LIGHTED,,,45334.70094,FALSE,284,Accepted,5,5,O,,,
32845005,0870100,MT. STERLING POLICE DEPARTMENT,Accepted,MONTGOMERY,US0060,,MAIN,ST,E,,,,,,,38.05779406,-83.93625795,5.428,2/10/2024,530,2,2,0,0,RAINING,WET,FALSE,COLLISION WITH FIXED OBJECT NON - INTERSECTION - FIRST EVENT COLLISION 09 - 32 EXCLUDING 16,REAR END,STRAIGHT & LEVEL,DARK-HWY LIGHTED/ON,,,45334.79948,FALSE,157,Accepted,5,5,O,,INATTENTION,
32848753,0870000,MONTGOMERY CTY SHERIFF DEPT,Accepted,MONTGOMERY,KY0213,,KY213,,S,,SHELBY,,,,,37.94265254,-83.86361058,2.807,2/11/2024,1954,1,1,0,2,CLEAR,DRY,FALSE,COLLISION WITH FIXED OBJECT IN INTERSECTION - FIRST EVENT COLLISION 09 - 32,SINGLE VEHICLE,STRAIGHT & LEVEL,DARK-HWY NOT LIGHTED,,,45335.63176,FALSE,249,Accepted,5,3,B,,FELL ASLEEP,
32853014,0870000,MONTGOMERY CTY SHERIFF DEPT,Accepted,MONTGOMERY,,,CAMARGO LEVEE,RD,,KY0646,CREAM ALLEY,,,,,37.95666288,-83.89741777,2.616,2/13/2024,1656,1,1,0,0,CLEAR,DRY,FALSE,OTHER INTERSECTION COLLISIONS,SINGLE VEHICLE,STRAIGHT & GRADE,DAYLIGHT,,,45336.53987,FALSE,253,Accepted,5,5,O,,,
32855101,0870100,MT. STERLING POLICE DEPARTMENT,Accepted,MONTGOMERY,US0460,,MAYSVILLE,ST,N,,,,,,,38.0761029,-83.94904694,8.14,2/14/2024,1924,2,2,0,0,CLEAR,DRY,FALSE,REAR END IN TRAFFIC LANES BOTH VEHICLES MOVING,REAR END,STRAIGHT & LEVEL,DARK-HWY LIGHTED/ON,,,45336.92908,FALSE,155,Accepted,5,5,O,,INATTENTION,
32865534,0870100,MT. STERLING POLICE DEPARTMENT,Accepted,MONTGOMERY,KY0686,,INDIAN MOUND,DR,,,,,,,,38.0618766,-83.9555053,1.099,2/16/2024,355,2,2,0,0,"SLEET, HAIL, FREEZING RAIN",WET,FALSE,OTHER ROADWAY OR MID-BLOCK COLLISION,OPPOSING LEFT TURN,STRAIGHT & LEVEL,DAYLIGHT,,,45338.83807,FALSE,163,Accepted,5,5,O,BACKUP DUE TO REGULAR CONGESTION,"INATTENTION, MISJUDGE CLEARANCE",
32869665,0870100,MT. STERLING POLICE DEPARTMENT,Accepted,MONTGOMERY,,101,RONAMEKI,DR,,US0060,MAIN,,,,,38.05459453,-83.95499847,0.046,2/16/2024,1757,2,2,0,0,SNOWING,WET,FALSE,COLLISION WITH PARKED VEHICLE,BACKING,STRAIGHT & LEVEL,DUSK,,,45340.53731,FALSE,121,Accepted,5,5,O,"VIEW OBSTRUCTED, LIMITED DUE TO WEATHER CONDITIONS",OTHER,
32869855,0870100,MT. STERLING POLICE DEPARTMENT,Accepted,MONTGOMERY,,336,QUEEN,ST,S,,,,,,,38.05149545,-83.93715361,0.316,2/6/2024,1436,2,2,0,0,CLEAR,DRY,FALSE,1 VEHICLE PARKED POSITION (NOT PARKING LOT/DRIVEWAY),REAR END,STRAIGHT & LEVEL,DAYLIGHT,,,45340.63278,FALSE,120,Accepted,5,5,O,,ALCOHOL INVOLVEMENT,
32875282,0870000,MONTGOMERY CTY SHERIFF DEPT,Accepted,MONTGOMERY,US0460,460,MAIN,ST,,,,,,,,37.96933802,-83.82725403,18.774,2/16/2024,2011,1,1,0,1,SNOWING,SNOW/SLUSH,FALSE,COLLISION WITH FIXED OBJECT NON - INTERSECTION - FIRST EVENT COLLISION 09 - 32 EXCLUDING 16,SINGLE VEHICLE,STRAIGHT & LEVEL,DARK-HWY NOT LIGHTED,,,45341.72258,FALSE,253,Accepted,3,3,B,SLIPPERY SURFACE,,
32875284,0870000,MONTGOMERY CTY SHERIFF DEPT,Accepted,MONTGOMERY,,190,FOREST LAKE,DR,,,,,,,,37.95708948,-83.8015643,0.302,2/16/2024,1710,1,1,0,0,"SLEET, HAIL, FREEZING RAIN",WET,FALSE,COLLISION WITH FIXED OBJECT NON - INTERSECTION - FIRST EVENT COLLISION 09 - 32 EXCLUDING 16,SINGLE VEHICLE,CURVE & LEVEL,DAYLIGHT,,,45341.72268,FALSE,249,Accepted,5,5,O,,FELL ASLEEP,
32875286,0870000,MONTGOMERY CTY SHERIFF DEPT,Accepted,MONTGOMERY,US0060,,WINCHESTER,RD,,,,,,,,38.05279708,-83.96642953,3.762,2/18/2024,1341,2,2,0,1,CLEAR,DRY,FALSE,HEAD-ON COLLISION,HEAD ON,STRAIGHT & LEVEL,DAYLIGHT,,,45341.7228,FALSE,255,Accepted,3,3,B,,FAILED TO KEEP PROPER LANE,
32875287,0870000,MONTGOMERY CTY SHERIFF DEPT,Accepted,MONTGOMERY,US0060,,WINCHESTER,RD,,,,,,,,38.04842962,-83.97890687,3.011,2/13/2024,2037,2,2,0,0,CLEAR,DRY,FALSE,1 VEHICLE PARKED POSITION (NOT PARKING LOT/DRIVEWAY),ANGLE,STRAIGHT & LEVEL,DARK-HWY NOT LIGHTED,,,45341.72288,FALSE,238,Accepted,5,5,O,,"ALCOHOL INVOLVEMENT, NOT UNDER PROPER CONTROL",
32876412,0870100,MT. STERLING POLICE DEPARTMENT,Accepted,MONTGOMERY,KY0686,,INDIAN MOUND,DR,,CS1500,PATSY,,,,,38.07097681,-83.95489931,0.451,2/18/2024,1530,2,2,0,0,CLEAR,DRY,FALSE,1 VEHICLE ENTERING/LEAVING ENTRANCE,ANGLE,CURVE & HILLCREST,DAYLIGHT,,,45341.99608,FALSE,163,Accepted,5,5,O,,INATTENTION,
32877010,0870000,MONTGOMERY CTY SHERIFF DEPT,Accepted,MONTGOMERY,KY0213,,KY213,,,,,,,,,37.97601876,-83.85135518,5.29,2/8/2024,1735,2,1,0,0,CLEAR,DRY,FALSE,SIDESWIPE COLLISION - SAME DIRECTION,SIDESWIPE-SAME DIRECTION,STRAIGHT & LEVEL,DAYLIGHT,,,45342.12757,FALSE,232,Accepted,5,5,O,,FAILED TO YIELD RIGHT OF WAY,
32879197,0870000,MONTGOMERY CTY SHERIFF DEPT,Accepted,MONTGOMERY,,,CAMARGO LEVEE,RD,,,,,,,,37.9600203,-83.89191794,2.211,2/11/2024,2052,2,2,0,0,CLEAR,DRY,FALSE,SIDESWIPE COLLISION - OPPOSITE DIRECTION,SIDESWIPE-OPPOSITE DIRECTION,STRAIGHT & HILLCREST,DARK-HWY NOT LIGHTED,,,45342.56361,FALSE,238,Accepted,5,5,O,,FAILED TO YIELD RIGHT OF WAY,
32884429,0870000,MONTGOMERY CTY SHERIFF DEPT,Accepted,MONTGOMERY,US0060,,OWINGSVILLE,RD,,,,,,,,38.06286443,-83.9308328,5.941,2/13/2024,1420,2,2,0,0,CLEAR,DRY,FALSE,SIDESWIPE COLLISION - SAME DIRECTION,SIDESWIPE-SAME DIRECTION,STRAIGHT & LEVEL,DAYLIGHT,,,45343.58174,FALSE,228,Accepted,5,5,O,,,
32887452,0870100,MT. STERLING POLICE DEPARTMENT,Accepted,MONTGOMERY,KY0686,,INDIAN MOUND,DR,,,,,,,,38.06741496,-83.95509886,0.714,2/20/2024,1143,2,2,0,0,CLEAR,DRY,FALSE,1 VEHICLE ENTERING/LEAVING ENTRANCE,ANGLE,STRAIGHT & LEVEL,DAYLIGHT,,,45344.19835,FALSE,160,Accepted,5,5,O,,"FAILED TO YIELD RIGHT OF WAY, INATTENTION",
32887454,0870100,MT. STERLING POLICE DEPARTMENT,Accepted,MONTGOMERY,KY0686,,INDIAN MOUND,DR,,,,,,,,38.06504826,-83.95526462,0.88,1/27/2024,1554,2,2,0,0,CLEAR,DRY,FALSE,SIDESWIPE COLLISION - SAME DIRECTION,SIDESWIPE-SAME DIRECTION,STRAIGHT & LEVEL,DAYLIGHT,,,45344.19862,FALSE,155,Accepted,5,5,O,,MISJUDGE CLEARANCE,
32889497,0870100,MT. STERLING POLICE DEPARTMENT,Accepted,MONTGOMERY,,,FLOYD,DR,,,,,,,,38.03290845,-83.94772535,0.104,2/21/2024,1330,2,2,0,0,CLEAR,DRY,TRUE,1 VEHICLE PARKED POSITION (NOT PARKING LOT/DRIVEWAY),BACKING,STRAIGHT & GRADE,DAYLIGHT,,,45344.57842,FALSE,157,Accepted,5,5,O,,,
32895260,0870100,MT. STERLING POLICE DEPARTMENT,Accepted,MONTGOMERY,US0460,637,MAYSVILLE,ST,N,,,,,,,38.06815248,-83.94571654,8.71,2/22/2024,2012,1,1,0,0,RAINING,WET,FALSE,OTHER ROADWAY OR MID-BLOCK COLLISION,SINGLE VEHICLE,STRAIGHT & LEVEL,DARK-HWY LIGHTED/ON,,,45345.82315,FALSE,162,Accepted,5,5,O,,INATTENTION,
32904632,0870000,MONTGOMERY CTY SHERIFF DEPT,Accepted,MONTGOMERY,US0060,,OWINGSVILLE,RD,,,,,,,,38.08631824,-83.89959208,8.502,2/21/2024,1441,2,2,0,0,CLEAR,DRY,FALSE,REAR END IN TRAFFIC LANES BOTH VEHICLES MOVING,REAR END,STRAIGHT & GRADE,DAYLIGHT,,,45348.49558,FALSE,226,Accepted,5,5,O,,FAILED TO YIELD RIGHT OF WAY,
32904635,0870000,MONTGOMERY CTY SHERIFF DEPT,Accepted,MONTGOMERY,KY0686,,INDIAN MOUND,DR,,,,,,,,38.04460393,-83.95488776,2.314,2/22/2024,1422,1,1,0,0,RAINING,WET,FALSE,OTHER COLLISIONS ON SHOULDER,SINGLE VEHICLE,CURVE & HILLCREST,DAYLIGHT,,,45348.49566,FALSE,255,Accepted,5,5,O,SLIPPERY SURFACE,,
32904638,0870000,MONTGOMERY CTY SHERIFF DEPT,Accepted,MONTGOMERY,KY0537,,BUNKER HILL,RD,,,,,,,,38.13230227,-83.97886074,3.017,2/24/2024,2001,1,1,0,0,CLEAR,DRY,FALSE,COLLISION WITH FIXED OBJECT NON - INTERSECTION - FIRST EVENT COLLISION 09 - 32 EXCLUDING 16,SINGLE VEHICLE,CURVE & LEVEL,DARK-HWY NOT LIGHTED,,,45348.4958,FALSE,249,Accepted,5,5,O,OTHER,,
32904639,0870000,MONTGOMERY CTY SHERIFF DEPT,Accepted,MONTGOMERY,US0460,,MAIN,ST,,KY0599,KY599,,,,,37.97230925,-83.83852213,18.124,2/23/2024,2007,2,2,0,1,CLEAR,DRY,FALSE,ANGLE COLLISION - OTHER,ANGLE,STRAIGHT & LEVEL,DARK-HWY LIGHTED/ON,,,45348.49587,FALSE,249,Accepted,5,3,B,,MISJUDGE CLEARANCE,
32904640,0870000,MONTGOMERY CTY SHERIFF DEPT,Accepted,MONTGOMERY,KY0011,,LEVEE,RD,,,,,,,,38.0022755,-83.94088722,6.368,2/21/2024,900,3,3,0,4,CLEAR,DRY,FALSE,HEAD-ON COLLISION,HEAD ON,STRAIGHT & LEVEL,DAYLIGHT,,,45348.49595,TRUE,284,Accepted,5,2,A,OTHER,INATTENTION,
32904641,0870000,MONTGOMERY CTY SHERIFF DEPT,Accepted,MONTGOMERY,US0460,,CAMARGO,RD,,,,,,,,38.04496534,-83.93519386,10.481,2/5/2024,725,2,2,0,1,CLEAR,DRY,FALSE,HEAD-ON COLLISION,HEAD ON,STRAIGHT & LEVEL,DUSK,,,45348.49604,FALSE,284,Accepted,5,3,B,,,
32907159,0870100,MT. STERLING POLICE DEPARTMENT,Accepted,MONTGOMERY,US0060,,MAIN,ST,W,US0460,MAYSVILLE,,,,,38.05640343,-83.94207232,5.128,2/19/2024,1513,2,2,0,0,CLEAR,DRY,FALSE,OTHER INTERSECTION COLLISIONS,REAR END,STRAIGHT & LEVEL,DAYLIGHT,,,45348.83084,FALSE,155,Accepted,5,5,O,,INATTENTION,
32909665,0870000,MONTGOMERY CTY SHERIFF DEPT,Accepted,MONTGOMERY,KY0686,,INDIAN MOUND,DR,,,,,,,,38.04084359,-83.93893428,3.245,2/27/2024,651,2,2,0,0,RAINING,WET,FALSE,1 VEHICLE ENTERING/LEAVING ENTRANCE,ANGLE,STRAIGHT & LEVEL,DAWN,,,45349.4433,FALSE,298,Accepted,5,5,O,,,
32909757,0870200,MONTGOMERY CO SCHOOL DIST PD,Accepted,MONTGOMERY,,,TECHNOLOGY CENTER,DR,,KY0686,INDIAN MOUND,,,,,38.0409623,-83.94115487,0.014,2/14/2024,751,2,2,0,1,CLEAR,DRY,FALSE,OPPOSING LEFT TURN,OPPOSING LEFT TURN,STRAIGHT & LEVEL,DAYLIGHT,,,45349.45755,FALSE,730,Accepted,5,3,B,,"FAILED TO YIELD RIGHT OF WAY, MISJUDGE CLEARANCE",
32914095,0870000,MONTGOMERY CTY SHERIFF DEPT,Accepted,MONTGOMERY,KY0686,,INDIAN MOUND,DR,,KY0713,SPENCER,,,,,38.05453987,-83.91680707,4.85,2/23/2024,421,1,1,0,0,CLOUDY,WET,FALSE,COLLISION WITH FIXED OBJECT IN INTERSECTION - FIRST EVENT COLLISION 09 - 32,SINGLE VEHICLE,STRAIGHT & LEVEL,DARK-HWY LIGHTED/ON,,,45350.45644,FALSE,253,Accepted,5,5,O,,INATTENTION,
32915827,0870100,MT. STERLING POLICE DEPARTMENT,Accepted,MONTGOMERY,KY0686,,INDIAN MOUND,DR,,,,,,,,38.06722633,-83.95523467,0.709,1/6/2024,1645,2,2,0,0,RAINING,WET,FALSE,REAR END IN TRAFFIC LANES BOTH VEHICLES MOVING,REAR END,STRAIGHT & LEVEL,DAYLIGHT,,,45350.7144,FALSE,149,Accepted,5,5,O,,INATTENTION,
32915831,0870100,MT. STERLING POLICE DEPARTMENT,Accepted,MONTGOMERY,,,STONE TRACE,DR,,,,,,,,38.08005324,-83.95078251,0.047,2/8/2024,149,2,2,0,0,CLEAR,DRY,FALSE,VEHICLE BACKING NON INTERSECTION,BACKING,STRAIGHT & LEVEL,DAYLIGHT,,,45350.71447,FALSE,149,Accepted,5,5,O,,INATTENTION,
32915832,0870100,MT. STERLING POLICE DEPARTMENT,Accepted,MONTGOMERY,KY0686,,INDIAN MOUND,DR,,,,,,,,38.04089005,-83.93897208,3.254,2/28/2024,752,2,2,0,1,RAINING,WET,FALSE,1 VEHICLE ENTERING/LEAVING ENTRANCE,ANGLE,STRAIGHT & LEVEL,DAWN,,,45350.71452,FALSE,149,Accepted,5,3,B,,INATTENTION,
32919579,0870000,MONTGOMERY CTY SHERIFF DEPT,Accepted,MONTGOMERY,KY1991,,HINKSTON,PIKE,,,,,,,,38.06891405,-83.93808229,0.469,2/27/2024,1203,1,1,0,3,CLOUDY,WET,FALSE,COLLISION WITH FIXED OBJECT NON - INTERSECTION - FIRST EVENT COLLISION 09 - 32 EXCLUDING 16,SINGLE VEHICLE,STRAIGHT & LEVEL,DAYLIGHT,,,45351.58375,FALSE,228,Accepted,5,2,A,,,
32919580,0870000,MONTGOMERY CTY SHERIFF DEPT,Accepted,MONTGOMERY,KY0646,,KIDDVILLE,RD,,,,,,,,38.00270349,-83.96251868,10.791,2/28/2024,1109,2,2,0,0,CLOUDY,WET,FALSE,SIDESWIPE COLLISION - SAME DIRECTION,SIDESWIPE-SAME DIRECTION,STRAIGHT & LEVEL,DAYLIGHT,,,45351.58387,FALSE,228,Accepted,5,5,O,OTHER,,
32919581,0870000,MONTGOMERY CTY SHERIFF DEPT,Accepted,MONTGOMERY,US0060,,OWINGSVILLE,RD,,,,,,,,38.08592976,-83.89989735,8.47,2/27/2024,1044,2,2,0,0,CLOUDY,DRY,TRUE,COLLISION WITH NON-FIXED OBJECT ,ANGLE,STRAIGHT & LEVEL,DAYLIGHT,,,45351.58394,FALSE,226,Accepted,5,5,O,,,TIRE FAILURE
32919583,0870000,MONTGOMERY CTY SHERIFF DEPT,Accepted,MONTGOMERY,,,SALTWELL,RD,,,,,,,,38.12760293,-83.87330812,0.166,1/17/2024,1535,1,1,0,0,CLOUDY,SNOW/SLUSH,FALSE,COLLISION WITH FIXED OBJECT NON - INTERSECTION - FIRST EVENT COLLISION 09 - 32 EXCLUDING 16,SINGLE VEHICLE,STRAIGHT & LEVEL,DAYLIGHT,,,45351.58411,FALSE,248,Accepted,5,5,O,SLIPPERY SURFACE,"INATTENTION, NOT UNDER PROPER CONTROL",
32920659,0870100,MT. STERLING POLICE DEPARTMENT,Accepted,MONTGOMERY,KY0686,805,INDIAN MOUND,DR,,,,,,,,38.0602416,-83.95561634,1.256,2/16/2024,1630,2,2,0,0,"SLEET, HAIL, FREEZING RAIN",WET,FALSE,REAR END IN TRAFFIC LANES BOTH VEHICLES MOVING,REAR END,STRAIGHT & LEVEL,DAYLIGHT,,,45351.71874,FALSE,162,Accepted,5,5,O,,"FOLLOWING TOO CLOSE, INATTENTION",
32920661,0870100,MT. STERLING POLICE DEPARTMENT,Accepted,MONTGOMERY,KY0686,,INDIAN MOUND,DR,,,,,,,,38.06181809,-83.95549057,1.103,2/28/2024,531,2,2,0,0,RAINING,WET,FALSE,1 VEHICLE ENTERING/LEAVING ENTRANCE,ANGLE,STRAIGHT & LEVEL,DARK-HWY LIGHTED/ON,,,45351.71882,FALSE,159,Accepted,5,5,O,SLIPPERY SURFACE,INATTENTION,
32926273,0870100,MT. STERLING POLICE DEPARTMENT,Accepted,MONTGOMERY,,,HIGH,ST,E,US0060,MAIN,,,,,38.05959689,-83.93356168,0.505,3/1/2024,1538,2,2,0,0,RAINING,WET,FALSE,VEHICLE BACKING IN INTERSECTION,BACKING,STRAIGHT & LEVEL,DAYLIGHT,,,45352.97609,FALSE,108,Accepted,5,5,O,,ALCOHOL INVOLVEMENT,
32928730,0870100,MT. STERLING POLICE DEPARTMENT,Accepted,MONTGOMERY,KY0686,,INDIAN MOUND,DR,,,,,,,,38.05148499,-83.95653232,1.813,3/2/2024,1006,2,2,0,0,RAINING,WET,FALSE,1 VEHICLE ENTERING/LEAVING ENTRANCE,ANGLE,STRAIGHT & LEVEL,DAYLIGHT,,,45353.9231,FALSE,139,Accepted,5,5,O,,INATTENTION,
32931444,0870100,MT. STERLING POLICE DEPARTMENT,Accepted,MONTGOMERY,KY0686,499,INDIAN MOUND,DR,,,,,,,,38.07026515,-83.95534281,0.519,3/2/2024,1448,2,2,0,0,RAINING,WET,FALSE,1 VEHICLE ENTERING/LEAVING ENTRANCE,ANGLE,STRAIGHT & LEVEL,DAYLIGHT,,,45354.80221,FALSE,160,Accepted,5,5,O,,INATTENTION,
32935841,0870100,MT. STERLING POLICE DEPARTMENT,Accepted,MONTGOMERY,,,CHENAULT,LN,,,,,,,,38.04763873,-83.95548994,0.373,2/29/2024,1019,2,2,0,0,CLEAR,DRY,FALSE,1 VEHICLE ENTERING/LEAVING ENTRANCE,ANGLE,STRAIGHT & LEVEL,DAYLIGHT,,,45355.64576,FALSE,149,Accepted,5,5,O,,INATTENTION,