IncidentID,AgencyORI,AgencyName,IncidentStatusDesc,County,RdwyNumber,Street,RoadwayName,StreetSfx,StreetDir,IntersectionRdwy,IntersectionRdwyName,BetweenStRdwy1,BetweenStRdwyName1,BetweenStRdwy2,BetweenStRdwyName2,Latitude,Longitude,Milepoint,CollisionDate,CollisionTime,UnitsInvolved,MotorVehiclesInvolved,NumberKilled,NumberInjured,Weather,RdwyConditionCode,HitandRun,DirAnalysisCode,MannerofCollision,RdwyCharacter,LightCondition,RampFromRdwyId,RampToRdwyId,AcceptedDate,IsSecondaryCollision,OwnerBadge,IncidentStatus,InjurySeverityCde,KABCO Code,KABCO,Environmental_Factors,Human_Factors,Vehicular_Factors
32939959,0870000,MONTGOMERY CTY SHERIFF DEPT,Accepted,MONTGOMERY,,,CLARENCE,DR,,,,,,,,38.09253656,-83.89831847,0.036,2/28/2024,1720,2,2,0,0,CLEAR,DRY,FALSE,REAR END IN TRAFFIC LANES BOTH VEHICLES MOVING,REAR END,STRAIGHT & LEVEL,DAYLIGHT,,,45356.48831,FALSE,248,Accepted,5,5,O,,INATTENTION,
32939960,0870000,MONTGOMERY CTY SHERIFF DEPT,Accepted,MONTGOMERY,,1821,CECIL,RD,,,,,,,,38.15455445,-83.96661211,3.048,2/29/2024,1622,2,2,0,0,CLEAR,DRY,FALSE,SIDESWIPE COLLISION - OPPOSITE DIRECTION,SIDESWIPE-OPPOSITE DIRECTION,CURVE & LEVEL,DAYLIGHT,,,45356.48836,FALSE,249,Accepted,5,5,O,,,
32939962,0870000,MONTGOMERY CTY SHERIFF DEPT,Accepted,MONTGOMERY,US0060,,WINCHESTER,RD,,,,,,,,38.04440604,-83.99009076,2.3,3/2/2024,1745,1,1,0,0,CLOUDY,WET,FALSE,OTHER COLLISIONS ON SHOULDER,SINGLE VEHICLE,CURVE & GRADE,DAYLIGHT,,,45356.48845,FALSE,248,Accepted,5,5,O,SLIPPERY SURFACE,"ALCOHOL INVOLVEMENT, NOT UNDER PROPER CONTROL",
32942656,0870100,MT. STERLING POLICE DEPARTMENT,Accepted,MONTGOMERY,US0460,,MAYSVILLE,ST,N,,HIGH,,,,,38.05756776,-83.94247437,9.479,2/22/2024,1856,2,2,0,1,RAINING,WET,FALSE,ANGLE COLLISION - OTHER,ANGLE,STRAIGHT & HILLCREST,DARK-HWY LIGHTED/ON,,,45357.02345,FALSE,163,Accepted,5,3,B,"VIEW OBSTRUCTED, LIMITED DUE TO WEATHER CONDITIONS","DISREGARD TRAFFIC CONTROL, INATTENTION",
32944657,0870000,MONTGOMERY CTY SHERIFF DEPT,Accepted,MONTGOMERY,US0460,,CAMARGO,RD,,,,,,,,38.01315746,-83.90810479,13.219,3/4/2024,1615,1,1,0,0,CLEAR,DRY,TRUE,OTHER COLLISIONS ON SHOULDER,SINGLE VEHICLE,CURVE & GRADE,DAYLIGHT,,,45357.50435,FALSE,255,Accepted,5,5,O,,,BRAKES DEFECTIVE
32944658,0870000,MONTGOMERY CTY SHERIFF DEPT,Accepted,MONTGOMERY,,,MIDLAND,TRL,,,ADENA,,,,,38.07641072,-83.91940692,0.12,3/5/2024,1310,3,3,0,0,CLOUDY,WET,FALSE,OTHER INTERSECTION COLLISIONS,REAR END,CURVE & LEVEL,DAYLIGHT,,,45357.50442,FALSE,228,Accepted,5,5,O,SLIPPERY SURFACE,,
32949518,0870000,MONTGOMERY CTY SHERIFF DEPT,Accepted,MONTGOMERY,,,TURLEY,RD,,,,,,,,38.08737328,-83.87178264,0.196,3/6/2024,1545,2,2,0,0,RAINING,WET,FALSE,SIDESWIPE COLLISION - OPPOSITE DIRECTION,SIDESWIPE-OPPOSITE DIRECTION,CURVE & GRADE,DAYLIGHT,,,45358.52691,FALSE,255,Accepted,5,5,O,,,
32949519,0870000,MONTGOMERY CTY SHERIFF DEPT,Accepted,MONTGOMERY,US0460,,CAMARGO,RD,,,,,,,,38.00978549,-83.90580258,13.49,3/6/2024,1705,2,2,0,0,CLEAR,WET,FALSE,1 VEHICLE ENTERING/LEAVING ENTRANCE,ANGLE,STRAIGHT & HILLCREST,DAYLIGHT,,,45358.52697,FALSE,255,Accepted,5,5,O,,INATTENTION,OTHER
32956698,0870100,MT. STERLING POLICE DEPARTMENT,Accepted,MONTGOMERY,KY0686,,INDIAN MOUND,DR,,,,,,,,38.05942224,-83.95599478,1.269,2/20/2024,1956,1,1,0,0,CLEAR,DRY,FALSE,OTHER COLLISIONS ON SHOULDER,SINGLE VEHICLE,STRAIGHT & LEVEL,DARK-HWY LIGHTED/ON,,,45359.97879,FALSE,156,Accepted,5,5,O,,OTHER,OTHER
32956700,0870100,MT. STERLING POLICE DEPARTMENT,Accepted,MONTGOMERY,KY0686,499,INDIAN MOUND,DR,,,,,,,,38.06794823,-83.95545384,0.679,3/1/2024,1511,2,2,0,0,RAINING,WET,FALSE,OTHER ROADWAY OR MID-BLOCK COLLISION,REAR TO REAR,STRAIGHT & LEVEL,DAYLIGHT,,,45359.97885,FALSE,160,Accepted,5,5,O,,INATTENTION,
32973618,0870100,MT. STERLING POLICE DEPARTMENT,Accepted,MONTGOMERY,US0460,,CAMARGO,RD,,,,,,,,38.04233381,-83.93450336,10.671,3/11/2024,1814,2,2,0,0,CLEAR,DRY,FALSE,OTHER ROADWAY OR MID-BLOCK COLLISION,REAR END,STRAIGHT & LEVEL,DAYLIGHT,,,45364.03928,FALSE,160,Accepted,5,5,O,,INATTENTION,
32976154,0870000,MONTGOMERY CTY SHERIFF DEPT,Accepted,MONTGOMERY,,1379,FOGG,PIKE,,,,,,,,38.03711651,-83.96972043,1.306,3/7/2024,1529,2,2,0,0,CLOUDY,DRY,FALSE,1 VEHICLE ENTERING/LEAVING ENTRANCE,ANGLE,STRAIGHT & LEVEL,DAYLIGHT,,,45364.59527,FALSE,231,Accepted,5,5,O,,"FAILED TO YIELD RIGHT OF WAY, INATTENTION",
32976156,0870000,MONTGOMERY CTY SHERIFF DEPT,Accepted,MONTGOMERY,KY0011,,LEVEE,RD,,,,,,,,37.98906171,-83.9406515,5.437,3/7/2024,1014,1,1,0,0,CLOUDY,DRY,FALSE,COLLISION WITH FIXED OBJECT NON - INTERSECTION - FIRST EVENT COLLISION 09 - 32 EXCLUDING 16,SINGLE VEHICLE,CURVE & LEVEL,DAYLIGHT,,,45364.59535,FALSE,226,Accepted,5,5,O,,NOT UNDER PROPER CONTROL,TIRE FAILURE
32976158,0870000,MONTGOMERY CTY SHERIFF DEPT,Accepted,MONTGOMERY,US0060,,OWINGSVILLE,RD,,,,,,,,38.06988822,-83.92932472,6.487,3/7/2024,1852,1,1,0,0,CLEAR,DRY,FALSE,COLLISION WITH ANIMAL NON INTERSECTION,SINGLE VEHICLE,CURVE & LEVEL,DARK-HWY NOT LIGHTED,,,45364.59551,FALSE,248,Accepted,5,5,O,ANIMALS ACTION,,
32980197,0870000,MONTGOMERY CTY SHERIFF DEPT,Accepted,MONTGOMERY,US0060,,OWINGSVILLE,RD,,,,,,,,38.07020888,-83.92877872,6.525,3/11/2024,2004,1,1,0,0,CLEAR,DRY,FALSE,COLLISION WITH ANIMAL NON INTERSECTION,SINGLE VEHICLE,CURVE & LEVEL,DARK-HWY NOT LIGHTED,,,45365.45648,FALSE,249,Accepted,5,5,O,,,
32980200,0870000,MONTGOMERY CTY SHERIFF DEPT,Accepted,MONTGOMERY,US0060,,OWINGSVILLE,RD,,,,,,,,38.086112,-83.89965899,8.487,3/13/2024,658,2,2,0,0,CLEAR,DRY,FALSE,1 VEHICLE ENTERING/LEAVING ENTRANCE,ANGLE,STRAIGHT & LEVEL,DARK-HWY NOT LIGHTED,,,45365.45655,FALSE,255,Accepted,5,5,O,,FAILED TO YIELD RIGHT OF WAY,
32996349,0870000,MONTGOMERY CTY SHERIFF DEPT,Accepted,MONTGOMERY,KY1331,4851,HOWARDS MILL,RD,,,,,,,,38.06319044,-83.82788281,4.593,3/16/2024,826,1,1,0,0,FOG,DRY,FALSE,COLLISION WITH ANIMAL NON INTERSECTION,SINGLE VEHICLE,STRAIGHT & LEVEL,DAYLIGHT,,,45369.53297,FALSE,275,Accepted,5,5,O,ANIMALS ACTION,,
32996354,0870000,MONTGOMERY CTY SHERIFF DEPT,Accepted,MONTGOMERY,,,TOWN BRANCH,RD,,,,,,,,38.00861135,-83.81611671,0.738,3/16/2024,2250,1,1,0,1,CLEAR,DRY,FALSE,RAN OFF ROADWAY (1 VEHICLE WITH/EARTH EMBANKMENT/DITCH),SINGLE VEHICLE,CURVE & LEVEL,DARK-HWY NOT LIGHTED,,,45369.53317,FALSE,249,Accepted,5,3,B,,NOT UNDER PROPER CONTROL,
33003995,0870000,MONTGOMERY CTY SHERIFF DEPT,Accepted,MONTGOMERY,KY0646,,NEST EGG,RD,,,,,,,,37.96948946,-83.93923484,4.721,3/16/2024,1429,2,2,0,0,CLEAR,DRY,FALSE,HEAD-ON COLLISION,HEAD ON,CURVE & LEVEL,DAYLIGHT,,,45371.02873,FALSE,226,Accepted,5,5,O,,FAILED TO KEEP PROPER LANE,
33007451,0870100,MT. STERLING POLICE DEPARTMENT,Accepted,MONTGOMERY,,,GARDEN SPRINGS,DR,,,LARKSPUR,,,,,38.07080503,-83.94360987,0.287,3/15/2024,1853,2,2,0,0,RAINING,WATER (STANDING OR MOVING),FALSE,OPPOSITE DIRECTION - BOTH VEHICLES GOING STRAIGHT AHEAD,SIDESWIPE-OPPOSITE DIRECTION,STRAIGHT & LEVEL,DAYLIGHT,,,45371.73242,FALSE,162,Accepted,5,5,O,,INATTENTION,
33007472,0870100,MT. STERLING POLICE DEPARTMENT,Accepted,MONTGOMERY,,,GARDEN SPRINGS,DR,,,,,,,,38.06832037,-83.94285691,0.118,3/18/2024,2010,2,2,0,0,CLEAR,DRY,FALSE,1 VEHICLE PARKED POSITION (NOT PARKING LOT/DRIVEWAY),HEAD ON,STRAIGHT & LEVEL,DARK-HWY NOT LIGHTED,,,45371.73296,FALSE,156,Accepted,5,5,O,,INATTENTION,
33007477,0870100,MT. STERLING POLICE DEPARTMENT,Accepted,MONTGOMERY,KY0713,,HIGH,ST,W,,WHITE,,,,,38.05762599,-83.95266882,5.976,3/19/2024,1629,2,2,0,0,CLEAR,DRY,FALSE,ANGLE COLLISION - OTHER,ANGLE,STRAIGHT & LEVEL,DAYLIGHT,,,45371.73304,FALSE,160,Accepted,5,5,O,,MISJUDGE CLEARANCE,
33008845,0870000,MONTGOMERY CTY SHERIFF DEPT,Accepted,MONTGOMERY,US0060,,OWINGSVILLE,RD,,,,,,,,38.07488783,-83.9186173,7.178,3/19/2024,1531,2,2,0,1,CLEAR,DRY,FALSE,1 VEHICLE ENTERING/LEAVING ENTRANCE,ANGLE,STRAIGHT & LEVEL,DAYLIGHT,,,45372.07561,FALSE,226,Accepted,5,4,C,,FAILED TO YIELD RIGHT OF WAY,
33008847,0870000,MONTGOMERY CTY SHERIFF DEPT,Accepted,MONTGOMERY,KY0213,,BEDFORD,RD,,,TOWN BRANCH,,,,,38.01573377,-83.82503026,8.609,3/20/2024,1618,2,2,0,0,CLEAR,DRY,FALSE,ANGLE COLLISION - OTHER,ANGLE,CURVE & LEVEL,DAYLIGHT,,,45372.07574,FALSE,238,Accepted,5,5,O,,MISJUDGE CLEARANCE,
33022225,0870100,MT. STERLING POLICE DEPARTMENT,Accepted,MONTGOMERY,US0460,,APPERSON,HTS,,,,,APPERSON,,LOCUST,38.05434679,-83.94274082,9.665,3/15/2024,1552,2,2,0,0,RAINING,WET,FALSE,REAR END IN TRAFFIC LANES BOTH VEHICLES MOVING,REAR END,STRAIGHT & GRADE,DAYLIGHT,,,45375.86826,FALSE,121,Accepted,5,5,O,SLIPPERY SURFACE,INATTENTION,
33030792,0870100,MT. STERLING POLICE DEPARTMENT,Accepted,MONTGOMERY,,,COMO,ST,,,,,,,,38.05956891,-83.93663989,0.052,3/25/2024,1753,1,1,0,0,CLEAR,DRY,TRUE,OTHER ROADWAY OR MID-BLOCK COLLISION,SINGLE VEHICLE,STRAIGHT & LEVEL,DAYLIGHT,,,45377.63464,FALSE,154,Accepted,5,5,O,,,
33040221,0870100,MT. STERLING POLICE DEPARTMENT,Accepted,MONTGOMERY,,207,LARKIN BAY,,,,,,,,,38.04957426,-83.95299168,0.036,3/26/2024,1540,2,2,0,0,RAINING,WET,FALSE,1 VEHICLE PARKED POSITION (NOT PARKING LOT/DRIVEWAY),BACKING,STRAIGHT & LEVEL,DAYLIGHT,,,45379.5793,FALSE,163,Accepted,5,5,O,OTHER,MISJUDGE CLEARANCE,
33044276,0870000,MONTGOMERY CTY SHERIFF DEPT,Accepted,MONTGOMERY,US0460,,MAIN,ST,,,ROCKY BRANCH,,,,,37.9632472,-83.80127585,20.293,3/20/2024,631,2,2,0,0,CLEAR,DRY,FALSE,OPPOSITE DIRECTION - BOTH VEHICLES GOING STRAIGHT AHEAD,SIDESWIPE-OPPOSITE DIRECTION,CURVE & GRADE,DARK-HWY NOT LIGHTED,,,45380.45931,FALSE,253,Accepted,5,5,O,,,
33044277,0870000,MONTGOMERY CTY SHERIFF DEPT,Accepted,MONTGOMERY,,,DONALDSON,RD,,,,,,,,38.08865495,-84.04552258,1.571,3/20/2024,1356,2,2,0,0,CLEAR,DRY,FALSE,SIDESWIPE COLLISION - OPPOSITE DIRECTION,SIDESWIPE-OPPOSITE DIRECTION,STRAIGHT & HILLCREST,DAYLIGHT,,,45380.45954,FALSE,226,Accepted,5,5,O,,,
33044294,0870000,MONTGOMERY CTY SHERIFF DEPT,Accepted,MONTGOMERY,KY0011,3758,LEVEE,RD,,,,,,,,38.006127,-83.94477018,6.697,3/24/2024,1538,2,2,0,1,CLEAR,DRY,FALSE,1 VEHICLE ENTERING/LEAVING ENTRANCE,ANGLE,STRAIGHT & LEVEL,DAYLIGHT,,,45380.46012,FALSE,249,Accepted,5,3,B,,NOT UNDER PROPER CONTROL,
33044299,0870000,MONTGOMERY CTY SHERIFF DEPT,Accepted,MONTGOMERY,,,FOGG,PIKE,,,FOGG PIKE CONN,,,,,38.04135495,-83.95114436,0.176,3/26/2024,708,2,2,0,0,RAINING,WET,FALSE,ANGLE COLLISION - ONE VEHICLE TURNING RIGHT,ANGLE,STRAIGHT & HILLCREST,DAWN,,,45380.4604,FALSE,298,Accepted,5,5,O,,"FAILED TO KEEP PROPER LANE, INATTENTION, MISJUDGE CLEARANCE",
33044310,0870000,MONTGOMERY CTY SHERIFF DEPT,Accepted,MONTGOMERY,,,SHADELAWN,DR,,,,,,,,38.04078445,-83.96061094,0.058,3/27/2024,521,2,2,0,1,CLEAR,DRY,FALSE,1 VEHICLE PARKED POSITION (NOT PARKING LOT/DRIVEWAY),HEAD ON,STRAIGHT & LEVEL,DARK (UNKNOWN ROADWAY LIGHTING),,,45380.46075,FALSE,253,Accepted,5,4,C,,INATTENTION,
33044459,0870000,MONTGOMERY CTY SHERIFF DEPT,Accepted,MONTGOMERY,US0060,,OWINGSVILLE,RD,,,MIDLAND,,,,,38.0747828,-83.91877486,7.181,3/25/2024,1443,2,2,0,0,CLEAR,DRY,FALSE,ANGLE COLLISION - OTHER,ANGLE,STRAIGHT & LEVEL,DAYLIGHT,,,45380.48603,FALSE,275,Accepted,5,5,O,IMPROPER/NON-WORKING TRAFFIC CONTROLS,"FAILED TO YIELD RIGHT OF WAY, INATTENTION",
33044460,0870000,MONTGOMERY CTY SHERIFF DEPT,Accepted,MONTGOMERY,KY0686,,INDIAN MOUND,DR,,KY0713,GRASSY LICK,,,,,38.05815729,-83.95607381,1.357,3/28/2024,750,2,2,0,0,CLEAR,DRY,FALSE,OTHER INTERSECTION COLLISIONS,REAR END,STRAIGHT & LEVEL,DAYLIGHT,,,45380.48612,FALSE,275,Accepted,5,5,O,,"FOLLOWING TOO CLOSE, INATTENTION, NOT UNDER PROPER CONTROL",
33044462,0870000,MONTGOMERY CTY SHERIFF DEPT,Accepted,MONTGOMERY,KY0686,,INDIAN MOUND,DR,,,,,,,,38.07352995,-83.91796041,6.217,3/28/2024,1148,2,2,0,0,CLEAR,DRY,FALSE,1 VEHICLE ENTERING/LEAVING ENTRANCE,ANGLE,STRAIGHT & GRADE,DAYLIGHT,,,45380.48623,FALSE,226,Accepted,5,5,O,,FAILED TO YIELD RIGHT OF WAY,
33044463,0870000,MONTGOMERY CTY SHERIFF DEPT,Accepted,MONTGOMERY,KY0646,,NEST EGG,RD,,,,,,,,37.96417986,-83.95099636,5.521,3/28/2024,1032,2,2,0,0,CLEAR,DRY,TRUE,SIDESWIPE COLLISION - OPPOSITE DIRECTION,SIDESWIPE-OPPOSITE DIRECTION,STRAIGHT & LEVEL,DAYLIGHT,,,45380.48631,FALSE,231,Accepted,5,5,O,,"INATTENTION, MISJUDGE CLEARANCE, NOT UNDER PROPER CONTROL",
33046251,0870100,MT. STERLING POLICE DEPARTMENT,Accepted,MONTGOMERY,KY0686,,INDIAN MOUND,DR,,,COMMONWEALTH,,,,,38.06737741,-83.95542462,0.718,3/27/2024,1553,2,2,0,0,CLEAR,DRY,FALSE,OTHER INTERSECTION COLLISIONS,REAR END,STRAIGHT & LEVEL,DAYLIGHT,,,45380.96417,FALSE,121,Accepted,5,5,O,,INATTENTION,
33049159,0870100,MT. STERLING POLICE DEPARTMENT,Accepted,MONTGOMERY,,510,SPRING,ST,,,,,,,,38.05143296,-83.95439857,0.122,3/29/2024,2114,2,2,0,0,CLEAR,DRY,FALSE,1 VEHICLE PARKED POSITION (NOT PARKING LOT/DRIVEWAY),REAR END,STRAIGHT & LEVEL,DARK-HWY LIGHTED/ON,,,45381.97499,FALSE,160,Accepted,5,5,O,,ALCOHOL INVOLVEMENT,
33052044,0870100,MT. STERLING POLICE DEPARTMENT,Accepted,MONTGOMERY,,,WHITLEDGE,HTS,,,,,,,,38.04631608,-83.95137579,0.111,3/29/2024,700,2,2,0,0,CLEAR,DRY,FALSE,1 VEHICLE PARKED POSITION (NOT PARKING LOT/DRIVEWAY),SIDESWIPE-SAME DIRECTION,STRAIGHT & LEVEL,DAWN,,,45383.02106,FALSE,128,Accepted,5,5,O,,MISJUDGE CLEARANCE,
33052479,0870100,MT. STERLING POLICE DEPARTMENT,Accepted,MONTGOMERY,US0060,,MAIN,ST,W,,,,,,,38.05447637,-83.9506824,4.623,3/31/2024,1537,1,1,0,0,CLEAR,DRY,FALSE,OTHER ROADWAY OR MID-BLOCK COLLISION,SINGLE VEHICLE,STRAIGHT & LEVEL,DAYLIGHT,,,45383.15812,FALSE,160,Accepted,5,5,O,,,TOW HITCH DEFECTIVE/UNIT SEPARATION
33052481,0870100,MT. STERLING POLICE DEPARTMENT,Accepted,MONTGOMERY,KY1991,,HINKSTON,PIKE,,,,,,,,38.08322625,-83.92594716,1.759,3/31/2024,2115,1,1,0,1,CLEAR,DRY,FALSE,RAN OFF ROADWAY (1 VEHICLE WITH/EARTH EMBANKMENT/DITCH),SINGLE VEHICLE,STRAIGHT & LEVEL,DARK-HWY NOT LIGHTED,,,45383.15818,FALSE,156,Accepted,5,4,C,,"DISREGARD TRAFFIC CONTROL, INATTENTION",
33055233,0870000,MONTGOMERY CTY SHERIFF DEPT,Accepted,MONTGOMERY,,,QUISENBERRY,RD,,,,,,,,38.10254012,-83.88634388,0.652,3/29/2024,834,2,2,0,0,CLEAR,DRY,TRUE,SIDESWIPE COLLISION - OPPOSITE DIRECTION,SIDESWIPE-OPPOSITE DIRECTION,STRAIGHT & LEVEL,DAYLIGHT,,,45383.65658,FALSE,275,Accepted,5,5,O,,,
33064395,0870100,MT. STERLING POLICE DEPARTMENT,Accepted,MONTGOMERY,,128,MADISON,SPGS,,,,,,,,38.04977412,-83.95383279,0.113,3/28/2024,1838,2,2,0,0,CLEAR,DRY,TRUE,1 VEHICLE PARKED POSITION (NOT PARKING LOT/DRIVEWAY),SIDESWIPE-SAME DIRECTION,STRAIGHT & GRADE,DAYLIGHT,,,45385.60625,FALSE,163,Accepted,5,5,O,,MISJUDGE CLEARANCE,
33064396,0870100,MT. STERLING POLICE DEPARTMENT,Accepted,MONTGOMERY,US0460,,MAYSVILLE,ST,N,,MT STERLING,,,,,38.07261974,-83.94776714,8.404,3/28/2024,1648,2,2,0,0,CLEAR,DRY,FALSE,OPPOSING LEFT TURN,OPPOSING LEFT TURN,STRAIGHT & LEVEL,DAYLIGHT,,,45385.60632,FALSE,163,Accepted,5,5,O,,MISJUDGE CLEARANCE,
33069512,0870000,MONTGOMERY CTY SHERIFF DEPT,Accepted,MONTGOMERY,US0460,2600,PARIS,RD,,,,,,,,38.09947382,-84.00334382,4.171,3/31/2024,2058,1,1,2,0,CLEAR,DRY,FALSE,RAN OFF ROADWAY (1 VEHICLE WITH/EARTH EMBANKMENT/DITCH),SINGLE VEHICLE,CURVE & LEVEL,DARK-HWY NOT LIGHTED,,,45386.72158,FALSE,238,Accepted,5,1,K,,"ALCOHOL INVOLVEMENT, NOT UNDER PROPER CONTROL",
33069514,0870000,MONTGOMERY CTY SHERIFF DEPT,Accepted,MONTGOMERY,KY0713,,SPENCER,PIKE,,,,,,,,38.03051379,-83.86707679,11.17,4/2/2024,638,1,1,0,0,CLEAR,DRY,FALSE,OTHER COLLISIONS ON SHOULDER,SINGLE VEHICLE,CURVE & LEVEL,DAWN,,,45386.72168,FALSE,255,Accepted,5,5,O,,INATTENTION,
33070020,0870100,MT. STERLING POLICE DEPARTMENT,Accepted,MONTGOMERY,,509,GARDEN SPRINGS,DR,,,,,,,,38.06761499,-83.9424526,0.064,4/2/2024,1300,1,1,0,0,RAINING,WET,TRUE,COLLISION WITH FIXED OBJECT NON - INTERSECTION - FIRST EVENT COLLISION 09 - 32 EXCLUDING 16,SINGLE VEHICLE,STRAIGHT & GRADE,DAYLIGHT,,,45386.8299,FALSE,128,Accepted,5,5,O,,OTHER,
33089232,0870000,MONTGOMERY CTY SHERIFF DEPT,Accepted,MONTGOMERY,KY0646,,NEST EGG,RD,,,,,,,,37.96033065,-83.97807814,7.171,3/31/2024,1631,2,2,0,0,CLEAR,DRY,FALSE,SIDESWIPE COLLISION - OPPOSITE DIRECTION,SIDESWIPE-OPPOSITE DIRECTION,CURVE & LEVEL,DAYLIGHT,,,45391.66772,FALSE,284,Accepted,5,5,O,,,
33089243,0870000,MONTGOMERY CTY SHERIFF DEPT,Accepted,MONTGOMERY,KY0011,,LEVEE,RD,,,,,,,,37.98704876,-83.94046805,5.292,4/6/2024,754,1,1,0,0,CLEAR,WET,FALSE,OTHER ROADWAY OR MID-BLOCK COLLISION,SINGLE VEHICLE,STRAIGHT & LEVEL,DAYLIGHT,,,45391.6681,FALSE,231,Accepted,5,5,O,DEBRIS IN ROADWAY,,
33089246,0870000,MONTGOMERY CTY SHERIFF DEPT,Accepted,MONTGOMERY,,,SCIENCE RIDGE,RD,,,,,,,,37.97614327,-83.81630399,0.65,4/7/2024,1651,2,2,0,0,CLEAR,DRY,FALSE,SIDESWIPE COLLISION - OPPOSITE DIRECTION,SIDESWIPE-OPPOSITE DIRECTION,CURVE & GRADE,DAYLIGHT,,,45391.66828,FALSE,238,Accepted,5,5,O,,OVERCORRECTING/OVERSTEERING,
33098014,0870000,MONTGOMERY CTY SHERIFF DEPT,Accepted,MONTGOMERY,US0060,,OWINGSVILLE,RD,,,,,,,,38.08523328,-83.89990344,8.426,3/20/2024,2117,2,2,0,0,CLEAR,DRY,FALSE,SIDESWIPE COLLISION - SAME DIRECTION,SIDESWIPE-SAME DIRECTION,STRAIGHT & GRADE,DARK-HWY NOT LIGHTED,,,45393.58371,FALSE,248,Accepted,5,5,O,,MISJUDGE CLEARANCE,
33099603,0870100,MT. STERLING POLICE DEPARTMENT,Accepted,MONTGOMERY,KY0686,,INDIAN MOUND,DR,,US0460,MAYSVILLE,,,,,38.07393427,-83.94842209,0.013,4/10/2024,1506,2,2,0,0,CLOUDY,DRY,FALSE,OTHER INTERSECTION COLLISIONS,REAR END,STRAIGHT & LEVEL,DAYLIGHT,,,45393.8955,FALSE,128,Accepted,5,5,O,,INATTENTION,
33099604,0870100,MT. STERLING POLICE DEPARTMENT,Accepted,MONTGOMERY,KY0686,,INDIAN MOUND,DR,,,,,,,,38.0616291,-83.95549092,1.115,4/11/2024,1604,2,2,0,0,RAINING,WET,FALSE,OTHER ROADWAY OR MID-BLOCK COLLISION,REAR END,STRAIGHT & LEVEL,DAYLIGHT,,,45393.89555,FALSE,160,Accepted,5,5,O,,DISTRACTION,
33103435,0870100,MT. STERLING POLICE DEPARTMENT,Accepted,MONTGOMERY,,,EVANS,AVE,,,,,,,,38.07546236,-83.94961213,0.065,4/11/2024,1625,2,2,0,0,CLOUDY,WET,FALSE,1 VEHICLE ENTERING/LEAVING ENTRANCE,ANGLE,STRAIGHT & LEVEL,DAYLIGHT,,,45394.79877,FALSE,156,Accepted,5,5,O,,FAILED TO YIELD RIGHT OF WAY,
33103437,0870100,MT. STERLING POLICE DEPARTMENT,Accepted,MONTGOMERY,KY0686,,INDIAN MOUND,DR,,,MOUNT STERLING,,,,,38.07359529,-83.95125204,0.169,4/8/2024,945,2,2,0,0,CLEAR,DRY,FALSE,SIDESWIPE-SAME DIRECTION,SIDESWIPE-SAME DIRECTION,STRAIGHT & LEVEL,DAYLIGHT,,,45394.79909,FALSE,157,Accepted,5,5,O,,FAILED TO YIELD RIGHT OF WAY,
33115040,0870100,MT. STERLING POLICE DEPARTMENT,Accepted,MONTGOMERY,US0460,,MAYSVILLE,ST,N,,JOHNSON,,,,,38.06268668,-83.94429894,9.107,3/19/2024,1514,2,2,0,0,CLEAR,DRY,FALSE,REAR END - ONE VEHICLE TURNING RIGHT,REAR END,STRAIGHT & LEVEL,DAYLIGHT,,,45397.95494,FALSE,152,Accepted,5,5,O,,MISJUDGE CLEARANCE,
33121370,0870100,MT. STERLING POLICE DEPARTMENT,Accepted,MONTGOMERY,,,CULPEPPER,DR,,US0460,MAYSVILLE,,,,,38.07067088,-83.94692639,0.002,4/16/2024,1606,2,2,0,0,CLEAR,DRY,FALSE,OTHER INTERSECTION COLLISIONS,REAR END,STRAIGHT & LEVEL,DAYLIGHT,,,45399.12202,FALSE,155,Accepted,5,5,O,,NOT UNDER PROPER CONTROL,
33128794,0870100,MT. STERLING POLICE DEPARTMENT,Accepted,MONTGOMERY,KY0686,,INDIAN MOUND,DR,,,TIGHLMAN,,,,,38.04082031,-83.93893229,3.24,4/15/2024,522,2,2,0,0,CLEAR,DRY,FALSE,ANGLE COLLISION - OTHER,ANGLE,STRAIGHT & HILLCREST,DARK-HWY LIGHTED/ON,,,45400.51271,FALSE,163,Accepted,5,5,O,,INATTENTION,
33133817,0870200,MONTGOMERY CO SCHOOL DIST PD,Accepted,MONTGOMERY,,,MONTGOMERY CO HIGH SCHOOL ARENA,DR,,,,,,,,38.04569032,-83.94137564,,4/17/2024,1550,2,2,0,0,CLEAR,DRY,FALSE,REAR END IN TRAFFIC LANES BOTH VEHICLES MOVING,REAR END,STRAIGHT & GRADE,DAYLIGHT,,,45401.53813,FALSE,730,Accepted,5,5,O,,INATTENTION,
33138004,0870100,MT. STERLING POLICE DEPARTMENT,Accepted,MONTGOMERY,,744,COBBLER,LN,W,,,,,,,38.03924037,-83.93946533,0.037,4/12/2024,830,2,2,0,0,CLEAR,DRY,FALSE,1 VEHICLE ENTERING OR LEAVING PARKED POSITION (NOT PARKING LOT),BACKING,STRAIGHT & GRADE,DAYLIGHT,,,45402.78476,FALSE,157,Accepted,5,5,O,,INATTENTION,