IncidentID,AgencyORI,AgencyName,IncidentStatusDesc,County,RdwyNumber,Street,RoadwayName,StreetSfx,StreetDir,IntersectionRdwy,IntersectionRdwyName,BetweenStRdwy1,BetweenStRdwyName1,BetweenStRdwy2,BetweenStRdwyName2,Latitude,Longitude,Milepoint,CollisionDate,CollisionTime,UnitsInvolved,MotorVehiclesInvolved,NumberKilled,NumberInjured,Weather,RdwyConditionCode,HitandRun,DirAnalysisCode,MannerofCollision,RdwyCharacter,LightCondition,RampFromRdwyId,RampToRdwyId,AcceptedDate,IsSecondaryCollision,OwnerBadge,IncidentStatus,InjurySeverityCde,KABCO Code,KABCO,Environmental_Factors,Human_Factors,Vehicular_Factors
33155325,0870100,MT. STERLING POLICE DEPARTMENT,Accepted,MONTGOMERY,KY0011,,MAYSVILLE,RD,,,AUGUSTA,,,,,38.0902326,-83.94992502,10.15,4/22/2024,1724,1,1,0,0,CLEAR,DRY,TRUE,OTHER INTERSECTION COLLISIONS,SINGLE VEHICLE,STRAIGHT & GRADE,DAYLIGHT,,,45406.8245,FALSE,163,Accepted,5,5,O,,"ALCOHOL INVOLVEMENT, NOT UNDER PROPER CONTROL, OVERCORRECTING/OVERSTEERING, WEAVING IN TRAFFIC",
33158645,KSP0800,"KY STATE POLICE, POST 08",Accepted,MONTGOMERY,KY0686,,INDIAN MOUND,DR,,,,,,,,38.05891194,-83.91441603,5.179,4/25/2024,810,2,2,0,0,CLEAR,DRY,FALSE,SIDESWIPE COLLISION - OPPOSITE DIRECTION,SIDESWIPE-OPPOSITE DIRECTION,CURVE & LEVEL,DAYLIGHT,,,45407.58526,FALSE,166,Accepted,5,5,O,,"FAILED TO KEEP PROPER LANE, FELL ASLEEP",
33163271,0870000,MONTGOMERY CTY SHERIFF DEPT,Accepted,MONTGOMERY,KY0011,3232,LEVEE,RD,,,,,,,,38.01154439,-83.95061766,7.207,4/11/2024,1212,2,2,0,0,RAINING,WET,FALSE,SIDESWIPE COLLISION - OPPOSITE DIRECTION,SIDESWIPE-OPPOSITE DIRECTION,CURVE & HILLCREST,DAYLIGHT,,,45408.57573,FALSE,231,Accepted,5,5,O,SLIPPERY SURFACE,"FAILED TO KEEP PROPER LANE, NOT UNDER PROPER CONTROL, TOO FAST FOR CONDITIONS",
33163277,0870000,MONTGOMERY CTY SHERIFF DEPT,Accepted,MONTGOMERY,,,HOLLOW CREEK,DR,,,,,,,,38.05309155,-83.96354157,0.009,4/10/2024,1558,2,2,0,0,RAINING,WET,FALSE,REAR END IN TRAFFIC LANES BOTH VEHICLES MOVING,REAR END,STRAIGHT & GRADE,DAYLIGHT,,,45408.57598,FALSE,248,Accepted,5,5,O,SLIPPERY SURFACE,NOT UNDER PROPER CONTROL,
33163279,0870000,MONTGOMERY CTY SHERIFF DEPT,Accepted,MONTGOMERY,KY0646,700,NEST EGG,RD,,,,,,,,37.96474817,-83.94891747,5.391,4/11/2024,810,1,1,0,1,RAINING,WET,FALSE,OTHER COLLISIONS ON SHOULDER,SINGLE VEHICLE,STRAIGHT & LEVEL,DAYLIGHT,,,45408.57615,FALSE,275,Accepted,4,4,C,SLIPPERY SURFACE,"INATTENTION, NOT UNDER PROPER CONTROL, OVERCORRECTING/OVERSTEERING",
33163283,0870000,MONTGOMERY CTY SHERIFF DEPT,Accepted,MONTGOMERY,,,MCCORMICK,RD,,,,,,,,37.9965776,-83.88709341,0.173,4/10/2024,645,2,2,0,0,RAINING,WET,FALSE,VEHICLE BACKING NON INTERSECTION,BACKING,STRAIGHT & LEVEL,DARK-HWY NOT LIGHTED,,,45408.57632,FALSE,255,Accepted,5,5,O,"VIEW OBSTRUCTED, LIMITED DUE TO WEATHER CONDITIONS",,"OTHER, STEERING FAILURE"
33163284,0870000,MONTGOMERY CTY SHERIFF DEPT,Accepted,MONTGOMERY,US0460,,CAMARGO,RD,,,,,,,,38.00066807,-83.89870541,14.249,4/12/2024,1238,2,2,0,0,RAINING,WET,FALSE,1 VEHICLE ENTERING/LEAVING ENTRANCE,ANGLE,STRAIGHT & LEVEL,DAYLIGHT,,,45408.57641,FALSE,226,Accepted,5,5,O,,FAILED TO YIELD RIGHT OF WAY,
33163286,0870000,MONTGOMERY CTY SHERIFF DEPT,Accepted,MONTGOMERY,KY0011,,LEVEE,RD,,,,,,,,37.97022359,-83.93618882,3.999,4/13/2024,45,1,1,0,1,FOG WITH RAIN,WET,FALSE,RAN OFF ROADWAY (1 VEHICLE WITH/EARTH EMBANKMENT/DITCH),SINGLE VEHICLE,STRAIGHT & LEVEL,DARK-HWY NOT LIGHTED,,,45408.57664,FALSE,253,Accepted,5,3,B,,,
33163290,0870000,MONTGOMERY CTY SHERIFF DEPT,Accepted,MONTGOMERY,,,CAMARGO LEVEE,RD,,,,,,,,37.98169876,-83.8818363,0.471,4/15/2024,39,1,1,0,0,CLEAR,DRY,FALSE,COLLISION WITH ANIMAL NON INTERSECTION,SINGLE VEHICLE,STRAIGHT & GRADE,DARK-HWY NOT LIGHTED,,,45408.57686,FALSE,238,Accepted,5,5,O,ANIMALS ACTION,,
33163294,0870000,MONTGOMERY CTY SHERIFF DEPT,Accepted,MONTGOMERY,KY0011,,LEVEE,RD,,,FULLER,,,,,38.03645201,-83.94998264,8.924,4/14/2024,1306,2,2,0,2,CLEAR,DRY,FALSE,REAR END - ONE VEHICLE TURNING LEFT,REAR END,STRAIGHT & LEVEL,DAYLIGHT,,,45408.57706,FALSE,228,Accepted,3,3,B,,DISTRACTION,
33163297,0870000,MONTGOMERY CTY SHERIFF DEPT,Accepted,MONTGOMERY,KY1991,,HINKSTON,PIKE,,,,,,,,38.0936399,-83.92504002,2.511,4/17/2024,814,1,1,0,1,CLOUDY,WET,FALSE,OTHER COLLISIONS ON SHOULDER,SINGLE VEHICLE,CURVE & LEVEL,DAYLIGHT,,,45408.57721,FALSE,275,Accepted,5,4,C,SLIPPERY SURFACE,"INATTENTION, NOT UNDER PROPER CONTROL, TOO FAST FOR CONDITIONS",
33163298,0870000,MONTGOMERY CTY SHERIFF DEPT,Accepted,MONTGOMERY,KY0713,,HIGH,ST,W,,WHITE,,,,,38.05763645,-83.95269111,5.976,4/17/2024,1850,1,1,0,0,CLEAR,DRY,FALSE,COLLISION WITH ANIMAL IN INTERSECTION,SINGLE VEHICLE,STRAIGHT & LEVEL,DAYLIGHT,,,45408.57732,FALSE,238,Accepted,5,5,O,ANIMALS ACTION,,
33163299,0870000,MONTGOMERY CTY SHERIFF DEPT,Accepted,MONTGOMERY,KY0011,4624,LEVEE,RD,,,,,,,,37.98068414,-83.94021693,4.838,4/10/2024,1930,1,1,0,1,CLOUDY,WET,FALSE,RAN OFF ROADWAY (1 VEHICLE WITH/EARTH EMBANKMENT/DITCH),SINGLE VEHICLE,CURVE & LEVEL,DAYLIGHT,,,45408.5775,FALSE,238,Accepted,5,4,C,,"NOT UNDER PROPER CONTROL, TOO FAST FOR CONDITIONS",
33163304,0870000,MONTGOMERY CTY SHERIFF DEPT,Accepted,MONTGOMERY,KY0599,,KY599,,,,,,,,,37.93924633,-83.84268358,3.484,4/19/2024,457,1,1,0,0,RAINING,WET,FALSE,OTHER ROADWAY OR MID-BLOCK COLLISION,SINGLE VEHICLE,CURVE & HILLCREST,DARK-HWY LIGHTED/OFF,,,45408.57777,FALSE,298,Accepted,5,5,O,OTHER,,
33163307,0870000,MONTGOMERY CTY SHERIFF DEPT,Accepted,MONTGOMERY,KY0713,11018,HOPE MEANS,RD,,,,,,,,38.00385932,-83.77243507,17.916,4/20/2024,1308,1,1,0,3,CLEAR,DRY,FALSE,RAN OFF ROADWAY (1 VEHICLE WITH/EARTH EMBANKMENT/DITCH),SINGLE VEHICLE,CURVE & LEVEL,DAYLIGHT,,,45408.57789,FALSE,275,Accepted,4,4,C,,"INATTENTION, NOT UNDER PROPER CONTROL, OVERCORRECTING/OVERSTEERING",
33163313,0870000,MONTGOMERY CTY SHERIFF DEPT,Accepted,MONTGOMERY,KY0686,,INDIAN MOUND,DR,,US0060,OWINGSVILLE,,,,,38.07480041,-83.91859768,6.327,4/8/2024,657,2,2,0,1,CLEAR,DRY,FALSE,ANGLE COLLISION - ONE VEHICLE TURNING LEFT,ANGLE,STRAIGHT & LEVEL,DAYLIGHT,,,45408.57807,FALSE,255,Accepted,5,3,B,,INATTENTION,
33163315,0870000,MONTGOMERY CTY SHERIFF DEPT,Accepted,MONTGOMERY,US0460,,CAMARGO,RD,,,,,,,,38.010787250999996,-83.90637152,13.413,4/19/2024,1635,2,2,0,0,CLOUDY,DRY,FALSE,REAR END IN TRAFFIC LANES BOTH VEHICLES MOVING,REAR END,STRAIGHT & LEVEL,DAYLIGHT,,,45408.57817,FALSE,284,Accepted,5,5,O,,INATTENTION,
33163325,0870000,MONTGOMERY CTY SHERIFF DEPT,Accepted,MONTGOMERY,US0460,3543,PARIS,RD,,,,,,,,38.10321827,-84.01276221,3.564,4/23/2024,2047,1,1,0,0,CLOUDY,WET,FALSE,COLLISION WITH ANIMAL NON INTERSECTION,SINGLE VEHICLE,STRAIGHT & LEVEL,DARK-HWY NOT LIGHTED,,,45408.57855,FALSE,238,Accepted,5,5,O,ANIMALS ACTION,,
33163326,0870000,MONTGOMERY CTY SHERIFF DEPT,Accepted,MONTGOMERY,US0060,,WINCHESTER,RD,,,,,,,,38.04712663,-83.98101815,2.863,4/22/2024,1540,2,2,0,0,CLEAR,DRY,FALSE,OTHER ROADWAY OR MID-BLOCK COLLISION,REAR END,STRAIGHT & LEVEL,DAYLIGHT,,,45408.57865,FALSE,231,Accepted,5,5,O,,INATTENTION,
33170391,0870100,MT. STERLING POLICE DEPARTMENT,Accepted,MONTGOMERY,,706,NORTHVIEW,DR,,,,,,,,38.07565798,-83.94941897,,4/19/2024,2259,2,2,0,0,CLOUDY,DRY,FALSE,OTHER ROADWAY OR MID-BLOCK COLLISION,REAR END,STRAIGHT & LEVEL,DARK-HWY LIGHTED/ON,,,45410.91652,FALSE,121,Accepted,5,5,O,,INATTENTION,
33170392,0870100,MT. STERLING POLICE DEPARTMENT,Accepted,MONTGOMERY,KY0686,,INDIAN MOUND,DR,,,,,,,,38.07357284,-83.95123297,0.169,4/26/2024,843,2,2,0,1,CLEAR,DRY,FALSE,1 VEHICLE ENTERING/LEAVING ENTRANCE,ANGLE,STRAIGHT & LEVEL,DAYLIGHT,,,45410.91657,FALSE,139,Accepted,5,3,B,,INATTENTION,
33174286,0870000,MONTGOMERY CTY SHERIFF DEPT,Accepted,MONTGOMERY,KY0646,,KIDDVILLE,RD,,,,,,,,37.96509764,-83.98421025,7.504,4/16/2024,1421,2,2,0,0,CLOUDY,DRY,FALSE,SIDESWIPE COLLISION - OPPOSITE DIRECTION,SIDESWIPE-OPPOSITE DIRECTION,STRAIGHT & GRADE,DAYLIGHT,,,45411.64987,FALSE,226,Accepted,5,5,O,,,
33174288,0870000,MONTGOMERY CTY SHERIFF DEPT,Accepted,MONTGOMERY,KY0646,,NEST EGG,RD,,,,,,,,37.96477783,-83.94885487,5.386,4/25/2024,1308,2,2,0,0,CLEAR,DRY,TRUE,SIDESWIPE COLLISION - OPPOSITE DIRECTION,SIDESWIPE-OPPOSITE DIRECTION,STRAIGHT & GRADE,DAYLIGHT,,,45411.64997,FALSE,226,Accepted,5,5,O,,,
33174289,0870000,MONTGOMERY CTY SHERIFF DEPT,Accepted,MONTGOMERY,,,MCCORMICK,RD,,,,,,,,37.99418197,-83.88770809,0.004,4/25/2024,1433,2,2,0,0,CLEAR,DRY,FALSE,HEAD-ON COLLISION,HEAD ON,STRAIGHT & LEVEL,DAYLIGHT,,,45411.65004,FALSE,226,Accepted,5,5,O,,FAILED TO YIELD RIGHT OF WAY,
33182526,0870000,MONTGOMERY CTY SHERIFF DEPT,Accepted,MONTGOMERY,,7521,CAMARGO LEVEE,RD,,,,,,,,37.95874395,-83.89601203,2.451,4/27/2024,1102,1,1,0,0,CLEAR,DRY,FALSE,OTHER COLLISIONS ON SHOULDER,SINGLE VEHICLE,STRAIGHT & LEVEL,DAYLIGHT,,,45413.40506,FALSE,231,Accepted,5,5,O,,NOT UNDER PROPER CONTROL,
33182530,0870000,MONTGOMERY CTY SHERIFF DEPT,Accepted,MONTGOMERY,KY0713,,GRASSY LICK,RD,,,,,,,,38.07589723,-83.99694175,3.121,4/25/2024,2154,1,1,0,0,CLEAR,DRY,FALSE,COLLISION WITH FIXED OBJECT NON - INTERSECTION - FIRST EVENT COLLISION 09 - 32 EXCLUDING 16,SINGLE VEHICLE,STRAIGHT & LEVEL,DARK-HWY NOT LIGHTED,,,45413.40524,FALSE,284,Accepted,5,5,O,,ALCOHOL INVOLVEMENT,
33182531,0870000,MONTGOMERY CTY SHERIFF DEPT,Accepted,MONTGOMERY,US0460,,CAMARGO,RD,,,,,,,,37.9935715,-83.88629724,15.128,4/28/2024,1620,2,2,0,0,CLEAR,DRY,FALSE,1 VEHICLE ENTERING/LEAVING ENTRANCE,ANGLE,STRAIGHT & LEVEL,DAYLIGHT,,,45413.40531,FALSE,284,Accepted,5,5,O,,INATTENTION,
33182532,0870000,MONTGOMERY CTY SHERIFF DEPT,Accepted,MONTGOMERY,US0060,3060,OWINGSVILLE,RD,,,,,,,,38.08609414,-83.89737144,,4/24/2024,2105,2,2,0,0,CLEAR,DRY,FALSE,1 VEHICLE PARKED POSITION (NOT PARKING LOT/DRIVEWAY),BACKING,STRAIGHT & LEVEL,DARK-HWY LIGHTED/ON,,,45413.40538,FALSE,238,Accepted,5,5,O,,MISJUDGE CLEARANCE,
33182533,0870000,MONTGOMERY CTY SHERIFF DEPT,Accepted,MONTGOMERY,US0060,2706,OWINGSVILLE,RD,,,,,,,,38.07871336,-83.9092162,7.75,4/28/2024,2350,1,1,0,0,CLEAR,DRY,FALSE,COLLISION WITH ANIMAL NON INTERSECTION,SINGLE VEHICLE,STRAIGHT & LEVEL,DARK-HWY LIGHTED/ON,,,45413.40548,FALSE,298,Accepted,5,5,O,,,
33182534,0870000,MONTGOMERY CTY SHERIFF DEPT,Accepted,MONTGOMERY,,3775,STEPSTONE,RD,,,,,,,,38.09165044,-83.8632407,1.958,4/28/2024,648,1,1,0,1,CLEAR,DRY,FALSE,COLLISION WITH FIXED OBJECT NON - INTERSECTION - FIRST EVENT COLLISION 09 - 32 EXCLUDING 16,SINGLE VEHICLE,STRAIGHT & LEVEL,DAYLIGHT,,,45413.40558,FALSE,298,Accepted,2,2,A,,"DRUG INVOLVEMENT, MEDICATION, NOT UNDER PROPER CONTROL",
33182564,0870000,MONTGOMERY CTY SHERIFF DEPT,Accepted,MONTGOMERY,US0460,,CAMARGO,RD,,,,,,,,38.01685326,-83.91226595,12.867,4/26/2024,2048,1,1,0,0,CLEAR,DRY,FALSE,COLLISION WITH ANIMAL NON INTERSECTION,SINGLE VEHICLE,STRAIGHT & GRADE,DARK-HWY NOT LIGHTED,,,45413.41048,FALSE,248,Accepted,5,5,O,ANIMALS ACTION,,
33193681,0870000,MONTGOMERY CTY SHERIFF DEPT,Accepted,MONTGOMERY,,,TAPP,LN,,,,,,,,38.03266921,-83.7984807,0.439,4/29/2024,1622,1,1,0,1,CLEAR,DRY,FALSE,COLLISION WITH FIXED OBJECT NON - INTERSECTION - FIRST EVENT COLLISION 09 - 32 EXCLUDING 16,SINGLE VEHICLE,STRAIGHT & GRADE,DAYLIGHT,,,45415.65436,FALSE,284,Accepted,5,3,B,,DRUG INVOLVEMENT,
33193684,0870000,MONTGOMERY CTY SHERIFF DEPT,Accepted,MONTGOMERY,KY0646,,KIDDVILLE,RD,,,,,,,,37.98344229,-83.98448964,8.884,5/2/2024,1117,2,2,0,0,CLEAR,DRY,FALSE,SIDESWIPE COLLISION - OPPOSITE DIRECTION,SIDESWIPE-OPPOSITE DIRECTION,CURVE & LEVEL,DAYLIGHT,,,45415.65447,FALSE,226,Accepted,5,5,O,,,
33203985,0870000,MONTGOMERY CTY SHERIFF DEPT,Accepted,MONTGOMERY,US0460,,CAMARGO,RD,,,,,,,,37.99498648,-83.8900507,14.895,5/3/2024,1719,3,3,0,0,CLEAR,DRY,FALSE,REAR END IN TRAFFIC LANES BOTH VEHICLES MOVING,REAR END,STRAIGHT & LEVEL,DAYLIGHT,,,45418.56074,FALSE,248,Accepted,5,5,O,,"INATTENTION, NOT UNDER PROPER CONTROL",
33203987,0870000,MONTGOMERY CTY SHERIFF DEPT,Accepted,MONTGOMERY,KY0686,,INDIAN MOUND,DR,,,,,,,,38.05652478,-83.95602529,1.469,4/25/2024,1137,2,2,0,0,CLEAR,DRY,FALSE,SIDESWIPE COLLISION - SAME DIRECTION,SIDESWIPE-SAME DIRECTION,STRAIGHT & LEVEL,DAYLIGHT,,,45418.56093,FALSE,275,Accepted,5,5,O,,"FAILED TO YIELD RIGHT OF WAY, INATTENTION, NOT UNDER PROPER CONTROL",
33203990,0870000,MONTGOMERY CTY SHERIFF DEPT,Accepted,MONTGOMERY,US0460,105,PARIS,RD,,,,,,,,38.08816024,-83.95102344,7.242,5/3/2024,1152,1,1,0,0,RAINING,WET,FALSE,OTHER ROADWAY OR MID-BLOCK COLLISION,SINGLE VEHICLE,STRAIGHT & LEVEL,DAYLIGHT,,,45418.5611,FALSE,231,Accepted,5,5,O,SLIPPERY SURFACE,OVERCORRECTING/OVERSTEERING,
33203991,0870000,MONTGOMERY CTY SHERIFF DEPT,Accepted,MONTGOMERY,US0060,,OWINGSVILLE,RD,,,,,,,,38.08897576,-83.89825719,8.692,5/4/2024,1447,2,2,0,0,CLEAR,DRY,FALSE,OTHER ROADWAY OR MID-BLOCK COLLISION,REAR END,STRAIGHT & LEVEL,DAYLIGHT,,,45418.56121,FALSE,231,Accepted,5,5,O,,"CELL PHONE, DISTRACTION, INATTENTION",
33203993,0870000,MONTGOMERY CTY SHERIFF DEPT,Accepted,MONTGOMERY,US0460,,PARIS,RD,,,,,,,,38.11323032,-84.03658246,2.021,5/1/2024,1312,1,1,0,0,CLEAR,DRY,FALSE,OTHER ROADWAY OR MID-BLOCK COLLISION,SINGLE VEHICLE,CURVE & GRADE,DAYLIGHT,,,45418.56133,FALSE,228,Accepted,5,5,O,,,"LOAD SECUREMENT, OTHER"
33204012,0870000,MONTGOMERY CTY SHERIFF DEPT,Accepted,MONTGOMERY,KY0686,,INDIAN MOUND,DR,,KY0686,KY686 CROSSOVER,,,,,38.0552762,-83.95635817,1.556,5/5/2024,1407,2,2,0,1,CLOUDY,DRY,FALSE,ANGLE COLLISION - OTHER,ANGLE,STRAIGHT & LEVEL,DAYLIGHT,,,45418.56445,FALSE,228,Accepted,5,3,B,,FAILED TO YIELD RIGHT OF WAY,
33205051,0870100,MT. STERLING POLICE DEPARTMENT,Accepted,MONTGOMERY,,,EVANS,AVE,,US0460,MAYSVILLE,,,,,38.07569054,-83.94859446,0.008,5/4/2024,1902,2,2,0,0,CLEAR,DRY,FALSE,REAR END IN TRAFFIC LANES BOTH VEHICLES MOVING,REAR END,STRAIGHT & LEVEL,DAYLIGHT,,,45418.7399,FALSE,163,Accepted,5,5,O,,"INATTENTION, MISJUDGE CLEARANCE",
33208556,0870000,MONTGOMERY CTY SHERIFF DEPT,Accepted,MONTGOMERY,US0060,,MAIN,ST,E,,,,,,,38.06171105,-83.93160285,5.848,5/1/2024,1818,1,1,0,0,CLEAR,DRY,FALSE,COLLISION WITH FIXED OBJECT NON - INTERSECTION - FIRST EVENT COLLISION 09 - 32 EXCLUDING 16,SINGLE VEHICLE,STRAIGHT & LEVEL,DAYLIGHT,,,45419.49368,FALSE,238,Accepted,5,5,O,,,STEERING FAILURE
33208557,0870000,MONTGOMERY CTY SHERIFF DEPT,Accepted,MONTGOMERY,KY0011,,LEVEE,RD,,,,,,,,37.97031257,-83.93579508,4.077,5/6/2024,1721,1,1,0,1,RAINING,WET,FALSE,RAN OFF ROADWAY (1 VEHICLE WITH/EARTH EMBANKMENT/DITCH),SINGLE VEHICLE,CURVE & LEVEL,DAYLIGHT,,,45419.49377,FALSE,238,Accepted,4,4,C,,"OVERCORRECTING/OVERSTEERING, TOO FAST FOR CONDITIONS",
33208560,0870000,MONTGOMERY CTY SHERIFF DEPT,Accepted,MONTGOMERY,US0460,,MAIN,ST,,,,,,,,37.97930322,-83.85936168,16.909,5/7/2024,557,2,2,0,0,CLOUDY,DRY,FALSE,HEAD-ON COLLISION,HEAD ON,STRAIGHT & LEVEL,DAWN,,,45419.49393,FALSE,298,Accepted,5,5,O,,NOT UNDER PROPER CONTROL,"LOAD SECUREMENT, TOW HITCH DEFECTIVE/UNIT SEPARATION"
33208879,0870000,MONTGOMERY CTY SHERIFF DEPT,Accepted,MONTGOMERY,,,WESTSIDE,DR,,,,,,,,38.0552415,-83.97051795,0.222,5/4/2024,1513,2,2,0,1,CLEAR,DRY,FALSE,SIDESWIPE COLLISION - OPPOSITE DIRECTION,SIDESWIPE-OPPOSITE DIRECTION,STRAIGHT & LEVEL,DAYLIGHT,,,45419.55085,FALSE,226,Accepted,5,4,C,,,
33208880,0870000,MONTGOMERY CTY SHERIFF DEPT,Accepted,MONTGOMERY,KY0011,,LEVEE,RD,,,,,,,,37.96892767,-83.93733289,3.946,5/7/2024,938,1,1,0,0,CLEAR,DRY,FALSE,OTHER ROADWAY OR MID-BLOCK COLLISION,SINGLE VEHICLE,STRAIGHT & LEVEL,DAYLIGHT,,,45419.55091,FALSE,226,Accepted,5,5,O,,,
33212147,0870200,MONTGOMERY CO SCHOOL DIST PD,Accepted,MONTGOMERY,,,MT STERLING ELEMENTARY SCHOOL,DR,,,,,,,,38.06020529,-83.91342041,0.194,4/25/2024,715,2,2,0,0,CLOUDY,DRY,FALSE,SIDESWIPE COLLISION - OPPOSITE DIRECTION,SIDESWIPE-OPPOSITE DIRECTION,STRAIGHT & LEVEL,DAYLIGHT,,,45420.32754,FALSE,790,Accepted,5,5,O,,FAILED TO YIELD RIGHT OF WAY,
33214991,0870100,MT. STERLING POLICE DEPARTMENT,Accepted,MONTGOMERY,US0460,,MAYSVILLE,ST,N,KY0686,INDIAN MOUND,,,,,38.07403936,-83.94830994,8.286,5/6/2024,1447,2,2,0,0,CLOUDY,DRY,FALSE,ANGLE COLLISION - ONE VEHICLE TURNING LEFT,ANGLE,STRAIGHT & LEVEL,DAYLIGHT,,,45420.83451,FALSE,128,Accepted,5,5,O,,INATTENTION,
33214992,0870100,MT. STERLING POLICE DEPARTMENT,Accepted,MONTGOMERY,US0460,415,MAYSVILLE,ST,N,,,,,,,38.06454275,-83.94490965,8.981,5/3/2024,1426,2,2,0,0,CLEAR,DRY,FALSE,1 VEHICLE ENTERING/LEAVING ENTRANCE,ANGLE,STRAIGHT & HILLCREST,DAYLIGHT,,,45420.83458,FALSE,139,Accepted,5,5,O,VIEW OBSTRUCTED/LIMITED DUE TO RDWY,INATTENTION,
33214993,0870100,MT. STERLING POLICE DEPARTMENT,Accepted,MONTGOMERY,,,COURT,ST,,,,,,,,38.05667025,-83.94270542,0.032,5/7/2024,1018,2,2,0,0,CLEAR,DRY,FALSE,VEHICLE BACKING NON INTERSECTION,BACKING,STRAIGHT & LEVEL,DAYLIGHT,,,45420.83463,FALSE,139,Accepted,5,5,O,,"INATTENTION, IMPROPER BACKING",
33218526,0870000,MONTGOMERY CTY SHERIFF DEPT,Accepted,MONTGOMERY,,,FOXGLOVE,DR,,,,,,,,38.06551617,-83.95565477,0.009,5/7/2024,1406,2,2,0,0,CLOUDY,DRY,TRUE,REAR END IN TRAFFIC LANES BOTH VEHICLES MOVING,REAR END,STRAIGHT & LEVEL,DAYLIGHT,,,45421.67202,FALSE,226,Accepted,5,5,O,,FAILED TO YIELD RIGHT OF WAY,
33218528,0870000,MONTGOMERY CTY SHERIFF DEPT,Accepted,MONTGOMERY,,229,BURLEY,WAY,,,,,,,,38.03904351,-83.94671877,0.451,5/7/2024,1832,2,2,0,0,CLEAR,DRY,FALSE,1 VEHICLE PARKED POSITION (NOT PARKING LOT/DRIVEWAY),BACKING,STRAIGHT & LEVEL,DAYLIGHT,,,45421.67211,FALSE,238,Accepted,5,5,O,,INATTENTION,
33223792,0870100,MT. STERLING POLICE DEPARTMENT,Accepted,MONTGOMERY,KY0686,,INDIAN MOUND,DR,,US0060,MAIN,,,,,38.05392321,-83.95649811,1.658,5/9/2024,1902,3,3,0,0,CLEAR,DRY,FALSE,ANGLE COLLISION - OTHER,ANGLE,STRAIGHT & LEVEL,DAYLIGHT,,,45422.80417,FALSE,154,Accepted,5,5,O,,"DISREGARD TRAFFIC CONTROL, FAILED TO YIELD RIGHT OF WAY",
33234394,0870000,MONTGOMERY CTY SHERIFF DEPT,Accepted,MONTGOMERY,KY0011,,LEVEE,RD,,,,,,,,37.92472917,-83.91290744,0.378,5/9/2024,1426,1,1,0,0,CLEAR,DRY,FALSE,COLLISION WITH FIXED OBJECT NON - INTERSECTION - FIRST EVENT COLLISION 09 - 32 EXCLUDING 16,SINGLE VEHICLE,STRAIGHT & LEVEL,DAYLIGHT,,,45425.71277,FALSE,231,Accepted,5,5,O,,NOT UNDER PROPER CONTROL,
33234400,0870000,MONTGOMERY CTY SHERIFF DEPT,Accepted,MONTGOMERY,KY0646,,CREAM ALLEY,RD,,,,,,,,37.9696165,-83.93587958,4.589,5/11/2024,1323,1,1,0,0,CLEAR,DRY,FALSE,COLLISION WITH FIXED OBJECT NON - INTERSECTION - FIRST EVENT COLLISION 09 - 32 EXCLUDING 16,SINGLE VEHICLE,STRAIGHT & LEVEL,DAYLIGHT,,,45425.71322,FALSE,231,Accepted,5,5,O,,,
33240441,0870100,MT. STERLING POLICE DEPARTMENT,Accepted,MONTGOMERY,KY0686,,INDIAN MOUND,DR,,,TIGHLMAN,,,,,38.04085147,-83.93890091,3.258,5/12/2024,1734,2,2,0,1,CLEAR,DRY,FALSE,ANGLE COLLISION - OTHER,ANGLE,STRAIGHT & LEVEL,DAYLIGHT,,,45427.11699,FALSE,162,Accepted,5,4,C,,"DISREGARD TRAFFIC CONTROL, FAILED TO YIELD RIGHT OF WAY, INATTENTION",
33240442,0870100,MT. STERLING POLICE DEPARTMENT,Accepted,MONTGOMERY,KY0011,,LEVEE,RD,,,,,,,,38.05007751,-83.94150847,9.99,5/13/2024,1156,2,2,0,0,CLEAR,DRY,FALSE,1 VEHICLE ENTERING/LEAVING ENTRANCE,ANGLE,STRAIGHT & LEVEL,DAYLIGHT,,,45427.11706,FALSE,160,Accepted,5,5,O,,INATTENTION,
33252588,0870100,MT. STERLING POLICE DEPARTMENT,Accepted,MONTGOMERY,,,DARLEY,CRK,,,CLEAR WATER,,,,,38.05006369,-83.9520404,0.096,5/11/2024,1659,2,2,0,0,CLEAR,DRY,FALSE,SIDESWIPE-SAME DIRECTION,SIDESWIPE-SAME DIRECTION,STRAIGHT & LEVEL,DAYLIGHT,,,45429.59487,FALSE,163,Accepted,5,5,O,,"EMOTIONAL, NOT UNDER PROPER CONTROL, TOO FAST FOR CONDITIONS",
33253203,0870000,MONTGOMERY CTY SHERIFF DEPT,Accepted,MONTGOMERY,,,CAMARGO LEVEE,RD,,,,,,,,37.97991003,-83.8833223,0.634,5/9/2024,1004,1,1,0,0,CLOUDY,DRY,FALSE,RAN OFF ROADWAY (1 VEHICLE WITH/EARTH EMBANKMENT/DITCH),SINGLE VEHICLE,CURVE & GRADE,DAYLIGHT,,,45429.7143,FALSE,226,Accepted,5,5,O,,"NOT UNDER PROPER CONTROL, OVERCORRECTING/OVERSTEERING",