IncidentID,AgencyORI,AgencyName,IncidentStatusDesc,County,RdwyNumber,Street,RoadwayName,StreetSfx,StreetDir,IntersectionRdwy,IntersectionRdwyName,BetweenStRdwy1,BetweenStRdwyName1,BetweenStRdwy2,BetweenStRdwyName2,Latitude,Longitude,Milepoint,CollisionDate,CollisionTime,UnitsInvolved,MotorVehiclesInvolved,NumberKilled,NumberInjured,Weather,RdwyConditionCode,HitandRun,DirAnalysisCode,MannerofCollision,RdwyCharacter,LightCondition,RampFromRdwyId,RampToRdwyId,AcceptedDate,IsSecondaryCollision,OwnerBadge,IncidentStatus,InjurySeverityCde,KABCO Code,KABCO,Environmental_Factors,Human_Factors,Vehicular_Factors
33253204,0870000,MONTGOMERY CTY SHERIFF DEPT,Accepted,MONTGOMERY,US0460,,CAMARGO,RD,,,,,,,,38.01352347,-83.90842165,13.187,5/14/2024,1355,2,2,0,3,RAINING,WET,FALSE,HEAD-ON COLLISION,HEAD ON,STRAIGHT & GRADE,DAYLIGHT,,,45429.71436,FALSE,226,Accepted,5,4,C,SLIPPERY SURFACE,"FAILED TO YIELD RIGHT OF WAY, LOST CONSCIOUSNESS/FAINTED",
33253206,0870000,MONTGOMERY CTY SHERIFF DEPT,Accepted,MONTGOMERY,,,WELCH,RD,,,,,,,,37.96736977,-83.86159706,0.225,5/9/2024,1643,2,2,0,0,CLEAR,DRY,TRUE,SIDESWIPE COLLISION - SAME DIRECTION,SIDESWIPE-SAME DIRECTION,,DAYLIGHT,,,45429.71451,FALSE,248,Accepted,5,5,O,,"IMPROPER PASSING, NOT UNDER PROPER CONTROL, WEAVING IN TRAFFIC",
33253211,0870000,MONTGOMERY CTY SHERIFF DEPT,Accepted,MONTGOMERY,KY0686,,KY686 CROSSOVER,,,,,,,,,38.05528047,-83.95633688,0.001,5/13/2024,1541,2,2,0,1,CLEAR,DRY,FALSE,1 VEHICLE ENTERING/LEAVING ENTRANCE,ANGLE,STRAIGHT & LEVEL,DAYLIGHT,,,45429.71468,FALSE,231,Accepted,5,2,A,,FAILED TO YIELD RIGHT OF WAY,
33253534,0870100,MT. STERLING POLICE DEPARTMENT,Accepted,MONTGOMERY,,,EVANS,AVE,,,NORTHVIEW,,,,,38.07549308,-83.94915906,0.039,5/10/2024,1430,2,2,0,0,CLEAR,DRY,FALSE,ANGLE COLLISION - OTHER,ANGLE,STRAIGHT & LEVEL,DAYLIGHT,,,45429.80653,FALSE,120,Accepted,5,5,O,,INATTENTION,
33256844,0870100,MT. STERLING POLICE DEPARTMENT,Accepted,MONTGOMERY,,,LOCUST,ST,W,,SYCAMORE,,,,,38.05473231,-83.94442131,0.319,5/17/2024,2246,1,1,0,1,CLOUDY,WET,FALSE,COLLISION WITH FIXED OBJECT IN INTERSECTION - FIRST EVENT COLLISION 09 - 32,SINGLE VEHICLE,STRAIGHT & LEVEL,DARK-HWY LIGHTED/ON,,,45430.97974,FALSE,162,Accepted,5,4,C,,ALCOHOL INVOLVEMENT,
33256847,0870100,MT. STERLING POLICE DEPARTMENT,Accepted,MONTGOMERY,KY0686,,INDIAN MOUND,DR,,,,,,,,38.06783616,-83.95542483,0.687,5/15/2024,1818,2,2,0,0,CLEAR,DRY,FALSE,1 VEHICLE ENTERING/LEAVING ENTRANCE,ANGLE,STRAIGHT & LEVEL,DAYLIGHT,,,45430.97999,FALSE,154,Accepted,5,5,O,,MISJUDGE CLEARANCE,
33257453,0870200,MONTGOMERY CO SCHOOL DIST PD,Accepted,MONTGOMERY,,1002,WOODFORD,DR,,,,,,,,38.04462177,-83.93511774,0.548,5/6/2024,1540,2,1,0,0,CLEAR,DRY,FALSE,1 VEHICLE ENTERING/LEAVING ENTRANCE,ANGLE,STRAIGHT & LEVEL,DAYLIGHT,,,45431.12829,FALSE,700,Accepted,5,5,O,,MISJUDGE CLEARANCE,
33258807,0870000,MONTGOMERY CTY SHERIFF DEPT,Accepted,MONTGOMERY,KY1050,,KY1050,,,,,,,,,37.95808853,-83.82698478,6.344,5/3/2024,2350,1,1,0,0,RAINING,WET,FALSE,RAN OFF ROADWAY (1 VEHICLE WITH/EARTH EMBANKMENT/DITCH),SINGLE VEHICLE,STRAIGHT & LEVEL,DARK-HWY NOT LIGHTED,,,45431.68827,FALSE,253,Accepted,5,5,O,,"ALCOHOL INVOLVEMENT, CELL PHONE",
33258895,0870000,MONTGOMERY CTY SHERIFF DEPT,Accepted,MONTGOMERY,,1566,OLDHAM,RD,,,,,,,,38.0003705,-83.91642996,0.228,5/17/2024,802,2,1,0,1,RAINING,WET,FALSE,COLLISION WITH PEDESTRIAN NON - INTERSECTION,SINGLE VEHICLE,STRAIGHT & GRADE,DAYLIGHT,,,45431.70777,FALSE,275,Accepted,5,4,C,OTHER,,
33265675,0870100,MT. STERLING POLICE DEPARTMENT,Accepted,MONTGOMERY,KY1991,,HINKSTON,PIKE,,,RIDGECREST,,,,,38.06899572,-83.93798901,0.478,5/20/2024,1557,2,2,0,4,CLEAR,DRY,FALSE,ANGLE COLLISION - OTHER,ANGLE,STRAIGHT & LEVEL,DAYLIGHT,,,45432.92449,FALSE,155,Accepted,4,4,C,,INATTENTION,BRAKES DEFECTIVE
33275447,0870100,MT. STERLING POLICE DEPARTMENT,Accepted,MONTGOMERY,US0460,513,MAYSVILLE,ST,N,,,,,,,38.06847899,-83.94594111,8.702,5/17/2024,1631,2,2,0,0,RAINING,WET,FALSE,1 VEHICLE PARKED POSITION (NOT PARKING LOT/DRIVEWAY),BACKING,STRAIGHT & LEVEL,DAYLIGHT,,,45434.7718,FALSE,163,Accepted,5,5,O,,MISJUDGE CLEARANCE,
33314818,0870000,MONTGOMERY CTY SHERIFF DEPT,Accepted,MONTGOMERY,US0060,,OWINGSVILLE,RD,,,,,,,,38.08509507,-83.9003577,8.407,5/20/2024,326,1,1,0,1,CLEAR,DRY,FALSE,OTHER COLLISIONS ON SHOULDER,SINGLE VEHICLE,STRAIGHT & LEVEL,DARK-HWY LIGHTED/ON,,,45441.64514,FALSE,298,Accepted,2,2,A,,"INATTENTION, NOT UNDER PROPER CONTROL",
33315461,0870100,MT. STERLING POLICE DEPARTMENT,Accepted,MONTGOMERY,KY0686,,INDIAN MOUND,DR,,,,,,,,38.07092221,-83.95488365,0.461,5/6/2024,953,2,2,0,3,CLEAR,DRY,FALSE,1 VEHICLE ENTERING/LEAVING ENTRANCE,ANGLE,CURVE & LEVEL,DAYLIGHT,,,45441.72523,FALSE,149,Accepted,3,3,B,,TURNING IMPROPERLY,
33315462,0870100,MT. STERLING POLICE DEPARTMENT,Accepted,MONTGOMERY,US0460,,APPERSON,HTS,,,,,,,,38.05031249,-83.9416243,9.965,5/17/2024,1152,2,2,0,0,RAINING,WET,FALSE,OTHER ROADWAY OR MID-BLOCK COLLISION,OPPOSING LEFT TURN,CURVE & LEVEL,DAYLIGHT,,,45441.72529,FALSE,149,Accepted,5,5,O,,"INATTENTION, MISJUDGE CLEARANCE",
33315463,0870100,MT. STERLING POLICE DEPARTMENT,Accepted,MONTGOMERY,US0460,,MAYSVILLE,RD,,I 0064,I64 EB EXIT110 OFF RAMP TO US460,,,,,38.07898516,-83.94973812,7.987,5/23/2024,1407,3,3,0,1,CLEAR,DRY,FALSE,ANGLE COLLISION - ONE VEHICLE TURNING LEFT,ANGLE,STRAIGHT & LEVEL,DAYLIGHT,,,45441.72534,FALSE,157,Accepted,3,3,B,,DISREGARD TRAFFIC CONTROL,
33323092,0870000,MONTGOMERY CTY SHERIFF DEPT,Accepted,MONTGOMERY,,,LONG,LN,,,,,,,,38.11293501,-84.03222264,0.32,5/17/2024,919,2,2,0,0,CLEAR,DRY,TRUE,1 VEHICLE PARKED POSITION (NOT PARKING LOT/DRIVEWAY),BACKING,STRAIGHT & LEVEL,UNKNOWN,,,45443.44407,FALSE,226,Accepted,5,5,O,,,
33323094,0870000,MONTGOMERY CTY SHERIFF DEPT,Accepted,MONTGOMERY,,,CHERIE,DR,,,,,,,,38.05700908,-83.962282,0.016,5/22/2024,1528,2,2,0,0,RAINING,WET,FALSE,1 VEHICLE PARKED POSITION (NOT PARKING LOT/DRIVEWAY),BACKING,STRAIGHT & LEVEL,DAYLIGHT,,,45443.44421,FALSE,226,Accepted,5,5,O,,INATTENTION,
33323096,0870000,MONTGOMERY CTY SHERIFF DEPT,Accepted,MONTGOMERY,US0460,,MAIN,ST,,,,,,,,37.94987551,-83.77442342,22.064,5/17/2024,2157,3,3,0,1,CLEAR,DRY,FALSE,REAR END IN TRAFFIC LANES BOTH VEHICLES MOVING,REAR END,STRAIGHT & LEVEL,DAYLIGHT,,,45443.44431,FALSE,248,Accepted,5,4,C,GLARE (SUN),"INATTENTION, NOT UNDER PROPER CONTROL",
33323101,0870000,MONTGOMERY CTY SHERIFF DEPT,Accepted,MONTGOMERY,,,MCCORMICK,RD,,,,,,,,38.0026379,-83.87985849,0.839,5/17/2024,2157,1,1,0,0,CLOUDY,WET,FALSE,COLLISION WITH FIXED OBJECT NON - INTERSECTION - FIRST EVENT COLLISION 09 - 32 EXCLUDING 16,SINGLE VEHICLE,CURVE & LEVEL,DARK-HWY NOT LIGHTED,,,45443.44441,FALSE,248,Accepted,5,5,O,SLIPPERY SURFACE,NOT UNDER PROPER CONTROL,
33323104,0870000,MONTGOMERY CTY SHERIFF DEPT,Accepted,MONTGOMERY,,,OSBORNE,RD,,,,,,,,38.07221588,-83.91491042,2.446,5/22/2024,1558,1,1,0,0,CLOUDY,DRY,FALSE,RAN OFF ROADWAY (1 VEHICLE WITH/EARTH EMBANKMENT/DITCH),SINGLE VEHICLE,STRAIGHT & GRADE,DAYLIGHT,,,45443.44448,FALSE,248,Accepted,5,5,O,,NOT UNDER PROPER CONTROL,
33323111,0870000,MONTGOMERY CTY SHERIFF DEPT,Accepted,MONTGOMERY,KY0686,,INDIAN MOUND,DR,,,,,,,,38.06564209,-83.95553143,0.855,5/24/2024,1237,3,3,0,1,CLEAR,DRY,FALSE,1 VEHICLE ENTERING/LEAVING ENTRANCE,ANGLE,STRAIGHT & LEVEL,DAYLIGHT,,,45443.44466,FALSE,226,Accepted,4,4,C,,FAILED TO YIELD RIGHT OF WAY,
33323121,0870000,MONTGOMERY CTY SHERIFF DEPT,Accepted,MONTGOMERY,,,FOGG,PIKE,,,FOGG PIKE CONN,,,,,38.04131259,-83.95109325,0.18,5/23/2024,718,3,3,0,0,CLEAR,DRY,FALSE,ANGLE COLLISION - OTHER,ANGLE,STRAIGHT & LEVEL,DAYLIGHT,,,45443.44498,FALSE,255,Accepted,5,5,O,,"FAILED TO YIELD RIGHT OF WAY, INATTENTION",
33323123,0870000,MONTGOMERY CTY SHERIFF DEPT,Accepted,MONTGOMERY,KY0686,,INDIAN MOUND,DR,,KY0713,SPENCER,,,,,38.05454135,-83.91683283,4.848,5/26/2024,246,1,1,0,2,CLEAR,DRY,FALSE,COLLISION WITH FIXED OBJECT IN INTERSECTION - FIRST EVENT COLLISION 09 - 32,SINGLE VEHICLE,STRAIGHT & LEVEL,DAYLIGHT,,,45443.44507,FALSE,255,Accepted,5,3,B,,"ALCOHOL INVOLVEMENT, DRUG INVOLVEMENT, EXCEEDED STATED SPEED LIMIT",
33323126,0870000,MONTGOMERY CTY SHERIFF DEPT,Accepted,MONTGOMERY,,,CLAY LICK,RD,,,,,,,,37.96908859,-83.78811843,0.575,5/26/2024,1624,2,2,0,0,CLEAR,WET,FALSE,SIDESWIPE COLLISION - OPPOSITE DIRECTION,SIDESWIPE-OPPOSITE DIRECTION,CURVE & LEVEL,DAYLIGHT,,,45443.44532,FALSE,284,Accepted,5,5,O,,,
33323127,0870000,MONTGOMERY CTY SHERIFF DEPT,Accepted,MONTGOMERY,,,MIDLAND,TRL,,US0060,OWINGSVILLE,,,,,38.07482003,-83.91871463,0.005,5/21/2024,1116,2,2,0,0,CLEAR,DRY,FALSE,ANGLE COLLISION - OTHER,ANGLE,STRAIGHT & LEVEL,DAYLIGHT,,,45443.44545,FALSE,228,Accepted,5,5,O,,FAILED TO YIELD RIGHT OF WAY,
33323173,0870000,MONTGOMERY CTY SHERIFF DEPT,Accepted,MONTGOMERY,KY1331,,HOWARDS MILL,RD,,,,,,,,38.065794,-83.85950266,2.788,5/27/2024,58,1,1,0,0,RAINING,WET,FALSE,COLLISION WITH ANIMAL NON INTERSECTION,SINGLE VEHICLE,STRAIGHT & LEVEL,DARK-HWY NOT LIGHTED,,,45443.44697,FALSE,255,Accepted,5,5,O,ANIMALS ACTION,,
33323180,0870000,MONTGOMERY CTY SHERIFF DEPT,Accepted,MONTGOMERY,KY0686,,INDIAN MOUND,DR,,,,,,,,38.0580698,-83.95589566,1.353,5/25/2024,1705,2,2,0,0,CLEAR,DRY,FALSE,1 VEHICLE ENTERING/LEAVING ENTRANCE,ANGLE,STRAIGHT & LEVEL,DAYLIGHT,,,45443.44732,FALSE,248,Accepted,5,5,O,,,
33323444,0870000,MONTGOMERY CTY SHERIFF DEPT,Accepted,MONTGOMERY,,,FOGG,PIKE,,,,,,,,38.04131751,-83.9511033,0.18,5/29/2024,1723,2,2,0,0,CLEAR,DRY,FALSE,1 VEHICLE ENTERING/LEAVING ENTRANCE,ANGLE,STRAIGHT & GRADE,DAYLIGHT,,,45443.48825,FALSE,238,Accepted,5,5,O,,"FAILED TO YIELD RIGHT OF WAY, INATTENTION",
33323446,0870000,MONTGOMERY CTY SHERIFF DEPT,Accepted,MONTGOMERY,,1130,SHADELAWN,DR,,,,,,,,38.03866536,-83.96001245,0.208,5/30/2024,1121,2,2,0,0,CLEAR,DRY,FALSE,VEHICLE BACKING NON INTERSECTION,BACKING,STRAIGHT & LEVEL,DAYLIGHT,,,45443.48834,FALSE,228,Accepted,5,5,O,VIEW OBSTRUCTED/LIMITED DUE TO RDWY,,
33323447,0870000,MONTGOMERY CTY SHERIFF DEPT,Accepted,MONTGOMERY,KY0713,,SPENCER,PIKE,,,,,,,,38.04775804,-83.90498424,8.623,5/27/2024,2012,1,1,0,0,CLEAR,DRY,TRUE,COLLISION WITH FIXED OBJECT NON - INTERSECTION - FIRST EVENT COLLISION 09 - 32 EXCLUDING 16,SINGLE VEHICLE,STRAIGHT & LEVEL,DAYLIGHT,,,45443.48841,FALSE,284,Accepted,5,5,O,,ALCOHOL INVOLVEMENT,
33325445,0870100,MT. STERLING POLICE DEPARTMENT,Accepted,MONTGOMERY,US0460,,MAYSVILLE,ST,N,I 0064,I64 EB EXIT110 OFF RAMP TO US460,,,,,38.07676753,-83.94929054,8.109,5/29/2024,1655,2,2,0,0,CLEAR,DRY,FALSE,SIDESWIPE-SAME DIRECTION,SIDESWIPE-SAME DIRECTION,STRAIGHT & LEVEL,DAYLIGHT,,,45443.84833,FALSE,163,Accepted,5,5,O,,MISJUDGE CLEARANCE,
33325448,0870100,MT. STERLING POLICE DEPARTMENT,Accepted,MONTGOMERY,,,SPRING,ST,,,,,,,,38.0514058,-83.95501213,0.089,5/29/2024,1250,2,2,0,0,CLEAR,DRY,FALSE,SIDESWIPE COLLISION - SAME DIRECTION,SIDESWIPE-SAME DIRECTION,STRAIGHT & LEVEL,DAYLIGHT,,,45443.8484,FALSE,154,Accepted,5,5,O,,MISJUDGE CLEARANCE,
33325450,0870100,MT. STERLING POLICE DEPARTMENT,Accepted,MONTGOMERY,US0460,,MAYSVILLE,RD,,I 0064,I64 WB EXIT110 OFF RAMP TO US460,,,,,38.07884648,-83.94945547,7.982,5/7/2024,1720,3,3,0,0,CLEAR,DRY,FALSE,OTHER INTERSECTION COLLISIONS,REAR END,STRAIGHT & LEVEL,DAYLIGHT,,,45443.84851,FALSE,155,Accepted,5,5,O,,INATTENTION,BRAKES DEFECTIVE
33325451,0870100,MT. STERLING POLICE DEPARTMENT,Accepted,MONTGOMERY,KY0686,,INDIAN MOUND,DR,,,,,,,,38.05267068,-83.95631478,1.736,5/15/2024,1832,2,2,0,0,CLEAR,DRY,FALSE,COLLISION WITH FIXED OBJECT NON - INTERSECTION - FIRST EVENT COLLISION 09 - 32 EXCLUDING 16,ANGLE,STRAIGHT & LEVEL,DAYLIGHT,,,45443.84857,FALSE,155,Accepted,5,5,O,,,TIRE FAILURE
33325452,0870100,MT. STERLING POLICE DEPARTMENT,Accepted,MONTGOMERY,KY0686,1342,INDIAN MOUND,DR,,,,,,,,38.04879155,-83.95583411,1.942,5/31/2024,1404,2,2,0,0,CLEAR,DRY,FALSE,1 VEHICLE PARKED POSITION (NOT PARKING LOT/DRIVEWAY),ANGLE,STRAIGHT & LEVEL,DAYLIGHT,,,45443.84862,FALSE,154,Accepted,5,5,O,,MISJUDGE CLEARANCE,
33329043,0870200,MONTGOMERY CO SCHOOL DIST PD,Accepted,MONTGOMERY,KY0686,3570,INDIAN MOUND,DR,,,,,,,,38.04099145,-83.94114858,3.12,5/20/2024,800,2,1,0,0,CLEAR,DRY,FALSE,REAR END IN TRAFFIC LANES BOTH VEHICLES MOVING,REAR END,STRAIGHT & GRADE,DAYLIGHT,,,45445.12786,FALSE,700,Accepted,5,5,O,,MISJUDGE CLEARANCE,
33330022,0870100,MT. STERLING POLICE DEPARTMENT,Accepted,MONTGOMERY,US0460,,MAYSVILLE,RD,,,STONE TRACE,,,,,38.08024921,-83.94963471,7.847,6/1/2024,2240,2,2,0,0,RAINING,WET,FALSE,ANGLE COLLISION - OTHER,ANGLE,STRAIGHT & GRADE,DARK-HWY LIGHTED/ON,,,45445.6425,FALSE,129,Accepted,5,5,O,,INATTENTION,
33330025,0870100,MT. STERLING POLICE DEPARTMENT,Accepted,MONTGOMERY,US0460,,MAYSVILLE,ST,N,,EVANS,,,,,38.07547053,-83.94866868,8.204,6/2/2024,1015,2,2,0,0,RAINING,WET,FALSE,OTHER INTERSECTION COLLISIONS,REAR END,STRAIGHT & LEVEL,DAYLIGHT,,,45445.64268,FALSE,157,Accepted,5,5,O,,INATTENTION,
33346563,0870100,MT. STERLING POLICE DEPARTMENT,Accepted,MONTGOMERY,US0460,,MAYSVILLE,ST,N,,,,,,,38.07065826,-83.94694512,8.545,6/4/2024,1413,2,2,0,0,CLEAR,DRY,FALSE,1 VEHICLE ENTERING/LEAVING ENTRANCE,ANGLE,STRAIGHT & LEVEL,DAYLIGHT,,,45448.86882,FALSE,139,Accepted,5,5,O,,,
33358009,0870100,MT. STERLING POLICE DEPARTMENT,Accepted,MONTGOMERY,,,YOUNG,LN,,,,,,,,38.07491552,-83.95606459,0.029,6/2/2024,1200,2,2,0,0,CLEAR,WET,FALSE,HEAD-ON COLLISION,HEAD ON,STRAIGHT & LEVEL,DAYLIGHT,,,45451.72443,FALSE,120,Accepted,5,5,O,,"DISTRACTION, INATTENTION",
33358996,0870100,MT. STERLING POLICE DEPARTMENT,Accepted,MONTGOMERY,,,BROADWAY,,S,,,,,,,38.05717552,-83.94306562,0.016,6/7/2024,2033,2,2,0,0,CLEAR,DRY,FALSE,1 VEHICLE PARKED POSITION (NOT PARKING LOT/DRIVEWAY),ANGLE,STRAIGHT & LEVEL,DUSK,,,45452.04498,FALSE,159,Accepted,5,5,O,,NOT UNDER PROPER CONTROL,
33358997,0870100,MT. STERLING POLICE DEPARTMENT,Accepted,MONTGOMERY,US0460,,CAMARGO,RD,,,,,,,,38.04114748,-83.93399383,10.758,6/8/2024,2000,2,2,0,0,CLOUDY,DRY,FALSE,1 VEHICLE ENTERING/LEAVING ENTRANCE,ANGLE,STRAIGHT & LEVEL,DAYLIGHT,,,45452.04512,FALSE,159,Accepted,5,5,O,,FAILED TO YIELD RIGHT OF WAY,
33367263,0870100,MT. STERLING POLICE DEPARTMENT,Accepted,MONTGOMERY,US0460,,CAMARGO,RD,,KY0686,INDIAN MOUND,,,,,38.04193568,-83.93425264,10.699,6/8/2024,1435,2,2,0,0,CLOUDY,DRY,FALSE,REAR END - ONE VEHICLE TURNING RIGHT,REAR END,STRAIGHT & LEVEL,DAYLIGHT,,,45454.0599,FALSE,121,Accepted,5,5,O,,INATTENTION,
33371703,0870100,MT. STERLING POLICE DEPARTMENT,Accepted,MONTGOMERY,US0060,,MAIN,ST,E,,,,,,,38.0576561,-83.93658552,5.441,6/10/2024,1635,2,2,0,0,CLEAR,DRY,FALSE,1 VEHICLE ENTERING/LEAVING ENTRANCE,ANGLE,STRAIGHT & GRADE,DAYLIGHT,,,45454.93633,FALSE,160,Accepted,5,5,O,,INATTENTION,
33375982,0870000,MONTGOMERY CTY SHERIFF DEPT,Accepted,MONTGOMERY,US0460,,MAIN,ST,,,,,,,,37.98213413,-83.86706673,16.472,5/31/2024,1438,2,2,0,0,CLEAR,DRY,FALSE,REAR END IN TRAFFIC LANES BOTH VEHICLES MOVING,REAR END,STRAIGHT & LEVEL,DAYLIGHT,,,45455.7452,FALSE,226,Accepted,5,5,O,,FAILED TO YIELD RIGHT OF WAY,
33375985,0870000,MONTGOMERY CTY SHERIFF DEPT,Accepted,MONTGOMERY,,,OLD OWINGSVILLE,RD,,,,,,,,38.06989663,-83.9224265,1.435,5/31/2024,1419,2,2,0,0,CLEAR,DRY,FALSE,OTHER ROADWAY OR MID-BLOCK COLLISION,REAR END,STRAIGHT & LEVEL,DAYLIGHT,,,45455.7454,FALSE,231,Accepted,5,5,O,,INATTENTION,
33375986,0870000,MONTGOMERY CTY SHERIFF DEPT,Accepted,MONTGOMERY,US0460,,MAIN,ST,,,,,,,,37.97637599,-83.85100934,17.41,6/1/2024,910,2,2,0,0,CLEAR,DRY,FALSE,1 VEHICLE ENTERING/LEAVING ENTRANCE,ANGLE,STRAIGHT & LEVEL,DAYLIGHT,,,45455.74547,FALSE,231,Accepted,5,5,O,GLARE (SUN),INATTENTION,
33375987,0870000,MONTGOMERY CTY SHERIFF DEPT,Accepted,MONTGOMERY,,5453,DONALDSON,RD,,,,,,,,38.08872563,-84.04633196,1.618,6/1/2024,1408,1,1,0,0,CLOUDY,DRY,FALSE,OTHER ROADWAY OR MID-BLOCK COLLISION,SINGLE VEHICLE,STRAIGHT & LEVEL,DAYLIGHT,,,45455.74553,FALSE,231,Accepted,5,5,O,,OVERCORRECTING/OVERSTEERING,
33375989,0870000,MONTGOMERY CTY SHERIFF DEPT,Accepted,MONTGOMERY,,762,LONG BRANCH,RD,,,,,,,,37.9750487,-83.80855802,0.819,6/2/2024,1253,1,1,0,0,CLOUDY,WET,FALSE,COLLISION WITH FIXED OBJECT NON - INTERSECTION - FIRST EVENT COLLISION 09 - 32 EXCLUDING 16,SINGLE VEHICLE,STRAIGHT & LEVEL,DAYLIGHT,,,45455.74562,FALSE,231,Accepted,5,5,O,SLIPPERY SURFACE,"NOT UNDER PROPER CONTROL, TOO FAST FOR CONDITIONS",
33375992,0870000,MONTGOMERY CTY SHERIFF DEPT,Accepted,MONTGOMERY,KY0646,,KIDDVILLE,RD,,,,,,,,37.99801312,-83.96804388,10.347,6/3/2024,1503,2,2,0,0,CLEAR,DRY,FALSE,SIDESWIPE COLLISION - OPPOSITE DIRECTION,SIDESWIPE-OPPOSITE DIRECTION,CURVE & LEVEL,DAYLIGHT,,,45455.74572,FALSE,226,Accepted,5,5,O,,FAILED TO YIELD RIGHT OF WAY,
33375996,0870000,MONTGOMERY CTY SHERIFF DEPT,Accepted,MONTGOMERY,KY0011,3230,LEVEE,RD,,,,,,,,38.01125309,-83.95053727,7.188,6/4/2024,1855,1,1,0,3,CLEAR,WET,FALSE,OTHER ROADWAY OR MID-BLOCK COLLISION,SINGLE VEHICLE,CURVE & HILLCREST,DAYLIGHT,,,45455.74586,FALSE,298,Accepted,5,3,B,,,
33375998,0870000,MONTGOMERY CTY SHERIFF DEPT,Accepted,MONTGOMERY,KY0213,,KY213,,,,,,,,,37.93756466,-83.86374994,2.431,5/26/2024,1411,2,2,0,1,RAINING,WET,TRUE,SIDESWIPE COLLISION - OPPOSITE DIRECTION,SIDESWIPE-OPPOSITE DIRECTION,STRAIGHT & LEVEL,DAYLIGHT,,,45455.74594,FALSE,275,Accepted,5,3,B,,"DISREGARD TRAFFIC CONTROL, FAILED TO KEEP PROPER LANE, NOT UNDER PROPER CONTROL",
33376000,0870000,MONTGOMERY CTY SHERIFF DEPT,Accepted,MONTGOMERY,US0460,,CAMARGO,RD,,,GREENBRIER,,,,,38.01236861,-83.90743506,13.263,6/5/2024,1803,2,2,0,0,CLEAR,DRY,FALSE,ANGLE COLLISION - OTHER,ANGLE,STRAIGHT & GRADE,DAYLIGHT,,,45455.74601,FALSE,255,Accepted,5,5,O,,,OTHER
33376002,0870000,MONTGOMERY CTY SHERIFF DEPT,Accepted,MONTGOMERY,US0460,2355,CAMARGO,RD,,,,,,,,38.01434747,-83.90941128,13.106,6/2/2024,1322,2,2,0,0,CLOUDY,DRY,FALSE,1 VEHICLE ENTERING/LEAVING ENTRANCE,ANGLE,STRAIGHT & LEVEL,DAYLIGHT,,,45455.74607,FALSE,275,Accepted,5,5,O,BACKUP DUE TO REGULAR CONGESTION,"FAILED TO YIELD RIGHT OF WAY, IMPROPER PASSING, NOT UNDER PROPER CONTROL",
33376004,0870000,MONTGOMERY CTY SHERIFF DEPT,Accepted,MONTGOMERY,US0060,,WINCHESTER,RD,,,,,,,,38.03136101,-84.02565055,0.058,6/5/2024,1540,2,2,0,0,CLOUDY,WET,FALSE,OTHER ROADWAY OR MID-BLOCK COLLISION,REAR END,STRAIGHT & HILLCREST,DAYLIGHT,,,45455.74615,FALSE,231,Accepted,5,5,O,SLIPPERY SURFACE,TOO FAST FOR CONDITIONS,
33376007,0870000,MONTGOMERY CTY SHERIFF DEPT,Accepted,MONTGOMERY,US0460,10558,MAIN,ST,,,,,,,,37.96379737,-83.80649598,20.004,6/3/2024,1728,1,1,0,1,CLEAR,DRY,FALSE,RAN OFF ROADWAY (1 VEHICLE WITH/EARTH EMBANKMENT/DITCH),SINGLE VEHICLE,STRAIGHT & LEVEL,DAYLIGHT,,,45455.74626,FALSE,238,Accepted,4,4,C,,ALCOHOL INVOLVEMENT,
33376218,0870100,MT. STERLING POLICE DEPARTMENT,Accepted,MONTGOMERY,US0460,,MAYSVILLE,RD,,,,,,,,38.07919556,-83.94951462,7.953,6/11/2024,919,2,2,0,0,CLEAR,DRY,FALSE,SIDESWIPE COLLISION - SAME DIRECTION,SIDESWIPE-SAME DIRECTION,STRAIGHT & GRADE,DAYLIGHT,,,45455.78111,FALSE,139,Accepted,5,5,O,,INATTENTION,
33385039,0870100,MT. STERLING POLICE DEPARTMENT,Accepted,MONTGOMERY,KY0686,,INDIAN MOUND,DR,,US0060,WINCHESTER,,,,,38.0539482,-83.95652719,1.658,6/13/2024,1020,2,2,0,1,CLEAR,DRY,FALSE,OTHER INTERSECTION COLLISIONS,REAR END,STRAIGHT & LEVEL,DAYLIGHT,,,45457.73918,FALSE,157,Accepted,5,4,C,,INATTENTION,
33388070,0870100,MT. STERLING POLICE DEPARTMENT,Accepted,MONTGOMERY,KY0686,,INDIAN MOUND,DR,,,PATSY,,,,,38.07084515,-83.95461546,0.447,6/13/2024,1652,2,2,0,0,CLEAR,DRY,FALSE,NON-COLLISION OBJECT COLLISION,OPPOSING LEFT TURN,STRAIGHT & LEVEL,DAYLIGHT,,,45458.81968,FALSE,162,Accepted,5,5,O,,"INATTENTION, TURNING IMPROPERLY",
33392260,0870100,MT. STERLING POLICE DEPARTMENT,Accepted,MONTGOMERY,US0460,,MAYSVILLE,ST,N,,,,,,,38.07425918,-83.94821655,8.289,6/12/2024,1656,2,2,0,0,CLEAR,DRY,FALSE,1 VEHICLE ENTERING/LEAVING ENTRANCE,ANGLE,STRAIGHT & LEVEL,DAYLIGHT,,,45460.18683,FALSE,160,Accepted,5,5,O,,MISJUDGE CLEARANCE,