IncidentID,AgencyORI,AgencyName,IncidentStatusDesc,County,RdwyNumber,Street,RoadwayName,StreetSfx,StreetDir,IntersectionRdwy,IntersectionRdwyName,BetweenStRdwy1,BetweenStRdwyName1,BetweenStRdwy2,BetweenStRdwyName2,Latitude,Longitude,Milepoint,CollisionDate,CollisionTime,UnitsInvolved,MotorVehiclesInvolved,NumberKilled,NumberInjured,Weather,RdwyConditionCode,HitandRun,DirAnalysisCode,MannerofCollision,RdwyCharacter,LightCondition,RampFromRdwyId,RampToRdwyId,AcceptedDate,IsSecondaryCollision,OwnerBadge,IncidentStatus,InjurySeverityCde,KABCO Code,KABCO,Environmental_Factors,Human_Factors,Vehicular_Factors
33392261,0870100,MT. STERLING POLICE DEPARTMENT,Accepted,MONTGOMERY,,,YOUNG,LN,,,,,,,,38.0745114,-83.94995157,0.324,6/16/2024,1610,1,1,0,0,CLEAR,DRY,TRUE,OTHER ROADWAY OR MID-BLOCK COLLISION,SINGLE VEHICLE,,DAYLIGHT,,,45460.18688,FALSE,160,Accepted,5,5,O,,INATTENTION,
33395808,0870000,MONTGOMERY CTY SHERIFF DEPT,Accepted,MONTGOMERY,,,CLARENCE,DR,,,,,,,,38.09272106,-83.90210236,0.243,6/7/2024,1555,2,2,0,0,CLEAR,DRY,FALSE,1 VEHICLE ENTERING/LEAVING ENTRANCE,ANGLE,STRAIGHT & LEVEL,DAYLIGHT,,,45460.75545,FALSE,226,Accepted,5,5,O,,FAILED TO YIELD RIGHT OF WAY,
33395810,0870000,MONTGOMERY CTY SHERIFF DEPT,Accepted,MONTGOMERY,KY0713,,SPENCER,PIKE,,,,,,,,38.02333199,-83.82439362,13.727,6/8/2024,1318,2,2,0,0,CLEAR,DRY,FALSE,1 VEHICLE ENTERING/LEAVING ENTRANCE,ANGLE,STRAIGHT & HILLCREST,DAYLIGHT,,,45460.75556,FALSE,226,Accepted,5,5,O,,FAILED TO YIELD RIGHT OF WAY,
33395812,0870000,MONTGOMERY CTY SHERIFF DEPT,Accepted,MONTGOMERY,KY0646,,CREAM ALLEY,RD,,,,,,,,37.96932465,-83.92624974,4.055,6/8/2024,1021,1,1,0,0,CLOUDY,DRY,FALSE,RAN OFF ROADWAY (1 VEHICLE WITH/EARTH EMBANKMENT/DITCH),SINGLE VEHICLE,STRAIGHT & LEVEL,DAYLIGHT,,,45460.7557,FALSE,228,Accepted,5,5,O,,DRUG INVOLVEMENT,
33395814,0870000,MONTGOMERY CTY SHERIFF DEPT,Accepted,MONTGOMERY,,,OLD OWINGSVILLE,RD,,,,,,,,38.0776594,-83.90594163,0.356,6/9/2024,1542,2,2,0,0,CLEAR,DRY,FALSE,VEHICLE BACKING NON INTERSECTION,BACKING,STRAIGHT & LEVEL,DAYLIGHT,,,45460.7558,FALSE,226,Accepted,5,5,O,,FAILED TO YIELD RIGHT OF WAY,
33395817,0870000,MONTGOMERY CTY SHERIFF DEPT,Accepted,MONTGOMERY,KY0011,,LEVEE,RD,,,,,,,,37.92812182,-83.91560747,0.662,6/1/2024,2102,1,1,0,0,RAINING,WET,FALSE,COLLISION WITH FIXED OBJECT NON - INTERSECTION - FIRST EVENT COLLISION 09 - 32 EXCLUDING 16,SINGLE VEHICLE,STRAIGHT & LEVEL,DARK-HWY NOT LIGHTED,,,45460.75595,FALSE,248,Accepted,5,5,O,SLIPPERY SURFACE,NOT UNDER PROPER CONTROL,TIRES
33396083,0870100,MT. STERLING POLICE DEPARTMENT,Accepted,MONTGOMERY,US0460,,MAYSVILLE,RD,,,,,,,,38.07876863,-83.949699,7.967,5/30/2024,1716,2,2,0,0,CLEAR,DRY,FALSE,OTHER ROADWAY OR MID-BLOCK COLLISION,OPPOSING LEFT TURN,STRAIGHT & LEVEL,DAYLIGHT,,,45460.8308,FALSE,160,Accepted,5,5,O,,INATTENTION,
33404944,0870100,MT. STERLING POLICE DEPARTMENT,Accepted,MONTGOMERY,,214,BROOKS,AVE,,,,,,,,38.04664003,-83.95279041,0.092,6/12/2024,1522,2,2,0,0,CLEAR,DRY,FALSE,VEHICLE BACKING NON INTERSECTION,BACKING,STRAIGHT & LEVEL,DAYLIGHT,,,45462.80206,FALSE,162,Accepted,5,5,O,,"DISTRACTION, INATTENTION, OTHER",
33409669,0870000,MONTGOMERY CTY SHERIFF DEPT,Accepted,MONTGOMERY,KY0646,,NEST EGG,RD,,,,,,,,37.96016488,-83.96614067,6.459,6/13/2024,700,1,1,0,0,CLEAR,DRY,FALSE,COLLISION WITH FIXED OBJECT NON - INTERSECTION - FIRST EVENT COLLISION 09 - 32 EXCLUDING 16,SINGLE VEHICLE,STRAIGHT & LEVEL,DAYLIGHT,,,45463.70553,FALSE,228,Accepted,5,5,O,ANIMALS ACTION,,
33409673,0870000,MONTGOMERY CTY SHERIFF DEPT,Accepted,MONTGOMERY,KY0713,,SPENCER,PIKE,,,,,,,,38.04380379,-83.8984528,9.085,6/13/2024,1256,2,2,0,2,CLEAR,DRY,FALSE,SIDESWIPE COLLISION - OPPOSITE DIRECTION,SIDESWIPE-OPPOSITE DIRECTION,STRAIGHT & LEVEL,DAYLIGHT,,,45463.70562,FALSE,228,Accepted,3,3,B,,,
33409675,0870000,MONTGOMERY CTY SHERIFF DEPT,Accepted,MONTGOMERY,KY0213,,BEDFORD,RD,,,,,,,,38.00421166,-83.83523978,7.519,6/13/2024,1340,2,2,0,2,CLEAR,DRY,FALSE,SIDESWIPE COLLISION - SAME DIRECTION,SIDESWIPE-SAME DIRECTION,CURVE & LEVEL,DAYLIGHT,,,45463.7057,FALSE,228,Accepted,3,3,B,,OTHER,
33409683,0870000,MONTGOMERY CTY SHERIFF DEPT,Accepted,MONTGOMERY,,12,PARKVIEW PLACE MOBILE HOME PARK,,,,,,,,,38.07540065,-83.91312656,0.036,6/14/2024,1034,1,1,0,0,CLEAR,DRY,FALSE,OTHER ROADWAY OR MID-BLOCK COLLISION,SINGLE VEHICLE,STRAIGHT & LEVEL,DAYLIGHT,,,45463.70589,FALSE,231,Accepted,5,5,O,,NOT UNDER PROPER CONTROL,
33409684,0870000,MONTGOMERY CTY SHERIFF DEPT,Accepted,MONTGOMERY,US0460,,MAIN,ST,,,,,,,,37.98408584,-83.87228565,16.155,6/15/2024,1547,2,2,0,0,CLEAR,DRY,FALSE,SIDESWIPE COLLISION - OPPOSITE DIRECTION,SIDESWIPE-OPPOSITE DIRECTION,CURVE & GRADE,DAYLIGHT,,,45463.70597,FALSE,275,Accepted,5,5,O,,"FAILED TO KEEP PROPER LANE, INATTENTION, NOT UNDER PROPER CONTROL",
33419715,0870100,MT. STERLING POLICE DEPARTMENT,Accepted,MONTGOMERY,KY0686,,INDIAN MOUND,DR,,,ALEXA,,,,,38.06553375,-83.95550613,0.848,6/19/2024,2323,2,2,0,0,CLEAR,DRY,FALSE,SIDESWIPE-SAME DIRECTION,SIDESWIPE-SAME DIRECTION,STRAIGHT & LEVEL,DARK-HWY LIGHTED/ON,,,45466.75412,FALSE,121,Accepted,5,5,O,,"EMOTIONAL, NOT UNDER PROPER CONTROL",
33419719,0870100,MT. STERLING POLICE DEPARTMENT,Accepted,MONTGOMERY,KY0011,,LEVEE,RD,,,,,,,,38.04129957,-83.94790082,9.221,6/22/2024,1432,2,2,0,0,CLEAR,DRY,FALSE,VEHICLE BACKING NON INTERSECTION,BACKING,STRAIGHT & LEVEL,DAYLIGHT,,,45466.75434,FALSE,156,Accepted,5,5,O,,INATTENTION,
33429846,0870100,MT. STERLING POLICE DEPARTMENT,Accepted,MONTGOMERY,KY0686,,INDIAN MOUND,DR,,,,,,,,38.06192543,-83.95559052,1.09,6/20/2024,1350,2,2,0,2,CLEAR,DRY,FALSE,1 VEHICLE ENTERING/LEAVING ENTRANCE,ANGLE,STRAIGHT & LEVEL,DAYLIGHT,,,45468.8245,FALSE,157,Accepted,5,2,A,,FAILED TO YIELD RIGHT OF WAY,
33434476,0870100,MT. STERLING POLICE DEPARTMENT,Accepted,MONTGOMERY,KY0686,,INDIAN MOUND,DR,,US0460,CAMARGO,,,,,38.04209672,-83.93446949,3.502,6/25/2024,1055,2,2,0,3,CLEAR,DRY,FALSE,ANGLE COLLISION - OTHER,ANGLE,STRAIGHT & LEVEL,DAYLIGHT,,,45469.81537,FALSE,157,Accepted,5,2,A,,"DISREGARD TRAFFIC CONTROL, DRUG INVOLVEMENT",
33442811,0870000,MONTGOMERY CTY SHERIFF DEPT,Accepted,MONTGOMERY,,,STEPSTONE,RD,,,,,,,,38.09362274,-83.86026126,2.164,6/18/2024,656,1,1,0,0,CLEAR,DRY,FALSE,COLLISION WITH FIXED OBJECT NON - INTERSECTION - FIRST EVENT COLLISION 09 - 32 EXCLUDING 16,SINGLE VEHICLE,CURVE & LEVEL,DAYLIGHT,,,45471.71184,FALSE,226,Accepted,5,5,O,,"INATTENTION, NOT UNDER PROPER CONTROL",
33442814,0870000,MONTGOMERY CTY SHERIFF DEPT,Accepted,MONTGOMERY,KY0713,12298,HOPE MEANS,RD,,,,,,,,37.98576032,-83.76614523,19.223,6/17/2024,1851,2,2,0,1,CLEAR,DRY,FALSE,1 VEHICLE ENTERING/LEAVING ENTRANCE,ANGLE,STRAIGHT & LEVEL,DAYLIGHT,,,45471.712,FALSE,298,Accepted,4,4,C,,"INATTENTION, NOT UNDER PROPER CONTROL, FAILED TO KEEP PROPER LANE",
33442815,0870000,MONTGOMERY CTY SHERIFF DEPT,Accepted,MONTGOMERY,KY0646,1525,KIDDVILLE,RD,,,,,,,,37.99680165,-83.96980786,10.223,6/15/2024,1559,1,1,0,1,CLEAR,DRY,FALSE,COLLISION WITH FIXED OBJECT NON - INTERSECTION - FIRST EVENT COLLISION 09 - 32 EXCLUDING 16,SINGLE VEHICLE,STRAIGHT & LEVEL,DAYLIGHT,,,45471.71209,FALSE,231,Accepted,5,2,A,,NOT UNDER PROPER CONTROL,
33442816,0870000,MONTGOMERY CTY SHERIFF DEPT,Accepted,MONTGOMERY,,2545,OLD OWINGSVILLE,RD,,,,,,,,38.0737133,-83.91202435,0.793,6/16/2024,1249,1,1,0,0,CLEAR,DRY,FALSE,COLLISION WITH FIXED OBJECT NON - INTERSECTION - FIRST EVENT COLLISION 09 - 32 EXCLUDING 16,SINGLE VEHICLE,STRAIGHT & LEVEL,DAYLIGHT,,,45471.7122,FALSE,275,Accepted,5,5,O,,"INATTENTION, NOT UNDER PROPER CONTROL",STEERING FAILURE
33443990,0870100,MT. STERLING POLICE DEPARTMENT,Accepted,MONTGOMERY,KY0713,,HIGH,ST,W,,WHITE,,,,,38.05762512,-83.95267096,5.976,6/27/2024,1013,2,2,0,0,CLEAR,DRY,FALSE,ANGLE COLLISION - OTHER,ANGLE,STRAIGHT & GRADE,DAYLIGHT,,,45472.03125,FALSE,128,Accepted,5,5,O,,INATTENTION,
33454110,0870000,MONTGOMERY CTY SHERIFF DEPT,Accepted,MONTGOMERY,KY0011,,LEVEE,RD,,,,,,,,38.03393637,-83.94999168,8.776,6/19/2024,1110,3,3,0,1,CLEAR,DRY,FALSE,1 VEHICLE ENTERING/LEAVING ENTRANCE,ANGLE,STRAIGHT & LEVEL,DAYLIGHT,,,45474.7374,FALSE,231,Accepted,5,4,C,,"FAILED TO KEEP PROPER LANE, INATTENTION, NOT UNDER PROPER CONTROL",
33454111,0870000,MONTGOMERY CTY SHERIFF DEPT,Accepted,MONTGOMERY,KY0011,,MAYSVILLE,RD,,US0460,PARIS,,,,,38.08817982,-83.94970202,10.011,6/21/2024,1751,2,2,0,0,CLEAR,DRY,FALSE,REAR END - ONE VEHICLE TURNING RIGHT,REAR END,STRAIGHT & GRADE,DAYLIGHT,,,45474.73749,FALSE,298,Accepted,5,5,O,,"DISTRACTION, INATTENTION, NOT UNDER PROPER CONTROL",
33454113,0870000,MONTGOMERY CTY SHERIFF DEPT,Accepted,MONTGOMERY,KY0213,4140,KY213,,S,,,,,,,37.9217308,-83.86358145,1.204,6/23/2024,2140,2,1,0,0,CLOUDY,WET,FALSE,COLLISION WITH BICYCLIST NON INTERSECTION,SINGLE VEHICLE,STRAIGHT & LEVEL,DUSK,,,45474.73759,FALSE,298,Accepted,5,5,O,,,
33454115,0870000,MONTGOMERY CTY SHERIFF DEPT,Accepted,MONTGOMERY,US0060,801,WINCHESTER,RD,,,,,,,,38.05351014,-83.96019478,4.107,6/24/2024,843,2,2,0,0,CLEAR,DRY,FALSE,OTHER ROADWAY OR MID-BLOCK COLLISION,REAR TO REAR,STRAIGHT & HILLCREST,DAYLIGHT,,,45474.73773,FALSE,275,Accepted,5,5,O,,"INATTENTION, NOT UNDER PROPER CONTROL",
33454119,0870000,MONTGOMERY CTY SHERIFF DEPT,Accepted,MONTGOMERY,US0060,,OWINGSVILLE,RD,,,,,,,,38.12246805,-83.87940793,11.402,6/26/2024,635,1,1,0,0,RAINING,WET,FALSE,RAN OFF ROADWAY (1 VEHICLE WITH/EARTH EMBANKMENT/DITCH),SINGLE VEHICLE,CURVE & GRADE,DAWN,,,45474.73789,FALSE,228,Accepted,5,5,O,"OTHER, SLIPPERY SURFACE",,
33454120,0870000,MONTGOMERY CTY SHERIFF DEPT,Accepted,MONTGOMERY,KY0713,5225,SPENCER,PIKE,,,,,,,,38.03115774,-83.86136715,11.488,6/17/2024,1905,2,2,0,0,CLEAR,DRY,FALSE,SIDESWIPE COLLISION - SAME DIRECTION,SIDESWIPE-SAME DIRECTION,STRAIGHT & LEVEL,DAYLIGHT,,,45474.73797,FALSE,238,Accepted,5,5,O,,"FAILED TO KEEP PROPER LANE, FAILED TO YIELD RIGHT OF WAY",
33454122,0870000,MONTGOMERY CTY SHERIFF DEPT,Accepted,MONTGOMERY,US0460,,MAIN,ST,,,,,,,,37.98203989,-83.8668044,16.488,6/26/2024,1353,2,2,0,0,CLEAR,DRY,FALSE,REAR END IN TRAFFIC LANES BOTH VEHICLES MOVING,REAR END,STRAIGHT & LEVEL,DAYLIGHT,,,45474.73807,FALSE,226,Accepted,5,5,O,,FAILED TO YIELD RIGHT OF WAY,
33454123,0870000,MONTGOMERY CTY SHERIFF DEPT,Accepted,MONTGOMERY,KY0213,,KY213,,,,,,,,,37.92329809,-83.861689,1.364,6/22/2024,1108,1,1,0,1,CLEAR,DRY,FALSE,RAN OFF ROADWAY (1 VEHICLE WITH/EARTH EMBANKMENT/DITCH),SINGLE VEHICLE,CURVE & LEVEL,DAYLIGHT,,,45474.73814,FALSE,226,Accepted,4,4,C,,NOT UNDER PROPER CONTROL,
33454124,0870000,MONTGOMERY CTY SHERIFF DEPT,Accepted,MONTGOMERY,KY0213,,KY213,,S,,,,,,,37.92021325,-83.86575569,1.048,6/27/2024,2238,1,1,0,0,CLEAR,DRY,FALSE,COLLISION WITH ANIMAL NON INTERSECTION,SINGLE VEHICLE,STRAIGHT & LEVEL,DARK-HWY NOT LIGHTED,,,45474.73821,FALSE,298,Accepted,5,5,O,ANIMALS ACTION,,
33454125,0870000,MONTGOMERY CTY SHERIFF DEPT,Accepted,MONTGOMERY,US0460,,MAIN,ST,,,GIBSON,,,,,37.9826014,-83.86826986,16.4,6/24/2024,1557,2,2,0,0,CLEAR,DRY,FALSE,REAR END - ONE VEHICLE TURNING LEFT,REAR END,STRAIGHT & LEVEL,DAYLIGHT,,,45474.73829,FALSE,275,Accepted,5,5,O,,,
33455998,0870100,MT. STERLING POLICE DEPARTMENT,Accepted,MONTGOMERY,,140,SKYVIEW,DR,,,,,,,,38.03978526,-83.93753978,0.117,6/29/2024,1200,2,2,0,0,CLEAR,DRY,FALSE,VEHICLE BACKING NON INTERSECTION,BACKING,STRAIGHT & LEVEL,DAYLIGHT,,,45475.22586,FALSE,120,Accepted,5,5,O,,"INATTENTION, EXCEEDED STATED SPEED LIMIT",
33460045,0870100,MT. STERLING POLICE DEPARTMENT,Accepted,MONTGOMERY,US0460,,MAYSVILLE,ST,N,,,,,,,38.06240627,-83.94420372,9.093,7/2/2024,1100,2,2,0,0,CLEAR,DRY,FALSE,REAR END IN TRAFFIC LANES BOTH VEHICLES MOVING,REAR END,STRAIGHT & LEVEL,DAYLIGHT,,,45475.90681,FALSE,137,Accepted,5,5,O,,INATTENTION,
33460047,0870100,MT. STERLING POLICE DEPARTMENT,Accepted,MONTGOMERY,,,COURT,ST,,,,,,,,38.05677662,-83.94238208,0.032,7/1/2024,1505,2,2,0,0,CLEAR,DRY,FALSE,1 VEHICLE PARKED POSITION (NOT PARKING LOT/DRIVEWAY),REAR END,STRAIGHT & LEVEL,DAYLIGHT,,,45475.9069,FALSE,139,Accepted,5,5,O,,EMOTIONAL,
33464186,0870000,MONTGOMERY CTY SHERIFF DEPT,Accepted,MONTGOMERY,KY0213,4755,KY213,,,,,,,,,37.92665257,-83.86340105,1.642,6/25/2024,1557,2,2,0,0,CLEAR,DRY,FALSE,SIDESWIPE COLLISION - OPPOSITE DIRECTION,SIDESWIPE-OPPOSITE DIRECTION,CURVE & LEVEL,DAYLIGHT,,,45476.76098,FALSE,275,Accepted,5,5,O,,"FAILED TO KEEP PROPER LANE, INATTENTION, NOT UNDER PROPER CONTROL",TIRE FAILURE
33464188,0870000,MONTGOMERY CTY SHERIFF DEPT,Accepted,MONTGOMERY,KY0713,12059,HOPE MEANS,RD,,,,,,,,37.98883045,-83.76764532,18.993,6/29/2024,1203,2,2,0,0,CLEAR,DRY,FALSE,1 VEHICLE ENTERING/LEAVING ENTRANCE,ANGLE,STRAIGHT & LEVEL,DAYLIGHT,,,45476.76109,FALSE,231,Accepted,5,5,O,,"FAILED TO YIELD RIGHT OF WAY, INATTENTION",
33464203,0870000,MONTGOMERY CTY SHERIFF DEPT,Accepted,MONTGOMERY,KY0011,,MAYSVILLE,RD,,,,,,,,38.1253962,-83.94967022,12.618,6/30/2024,2211,1,1,0,0,CLEAR,DRY,FALSE,COLLISION WITH ANIMAL NON INTERSECTION,SINGLE VEHICLE,STRAIGHT & LEVEL,DARK-HWY NOT LIGHTED,,,45476.7617,FALSE,255,Accepted,5,5,O,ANIMALS ACTION,,
33464233,0870000,MONTGOMERY CTY SHERIFF DEPT,Accepted,MONTGOMERY,KY0646,,WILLOUGHBY TOWN,RD,,KY0213,KY213,,,,,37.94375886,-83.86432499,0.01,7/2/2024,1749,1,1,0,0,CLEAR,DRY,FALSE,OTHER INTERSECTION COLLISIONS,SINGLE VEHICLE,CURVE & HILLCREST,DAYLIGHT,,,45476.76983,FALSE,298,Accepted,5,5,O,,,
33472109,0870100,MT. STERLING POLICE DEPARTMENT,Accepted,MONTGOMERY,KY0686,,INDIAN MOUND,DR,,US0460,CAMARGO,,,,,38.04213043,-83.93443883,3.505,7/4/2024,1156,2,2,0,0,CLOUDY,DRY,FALSE,ANGLE COLLISION - OTHER,ANGLE,STRAIGHT & LEVEL,DAYLIGHT,,,45478.82473,FALSE,128,Accepted,5,5,O,,INATTENTION,
33483434,0870100,MT. STERLING POLICE DEPARTMENT,Accepted,MONTGOMERY,KY0686,,INDIAN MOUND,DR,,US0060,WINCHESTER,,,,,38.05403226,-83.95646125,1.642,7/6/2024,1132,2,2,0,0,CLEAR,DRY,FALSE,OTHER INTERSECTION COLLISIONS,REAR END,STRAIGHT & LEVEL,DAYLIGHT,,,45481.84459,FALSE,120,Accepted,5,5,O,,NOT UNDER PROPER CONTROL,
33483436,0870100,MT. STERLING POLICE DEPARTMENT,Accepted,MONTGOMERY,US0460,,CAMARGO,RD,,KY0686,INDIAN MOUND,,,,,38.04220142,-83.93442715,10.681,7/6/2024,1155,2,2,0,0,CLEAR,DRY,FALSE,OTHER INTERSECTION COLLISIONS,REAR END,STRAIGHT & LEVEL,DAYLIGHT,,,45481.84469,FALSE,163,Accepted,5,5,O,,,"BRAKES DEFECTIVE, OTHER"
33483437,0870100,MT. STERLING POLICE DEPARTMENT,Accepted,MONTGOMERY,,,DARLEY,CRK,,,,,,,,38.05009655,-83.95306093,0.042,7/7/2024,735,1,1,0,0,CLEAR,DRY,FALSE,OTHER COLLISIONS ON SHOULDER,SINGLE VEHICLE,STRAIGHT & LEVEL,DAWN,,,45481.84473,FALSE,163,Accepted,5,5,O,ANIMALS ACTION,MISJUDGE CLEARANCE,
33484417,0870000,MONTGOMERY CTY SHERIFF DEPT,Accepted,MONTGOMERY,,,HIGHLAND,AVE,,,,,,,,38.07065957,-83.92133143,0.001,6/26/2024,1400,2,1,0,0,CLOUDY,DRY,FALSE,1 VEHICLE PARKED POSITION (NOT PARKING LOT/DRIVEWAY),SIDESWIPE-OPPOSITE DIRECTION,STRAIGHT & GRADE,DAYLIGHT,,,45482.12813,FALSE,232,Accepted,5,5,O,,MISJUDGE CLEARANCE,
33503273,0870100,MT. STERLING POLICE DEPARTMENT,Accepted,MONTGOMERY,KY0686,,INDIAN MOUND,DR,,US0460,CAMARGO,,,,,38.04192091,-83.9343746,3.505,7/11/2024,1031,2,2,0,0,CLEAR,DRY,FALSE,REAR END - ONE VEHICLE TURNING RIGHT,REAR END,STRAIGHT & LEVEL,DAYLIGHT,,,45485.95401,FALSE,120,Accepted,5,5,O,,INATTENTION,
33509850,0870100,MT. STERLING POLICE DEPARTMENT,Accepted,MONTGOMERY,US0460,,MAYSVILLE,ST,N,,,,,,,38.07550329,-83.94866794,8.186,7/14/2024,1251,2,2,0,0,CLEAR,DRY,FALSE,OTHER ROADWAY OR MID-BLOCK COLLISION,REAR END,STRAIGHT & LEVEL,DAYLIGHT,,,45488.21886,FALSE,156,Accepted,5,5,O,,INATTENTION,
33533170,0870000,MONTGOMERY CTY SHERIFF DEPT,Accepted,MONTGOMERY,,,SCIENCE RIDGE,RD,,,,,,,,37.98125682,-83.81364696,1.12,6/28/2024,1848,1,1,0,0,CLEAR,DRY,TRUE,COLLISION WITH FIXED OBJECT NON - INTERSECTION - FIRST EVENT COLLISION 09 - 32 EXCLUDING 16,SINGLE VEHICLE,STRAIGHT & LEVEL,DAYLIGHT,,,45490.73755,FALSE,248,Accepted,5,5,O,,"MISJUDGE CLEARANCE, NOT UNDER PROPER CONTROL",
33533187,0870000,MONTGOMERY CTY SHERIFF DEPT,Accepted,MONTGOMERY,US0060,,MAIN,ST,E,,,,,,,38.05647438,-83.94173041,5.147,7/2/2024,1438,2,2,0,0,CLEAR,DRY,FALSE,SIDESWIPE COLLISION - SAME DIRECTION,SIDESWIPE-SAME DIRECTION,STRAIGHT & LEVEL,DAYLIGHT,,,45490.73805,FALSE,226,Accepted,5,5,O,,FAILED TO YIELD RIGHT OF WAY,
33533188,0870000,MONTGOMERY CTY SHERIFF DEPT,Accepted,MONTGOMERY,,,CLAY LICK,RD,,,,,,,,37.97583913,-83.78132481,1.202,7/7/2024,1237,1,1,0,0,CLEAR,DRY,FALSE,RAN OFF ROADWAY (1 VEHICLE WITH/EARTH EMBANKMENT/DITCH),SINGLE VEHICLE,CURVE & LEVEL,DAYLIGHT,,,45490.73811,FALSE,226,Accepted,5,5,O,,NOT UNDER PROPER CONTROL,
33533201,0870000,MONTGOMERY CTY SHERIFF DEPT,Accepted,MONTGOMERY,KY0011,,LEVEE,RD,,,,,,,,37.94194033,-83.92885782,1.892,7/12/2024,309,1,1,0,0,CLEAR,DRY,FALSE,COLLISION WITH ANIMAL NON INTERSECTION,SINGLE VEHICLE,STRAIGHT & LEVEL,DARK (UNKNOWN ROADWAY LIGHTING),,,45490.73851,FALSE,298,Accepted,5,5,O,ANIMALS ACTION,,
33533204,0870000,MONTGOMERY CTY SHERIFF DEPT,Accepted,MONTGOMERY,,,ALEXA,DR,,,,,,,,38.06544411,-83.95383034,0.092,7/12/2024,1622,2,2,0,0,CLEAR,DRY,FALSE,VEHICLE BACKING NON INTERSECTION,BACKING,STRAIGHT & LEVEL,DAYLIGHT,,,45490.7387,FALSE,275,Accepted,5,5,O,,"IMPROPER BACKING, INATTENTION, NOT UNDER PROPER CONTROL",
33533209,0870000,MONTGOMERY CTY SHERIFF DEPT,Accepted,MONTGOMERY,KY0011,,LEVEE,RD,,,,,,,,37.96694783,-83.93925312,3.771,7/15/2024,1121,1,1,0,0,CLEAR,DRY,FALSE,RAN OFF ROADWAY (1 VEHICLE WITH/EARTH EMBANKMENT/DITCH),SINGLE VEHICLE,CURVE & LEVEL,DAYLIGHT,,,45490.73887,FALSE,226,Accepted,5,5,O,,NOT UNDER PROPER CONTROL,
33533213,0870000,MONTGOMERY CTY SHERIFF DEPT,Accepted,MONTGOMERY,,,TOWN BRANCH,RD,,,,,,,,38.01537711,-83.82267235,0.134,7/5/2024,1255,2,2,0,1,CLOUDY,WET,FALSE,HEAD-ON COLLISION,HEAD ON,STRAIGHT & GRADE,DAYLIGHT,,,45490.73905,FALSE,228,Accepted,5,3,B,,,
33551800,0870000,MONTGOMERY CTY SHERIFF DEPT,Accepted,MONTGOMERY,US0060,,WINCHESTER,RD,,,,,,,,38.05330034,-83.96187474,4.014,7/19/2024,1310,2,2,0,0,CLEAR,DRY,FALSE,REAR END IN TRAFFIC LANES BOTH VEHICLES MOVING,REAR END,STRAIGHT & GRADE,DAYLIGHT,,,45495.56493,FALSE,226,Accepted,5,5,O,,FAILED TO YIELD RIGHT OF WAY,
33551802,0870000,MONTGOMERY CTY SHERIFF DEPT,Accepted,MONTGOMERY,,,CAMARGO LEVEE,RD,,,,,,,,37.96914021,-83.88451083,1.389,7/20/2024,1029,1,1,0,0,CLOUDY,WET,FALSE,COLLISION WITH FIXED OBJECT NON - INTERSECTION - FIRST EVENT COLLISION 09 - 32 EXCLUDING 16,SINGLE VEHICLE,CURVE & LEVEL,DAYLIGHT,,,45495.56506,FALSE,226,Accepted,5,5,O,SLIPPERY SURFACE,"NOT UNDER PROPER CONTROL, TOO FAST FOR CONDITIONS",
33551806,0870000,MONTGOMERY CTY SHERIFF DEPT,Accepted,MONTGOMERY,US0060,,WINCHESTER,RD,,,PREWITT,,,,,38.04931077,-83.97731017,3.106,7/20/2024,1021,1,1,0,1,CLOUDY,DRY,FALSE,COLLISION WITH FIXED OBJECT IN INTERSECTION - FIRST EVENT COLLISION 09 - 32,SINGLE VEHICLE,STRAIGHT & LEVEL,DAYLIGHT,,,45495.56533,FALSE,228,Accepted,4,4,C,OTHER,,
33551807,0870000,MONTGOMERY CTY SHERIFF DEPT,Accepted,MONTGOMERY,KY0646,,NEST EGG,RD,,,,,,,,37.96804385,-83.94352917,4.967,7/21/2024,903,2,2,0,0,RAINING,WET,FALSE,1 VEHICLE ENTERING/LEAVING ENTRANCE,ANGLE,CURVE & LEVEL,DAYLIGHT,,,45495.56548,FALSE,228,Accepted,5,5,O,SLIPPERY SURFACE,,TIRES
33553974,0870100,MT. STERLING POLICE DEPARTMENT,Accepted,MONTGOMERY,,,SWISS STONE,WAY,,,,,,,,38.05336033,-83.94951887,0.082,7/20/2024,1440,1,1,0,0,CLEAR,DRY,FALSE,RAN OFF ROADWAY (1 VEHICLE WITH/EARTH EMBANKMENT/DITCH),SINGLE VEHICLE,STRAIGHT & LEVEL,DAYLIGHT,,,45496.00355,FALSE,156,Accepted,5,5,O,,"FAILED TO KEEP PROPER LANE, NOT UNDER PROPER CONTROL",OTHER