IncidentID,AgencyORI,AgencyName,IncidentStatusDesc,County,RdwyNumber,Street,RoadwayName,StreetSfx,StreetDir,IntersectionRdwy,IntersectionRdwyName,BetweenStRdwy1,BetweenStRdwyName1,BetweenStRdwy2,BetweenStRdwyName2,Latitude,Longitude,Milepoint,CollisionDate,CollisionTime,UnitsInvolved,MotorVehiclesInvolved,NumberKilled,NumberInjured,Weather,RdwyConditionCode,HitandRun,DirAnalysisCode,MannerofCollision,RdwyCharacter,LightCondition,RampFromRdwyId,RampToRdwyId,AcceptedDate,IsSecondaryCollision,OwnerBadge,IncidentStatus,InjurySeverityCde,KABCO Code,KABCO,Environmental_Factors,Human_Factors,Vehicular_Factors
33553976,0870100,MT. STERLING POLICE DEPARTMENT,Accepted,MONTGOMERY,US0460,,MAYSVILLE,RD,,,SILVER LAKE,,,,,38.08131293,-83.94965623,7.768,7/21/2024,1025,2,2,0,0,CLOUDY,WET,FALSE,ANGLE COLLISION - OTHER,ANGLE,STRAIGHT & GRADE,DAYLIGHT,,,45496.00368,FALSE,128,Accepted,5,5,O,,INATTENTION,
33553978,0870100,MT. STERLING POLICE DEPARTMENT,Accepted,MONTGOMERY,US0460,,MAYSVILLE,ST,N,KY0686,INDIAN MOUND,,,,,38.07396838,-83.94804393,8.27,7/20/2024,1642,2,2,0,0,CLEAR,DRY,FALSE,ANGLE COLLISION - ONE VEHICLE TURNING LEFT,ANGLE,STRAIGHT & LEVEL,DAYLIGHT,,,45496.00376,FALSE,154,Accepted,5,5,O,,INATTENTION,
33570213,KSP0800,"KY STATE POLICE, POST 08",Accepted,MONTGOMERY,,,PILOT KNOB,RD,,,,,,,,37.92663944,-83.92764855,0.667,7/24/2024,1351,2,2,0,0,CLEAR,DRY,FALSE,1 VEHICLE PARKED POSITION (NOT PARKING LOT/DRIVEWAY),BACKING,STRAIGHT & LEVEL,DAYLIGHT,,,45499.45104,FALSE,743,Accepted,5,5,O,,MISJUDGE CLEARANCE,
33574164,0870100,MT. STERLING POLICE DEPARTMENT,Accepted,MONTGOMERY,KY0686,,INDIAN MOUND,DR,,,,,,,,38.07333038,-83.95121416,0.165,7/25/2024,2001,2,1,0,1,CLEAR,DRY,FALSE,COLLISION WITH PEDESTRIAN NON - INTERSECTION,SINGLE VEHICLE,STRAIGHT & HILLCREST,DAYLIGHT,,,45500.59612,FALSE,160,Accepted,5,3,B,,,
33574861,0870100,MT. STERLING POLICE DEPARTMENT,Accepted,MONTGOMERY,KY0686,,INDIAN MOUND,DR,,,,,,,,38.04095957,-83.94114387,3.121,7/27/2024,1207,2,2,0,0,CLEAR,DRY,FALSE,SIDESWIPE COLLISION - SAME DIRECTION,SIDESWIPE-SAME DIRECTION,STRAIGHT & LEVEL,DAYLIGHT,,,45500.78537,FALSE,120,Accepted,5,5,O,,INATTENTION,
33582378,0870000,MONTGOMERY CTY SHERIFF DEPT,Accepted,MONTGOMERY,US0060,,OWINGSVILLE,RD,,,,,,,,38.08846895,-83.89847687,8.657,7/22/2024,653,3,3,0,0,RAINING,WET,FALSE,OTHER ROADWAY OR MID-BLOCK COLLISION,REAR END,STRAIGHT & LEVEL,DAYLIGHT,,,45502.71942,FALSE,231,Accepted,5,5,O,SLIPPERY SURFACE,"INATTENTION, TOO FAST FOR CONDITIONS",
33582849,0870100,MT. STERLING POLICE DEPARTMENT,Accepted,MONTGOMERY,US0060,,MAIN,ST,E,,WILSON,,,,,38.05674105,-83.9406996,5.206,7/29/2024,1208,2,2,0,0,CLEAR,DRY,FALSE,ANGLE COLLISION - ONE VEHICLE TURNING RIGHT,ANGLE,STRAIGHT & LEVEL,DAYLIGHT,,,45502.79912,FALSE,120,Accepted,5,5,O,,"INATTENTION, TURNING IMPROPERLY",
33587315,0870000,MONTGOMERY CTY SHERIFF DEPT,Accepted,MONTGOMERY,KY0686,,INDIAN MOUND,DR,,,,,,,,38.05361691,-83.95621853,1.659,7/16/2024,1210,2,2,0,1,CLEAR,DRY,FALSE,REAR END IN TRAFFIC LANES BOTH VEHICLES MOVING,REAR END,STRAIGHT & LEVEL,DAYLIGHT,,,45503.74175,FALSE,226,Accepted,5,4,C,,FAILED TO YIELD RIGHT OF WAY,
33587326,0870000,MONTGOMERY CTY SHERIFF DEPT,Accepted,MONTGOMERY,,1319,MCCROSKEY,WAY,,,,,,,,38.03507996,-83.97202997,0.056,7/27/2024,1024,2,2,0,0,CLEAR,DRY,FALSE,1 VEHICLE PARKED POSITION (NOT PARKING LOT/DRIVEWAY),BACKING,STRAIGHT & LEVEL,DAYLIGHT,,,45503.74212,FALSE,231,Accepted,5,5,O,,INATTENTION,
33587329,0870000,MONTGOMERY CTY SHERIFF DEPT,Accepted,MONTGOMERY,KY0011,7200,LEVEE,RD,,,,,,,,37.9580791,-83.93886586,3.152,7/28/2024,659,1,1,0,0,CLEAR,DRY,FALSE,COLLISION WITH ANIMAL NON INTERSECTION,SINGLE VEHICLE,STRAIGHT & LEVEL,DAYLIGHT,,,45503.74226,FALSE,275,Accepted,5,5,O,ANIMALS ACTION,,
33587331,0870000,MONTGOMERY CTY SHERIFF DEPT,Accepted,MONTGOMERY,US0460,,PARIS,RD,,,,,,,,38.12326847,-84.06101525,0.491,2/3/2024,706,1,1,0,0,CLEAR,DRY,FALSE,COLLISION WITH ANIMAL NON INTERSECTION,SINGLE VEHICLE,STRAIGHT & LEVEL,DAYLIGHT,,,45503.7424,FALSE,275,Accepted,5,5,O,ANIMALS ACTION,,
33587332,0870000,MONTGOMERY CTY SHERIFF DEPT,Accepted,MONTGOMERY,,,FOGG PIKE CONN,,,KY0686,INDIAN MOUND,,,,,38.04195577,-83.95081747,0.003,7/28/2024,1256,2,2,0,0,CLOUDY,DRY,FALSE,ANGLE COLLISION - OTHER,ANGLE,STRAIGHT & LEVEL,DAYLIGHT,,,45503.7425,FALSE,275,Accepted,5,5,O,,"FAILED TO YIELD RIGHT OF WAY, INATTENTION, NOT UNDER PROPER CONTROL",
33587333,0870000,MONTGOMERY CTY SHERIFF DEPT,Accepted,MONTGOMERY,,30,LARISON,RD,,,,,,,,37.95109987,-83.95273314,0.087,7/25/2024,1156,2,2,0,0,CLEAR,MUD-DIRT,FALSE,VEHICLE BACKING NON INTERSECTION,BACKING,STRAIGHT & LEVEL,DAYLIGHT,,,45503.74257,FALSE,228,Accepted,5,5,O,OTHER,,
33588538,0870100,MT. STERLING POLICE DEPARTMENT,Accepted,MONTGOMERY,,,LOCUST,ST,W,US0460,BANK,,,,,38.05496631,-83.94286958,0.235,7/28/2024,2223,2,2,0,0,CLEAR,DRY,FALSE,ANGLE COLLISION - OTHER,ANGLE,STRAIGHT & LEVEL,DARK-HWY LIGHTED/ON,,,45504.054,FALSE,163,Accepted,5,5,O,,INATTENTION,
33588540,0870100,MT. STERLING POLICE DEPARTMENT,Accepted,MONTGOMERY,,,HIGH,ST,E,,WILLOW,,,,,38.05889984,-83.93691472,0.318,7/28/2024,2324,1,1,0,0,CLEAR,DRY,TRUE,COLLISION WITH FIXED OBJECT IN INTERSECTION - FIRST EVENT COLLISION 09 - 32,SINGLE VEHICLE,STRAIGHT & LEVEL,UNKNOWN,,,45504.05405,FALSE,162,Accepted,5,5,O,,"ALCOHOL INVOLVEMENT, INATTENTION",
33588541,0870100,MT. STERLING POLICE DEPARTMENT,Accepted,MONTGOMERY,US0060,207,MAIN,ST,E,,,,,,,38.05624181,-83.94224594,5.139,7/10/2024,1717,2,2,0,0,CLEAR,DRY,FALSE,REAR END IN TRAFFIC LANES BOTH VEHICLES MOVING,REAR END,STRAIGHT & LEVEL,DAYLIGHT,,,45504.0541,FALSE,162,Accepted,5,5,O,,"FAILED TO YIELD RIGHT OF WAY, INATTENTION",
33593893,0870000,MONTGOMERY CTY SHERIFF DEPT,Accepted,MONTGOMERY,US0060,,WINCHESTER,RD,,,,,,,,38.05312831,-83.96341353,3.902,7/16/2024,1750,2,2,0,0,RAINING,WET,FALSE,REAR END IN TRAFFIC LANES BOTH VEHICLES MOVING,REAR END,STRAIGHT & HILLCREST,OTHER,,,45505.3191,FALSE,284,Accepted,5,5,O,,INATTENTION,
33593894,0870000,MONTGOMERY CTY SHERIFF DEPT,Accepted,MONTGOMERY,,,MIDLAND,TRL,,,,,,,,38.07434862,-83.91837736,0.029,7/29/2024,2050,2,2,0,3,CLEAR,DRY,FALSE,1 VEHICLE ENTERING/LEAVING ENTRANCE,ANGLE,CURVE & LEVEL,DUSK,,,45505.31917,FALSE,284,Accepted,3,3,B,,INATTENTION,
33593896,0870000,MONTGOMERY CTY SHERIFF DEPT,Accepted,MONTGOMERY,KY0011,,LEVEE,RD,,,,,,,,37.94840871,-83.93339996,2.404,7/29/2024,1305,1,1,0,0,CLOUDY,WET,FALSE,RAN OFF ROADWAY (1 VEHICLE WITH/EARTH EMBANKMENT/DITCH),SINGLE VEHICLE,CURVE & LEVEL,DAYLIGHT,,,45505.31927,FALSE,228,Accepted,5,5,O,SLIPPERY SURFACE,,
33594097,0870000,MONTGOMERY CTY SHERIFF DEPT,Accepted,MONTGOMERY,,,FOGG,PIKE,,,,,,,,38.04115812,-83.95052685,0.148,7/30/2024,1835,2,2,0,0,CLEAR,DRY,FALSE,1 VEHICLE ENTERING/LEAVING ENTRANCE,ANGLE,STRAIGHT & LEVEL,DAYLIGHT,,,45505.34195,FALSE,284,Accepted,5,5,O,,ALCOHOL INVOLVEMENT,
33594098,0870000,MONTGOMERY CTY SHERIFF DEPT,Accepted,MONTGOMERY,,,MCCORMICK,RD,,,,,,,,37.99759494,-83.88687341,0.245,7/31/2024,2020,2,2,0,0,RAINING,WET,FALSE,1 VEHICLE ENTERING/LEAVING ENTRANCE,ANGLE,CURVE & LEVEL,DUSK,,,45505.34201,FALSE,255,Accepted,5,5,O,SLIPPERY SURFACE,,
33596887,0870100,MT. STERLING POLICE DEPARTMENT,Accepted,MONTGOMERY,US0060,,MAIN,ST,W,,,,,,,38.05614476,-83.94328143,5.057,7/31/2024,828,2,2,0,1,CLOUDY,DRY,FALSE,HEAD-ON COLLISION,HEAD ON,STRAIGHT & LEVEL,DAYLIGHT,,,45505.88237,FALSE,156,Accepted,5,4,C,,"FAILED TO KEEP PROPER LANE, MEDICATION",
33596889,0870100,MT. STERLING POLICE DEPARTMENT,Accepted,MONTGOMERY,US0460,,MAYSVILLE,ST,N,KY1991,HINKSTON,,,,,38.06540907,-83.94516161,8.917,7/8/2024,1633,2,2,0,0,CLEAR,DRY,FALSE,ANGLE COLLISION - OTHER,ANGLE,STRAIGHT & GRADE,DAYLIGHT,,,45505.88244,FALSE,108,Accepted,5,5,O,,"FAILED TO YIELD RIGHT OF WAY, FATIGUE",
33605449,0870100,MT. STERLING POLICE DEPARTMENT,Accepted,MONTGOMERY,US0460,,MAYSVILLE,ST,N,,,,,,,38.07411576,-83.94818033,8.279,8/1/2024,950,2,2,0,0,CLEAR,DRY,FALSE,OTHER ROADWAY OR MID-BLOCK COLLISION,REAR END,STRAIGHT & LEVEL,DAYLIGHT,,,45508.60006,FALSE,156,Accepted,5,5,O,,INATTENTION,
33605450,0870100,MT. STERLING POLICE DEPARTMENT,Accepted,MONTGOMERY,,,SPRING,ST,,,MADISON,,,,,38.05140473,-83.95383673,0.153,8/2/2024,2025,1,1,0,1,RAINING,WET,FALSE,COLLISION WITH FIXED OBJECT IN INTERSECTION - FIRST EVENT COLLISION 09 - 32,SINGLE VEHICLE,STRAIGHT & LEVEL,DUSK,,,45508.60011,FALSE,129,Accepted,5,4,C,SLIPPERY SURFACE,NOT UNDER PROPER CONTROL,
33611627,0870100,MT. STERLING POLICE DEPARTMENT,Accepted,MONTGOMERY,KY0686,892,INDIAN MOUND,DR,,,,,,,,38.05987657,-83.95556809,1.242,8/2/2024,1528,2,2,0,0,CLEAR,DRY,FALSE,1 VEHICLE ENTERING/LEAVING ENTRANCE,ANGLE,STRAIGHT & LEVEL,DAYLIGHT,,,45509.99152,FALSE,162,Accepted,5,5,O,,INATTENTION,
33632662,0870100,MT. STERLING POLICE DEPARTMENT,Accepted,MONTGOMERY,,,REESE,WAY,,,,,,,,38.06732489,-83.95507176,0.019,8/7/2024,1718,2,2,0,0,CLEAR,DRY,FALSE,OTHER ROADWAY OR MID-BLOCK COLLISION,REAR END,STRAIGHT & LEVEL,DAYLIGHT,,,45514.93493,FALSE,163,Accepted,5,5,O,,MISJUDGE CLEARANCE,
33636789,0870000,MONTGOMERY CTY SHERIFF DEPT,Accepted,MONTGOMERY,US0460,,CAMARGO,RD,,,,,,,,38.04603901,-83.93567624,10.403,8/3/2024,921,1,1,0,0,CLOUDY,DRY,FALSE,RAN OFF ROADWAY (1 VEHICLE WITH/EARTH EMBANKMENT/DITCH),SINGLE VEHICLE,CURVE & GRADE,DAYLIGHT,,,45516.30623,FALSE,226,Accepted,5,5,O,,NOT UNDER PROPER CONTROL,
33636791,0870000,MONTGOMERY CTY SHERIFF DEPT,Accepted,MONTGOMERY,KY0646,148,KIDDVILLE,RD,,,,,,,,38.00973354,-83.94930955,11.671,8/2/2024,1135,1,1,0,0,CLOUDY,WET,FALSE,COLLISION WITH FIXED OBJECT NON - INTERSECTION - FIRST EVENT COLLISION 09 - 32 EXCLUDING 16,SINGLE VEHICLE,STRAIGHT & GRADE,DAYLIGHT,,,45516.30632,FALSE,228,Accepted,5,5,O,,,
33636793,0870000,MONTGOMERY CTY SHERIFF DEPT,Accepted,MONTGOMERY,KY0213,,KY213,,,,,,,,,37.91748554,-83.86856992,0.802,8/4/2024,744,1,1,0,0,CLOUDY,DRY,FALSE,RAN OFF ROADWAY (1 VEHICLE WITH/EARTH EMBANKMENT/DITCH),SINGLE VEHICLE,STRAIGHT & GRADE,DAYLIGHT,,,45516.30639,FALSE,228,Accepted,5,5,O,,,
33636942,0870000,MONTGOMERY CTY SHERIFF DEPT,Accepted,MONTGOMERY,,,MIDLAND,TRL,,,,,,,,38.07671257,-83.91956345,0.143,8/6/2024,1156,2,2,0,0,CLEAR,DRY,FALSE,1 VEHICLE ENTERING/LEAVING ENTRANCE,ANGLE,STRAIGHT & LEVEL,DAYLIGHT,,,45516.32924,FALSE,275,Accepted,5,5,O,,"FAILED TO YIELD RIGHT OF WAY, INATTENTION, NOT UNDER PROPER CONTROL",
33636948,0870000,MONTGOMERY CTY SHERIFF DEPT,Accepted,MONTGOMERY,,,ASHGROVE,DR,,,,,,,,38.0453318,-83.95328778,0.172,8/5/2024,1851,2,2,0,0,CLEAR,DRY,FALSE,1 VEHICLE PARKED POSITION (NOT PARKING LOT/DRIVEWAY),BACKING,STRAIGHT & LEVEL,DAYLIGHT,,,45516.32947,FALSE,248,Accepted,5,5,O,,ALCOHOL INVOLVEMENT,
33636951,0870000,MONTGOMERY CTY SHERIFF DEPT,Accepted,MONTGOMERY,KY0686,,INDIAN MOUND,DR,,,FOXGLOVE,,,,,38.06554066,-83.95551587,0.849,8/9/2024,1232,3,3,0,1,CLEAR,DRY,FALSE,ANGLE COLLISION - OTHER,ANGLE,STRAIGHT & LEVEL,DAYLIGHT,,,45516.32954,FALSE,275,Accepted,3,3,B,,"DISREGARD TRAFFIC CONTROL, INATTENTION, NOT UNDER PROPER CONTROL",
33636955,0870000,MONTGOMERY CTY SHERIFF DEPT,Accepted,MONTGOMERY,,100,CLARENCE,DR,,,,,,,,38.09251796,-83.89933704,0.092,8/9/2024,1015,2,2,0,0,CLEAR,DRY,FALSE,OTHER ROADWAY OR MID-BLOCK COLLISION,OPPOSING LEFT TURN,STRAIGHT & LEVEL,DAYLIGHT,,,45516.32962,FALSE,231,Accepted,5,5,O,,FAILED TO YIELD RIGHT OF WAY,
33636959,0870000,MONTGOMERY CTY SHERIFF DEPT,Accepted,MONTGOMERY,US0060,3387,WINCHESTER,RD,,,,,,,,38.03792791,-84.00888526,1.093,8/10/2024,1330,1,1,0,2,CLEAR,DRY,FALSE,OTHER COLLISIONS ON SHOULDER,SINGLE VEHICLE,STRAIGHT & LEVEL,DAYLIGHT,,,45516.32973,FALSE,231,Accepted,5,2,A,,"DRUG INVOLVEMENT, LOST CONSCIOUSNESS/FAINTED, NOT UNDER PROPER CONTROL",
33636960,0870000,MONTGOMERY CTY SHERIFF DEPT,Accepted,MONTGOMERY,US0060,2524,WINCHESTER,RD,,,,,,,,38.04672313,-83.98289731,2.757,8/10/2024,1619,2,2,0,1,CLEAR,DRY,FALSE,OTHER COLLISIONS ON SHOULDER,ANGLE,STRAIGHT & LEVEL,DAYLIGHT,,,45516.32981,FALSE,231,Accepted,5,4,C,,"FAILED TO KEEP PROPER LANE, LOST CONSCIOUSNESS/FAINTED, NOT UNDER PROPER CONTROL",
33643722,0870000,MONTGOMERY CTY SHERIFF DEPT,Accepted,MONTGOMERY,KY0213,,KY213,,,,,,,,,37.92697945,-83.86363711,1.668,8/8/2024,642,2,2,0,0,CLOUDY,DRY,FALSE,SIDESWIPE COLLISION - OPPOSITE DIRECTION,SIDESWIPE-OPPOSITE DIRECTION,CURVE & LEVEL,DAWN,,,45517.58928,FALSE,228,Accepted,5,5,O,,,
33643726,0870000,MONTGOMERY CTY SHERIFF DEPT,Accepted,MONTGOMERY,US0060,,OWINGSVILLE,RD,,,,,,,,38.08589418,-83.89971099,8.472,8/8/2024,224,1,1,0,0,CLEAR,DRY,TRUE,1 VEHICLE PARKED POSITION (NOT PARKING LOT/DRIVEWAY),SINGLE VEHICLE,STRAIGHT & LEVEL,DARK-HWY LIGHTED/ON,,,45517.58942,FALSE,284,Accepted,5,5,O,,,
33649919,0870100,MT. STERLING POLICE DEPARTMENT,Accepted,MONTGOMERY,KY0686,,INDIAN MOUND,DR,,,,,,,,38.0515219,-83.95633843,1.814,8/12/2024,2106,2,2,0,0,CLEAR,DRY,FALSE,1 VEHICLE ENTERING/LEAVING ENTRANCE,ANGLE,STRAIGHT & LEVEL,DARK-HWY LIGHTED/ON,,,45518.74246,FALSE,159,Accepted,5,5,O,,FAILED TO YIELD RIGHT OF WAY,
33649922,0870100,MT. STERLING POLICE DEPARTMENT,Accepted,MONTGOMERY,US0460,611,MAYSVILLE,ST,N,,,,,,,38.07019351,-83.94669022,8.58,8/13/2024,2013,2,2,0,0,CLEAR,DRY,FALSE,1 VEHICLE PARKED POSITION (NOT PARKING LOT/DRIVEWAY),BACKING,STRAIGHT & LEVEL,DUSK,,,45518.74251,FALSE,159,Accepted,5,5,O,,MISJUDGE CLEARANCE,
33662996,0870100,MT. STERLING POLICE DEPARTMENT,Accepted,MONTGOMERY,US0460,,MAYSVILLE,RD,,,,,,,,38.07969181,-83.94970959,7.894,8/17/2024,838,2,2,0,0,CLEAR,DRY,FALSE,SIDESWIPE COLLISION - SAME DIRECTION,SIDESWIPE-SAME DIRECTION,STRAIGHT & LEVEL,DAYLIGHT,,,45521.98425,FALSE,166,Accepted,5,5,O,,INATTENTION,
33670046,0870100,MT. STERLING POLICE DEPARTMENT,Accepted,MONTGOMERY,KY0686,,INDIAN MOUND,DR,,,,,,,,38.06727099,-83.95545304,0.736,7/18/2024,2209,2,2,0,0,CLEAR,DRY,FALSE,SIDESWIPE COLLISION - SAME DIRECTION,SIDESWIPE-SAME DIRECTION,STRAIGHT & LEVEL,DARK-HWY LIGHTED/ON,,,45523.74323,FALSE,162,Accepted,5,5,O,,INATTENTION,
33670056,0870100,MT. STERLING POLICE DEPARTMENT,Accepted,MONTGOMERY,US0460,,MAYSVILLE,RD,,,STONE TRACE,,,,,38.08025918,-83.94964136,7.865,8/14/2024,1610,2,2,0,1,CLEAR,DRY,FALSE,ANGLE COLLISION - OTHER,ANGLE,STRAIGHT & GRADE,DAYLIGHT,,,45523.74347,FALSE,163,Accepted,5,3,B,,"INATTENTION, MISJUDGE CLEARANCE",
33670057,0870100,MT. STERLING POLICE DEPARTMENT,Accepted,MONTGOMERY,US0460,,MAYSVILLE,ST,N,,,,,,,38.07016365,-83.94676433,8.581,8/15/2024,1823,2,2,0,0,CLEAR,DRY,FALSE,REAR END IN TRAFFIC LANES BOTH VEHICLES MOVING,REAR END,STRAIGHT & LEVEL,DAYLIGHT,,,45523.74352,FALSE,163,Accepted,5,5,O,,MISJUDGE CLEARANCE,
33674578,0870100,MT. STERLING POLICE DEPARTMENT,Accepted,MONTGOMERY,,,HAWK,LN,,,,,,,,38.06540828,-83.93220558,0.131,8/20/2024,1305,2,2,0,0,CLEAR,DRY,FALSE,1 VEHICLE PARKED POSITION (NOT PARKING LOT/DRIVEWAY),BACKING,STRAIGHT & LEVEL,DAYLIGHT,,,45524.69963,FALSE,157,Accepted,5,5,O,,INATTENTION,
33683468,0870000,MONTGOMERY CTY SHERIFF DEPT,Accepted,MONTGOMERY,KY0213,,KY213,,,,,,,,,37.9085943,-83.871129,0.165,8/13/2024,617,1,1,0,0,CLOUDY,DRY,FALSE,COLLISION WITH ANIMAL NON INTERSECTION,SINGLE VEHICLE,STRAIGHT & HILLCREST,DAWN,,,45526.61944,FALSE,228,Accepted,5,5,O,ANIMALS ACTION,,
33683469,0870000,MONTGOMERY CTY SHERIFF DEPT,Accepted,MONTGOMERY,US0460,,MAIN,ST,,,,,,,,37.97230132,-83.83848807,18.146,8/13/2024,1355,2,2,0,0,CLEAR,DRY,FALSE,SIDESWIPE COLLISION - SAME DIRECTION,SIDESWIPE-SAME DIRECTION,STRAIGHT & LEVEL,DAYLIGHT,,,45526.61952,FALSE,228,Accepted,5,5,O,,,
33683474,0870000,MONTGOMERY CTY SHERIFF DEPT,Accepted,MONTGOMERY,KY0646,,NEST EGG,RD,,,,,,,,37.96935675,-83.94016793,4.764,8/13/2024,1549,2,2,0,0,CLEAR,DRY,FALSE,SIDESWIPE COLLISION - OPPOSITE DIRECTION,SIDESWIPE-OPPOSITE DIRECTION,STRAIGHT & LEVEL,DAYLIGHT,,,45526.61976,FALSE,226,Accepted,5,5,O,,,
33683481,0870000,MONTGOMERY CTY SHERIFF DEPT,Accepted,MONTGOMERY,KY0011,9010,LEVEE,RD,,,,,,,,37.9362144,-83.92473946,1.416,8/10/2024,49,1,1,1,0,CLEAR,DRY,FALSE,OTHER COLLISIONS ON SHOULDER,SINGLE VEHICLE,STRAIGHT & LEVEL,DARK-HWY NOT LIGHTED,,,45526.62011,FALSE,249,Accepted,5,1,K,,NOT UNDER PROPER CONTROL,
33683482,0870000,MONTGOMERY CTY SHERIFF DEPT,Accepted,MONTGOMERY,KY0713,,HOPE MEANS,RD,,,,,,,,38.00968784,-83.77283997,17.51,8/11/2024,2136,1,1,0,1,CLEAR,DRY,FALSE,RAN OFF ROADWAY (1 VEHICLE WITH/EARTH EMBANKMENT/DITCH),SINGLE VEHICLE,STRAIGHT & LEVEL,DARK-HWY NOT LIGHTED,,,45526.62019,FALSE,255,Accepted,5,2,A,,,"OTHER, TIRE FAILURE"
33683488,0870000,MONTGOMERY CTY SHERIFF DEPT,Accepted,MONTGOMERY,,,REFFITT,RD,,,,,,,,37.99928747,-83.82584841,0.608,8/16/2024,652,2,2,0,0,RAINING,WET,FALSE,SIDESWIPE COLLISION - OPPOSITE DIRECTION,SIDESWIPE-OPPOSITE DIRECTION,STRAIGHT & LEVEL,DAYLIGHT,,,45526.62045,FALSE,226,Accepted,5,5,O,,,
33683489,0870000,MONTGOMERY CTY SHERIFF DEPT,Accepted,MONTGOMERY,US0460,,CAMARGO,RD,,,,,,,,38.01320119,-83.90821023,13.213,8/16/2024,757,1,1,0,0,RAINING,WET,FALSE,COLLISION WITH FIXED OBJECT NON - INTERSECTION - FIRST EVENT COLLISION 09 - 32 EXCLUDING 16,SINGLE VEHICLE,STRAIGHT & GRADE,DAYLIGHT,,,45526.62052,FALSE,228,Accepted,5,5,O,SLIPPERY SURFACE,,
33683509,0870000,MONTGOMERY CTY SHERIFF DEPT,Accepted,MONTGOMERY,US0060,1876,OWINGSVILLE,RD,,,,,,,,38.07165539,-83.92616861,6.705,8/14/2024,1643,2,2,0,0,CLEAR,DRY,FALSE,1 VEHICLE PARKED POSITION (NOT PARKING LOT/DRIVEWAY),BACKING,STRAIGHT & LEVEL,DAYLIGHT,,,45526.62123,FALSE,238,Accepted,5,5,O,,MISJUDGE CLEARANCE,
33683515,0870000,MONTGOMERY CTY SHERIFF DEPT,Accepted,MONTGOMERY,KY0713,,SPENCER,PIKE,,,,,,,,38.03234267,-83.88019722,10.396,8/20/2024,634,1,1,0,1,CLEAR,DRY,FALSE,OTHER COLLISIONS ON SHOULDER,SINGLE VEHICLE,STRAIGHT & HILLCREST,DAYLIGHT,,,45526.62133,FALSE,275,Accepted,5,4,C,,OTHER,
33686029,0870100,MT. STERLING POLICE DEPARTMENT,Accepted,MONTGOMERY,,,WALMART,DR,,,,,,,,38.06873641,-83.95585279,0.096,7/28/2024,1245,2,2,0,0,CLEAR,DRY,TRUE,1 VEHICLE PARKED POSITION (NOT PARKING LOT/DRIVEWAY),SIDESWIPE-SAME DIRECTION,STRAIGHT & LEVEL,DAYLIGHT,,,45527.22642,FALSE,149,Accepted,5,5,O,,INATTENTION,
33694034,0870000,MONTGOMERY CTY SHERIFF DEPT,Accepted,MONTGOMERY,KY0537,,BUNKER HILL,RD,,,,,,,,38.12973945,-83.95966198,4.12,8/18/2024,1802,2,2,0,0,CLEAR,DRY,TRUE,1 VEHICLE ENTERING/LEAVING ENTRANCE,ANGLE,,DAYLIGHT,,,45529.62347,FALSE,284,Accepted,5,5,O,,,
33694035,0870000,MONTGOMERY CTY SHERIFF DEPT,Accepted,MONTGOMERY,US0060,,OWINGSVILLE,RD,,,,,,,,38.08083407,-83.90485772,8.019,8/14/2024,737,2,2,0,0,CLEAR,DRY,FALSE,REAR END IN TRAFFIC LANES BOTH VEHICLES MOVING,REAR END,STRAIGHT & LEVEL,DAYLIGHT,,,45529.62357,FALSE,275,Accepted,5,5,O,,"INATTENTION, NOT UNDER PROPER CONTROL",
33694036,0870000,MONTGOMERY CTY SHERIFF DEPT,Accepted,MONTGOMERY,,162,PAMELA,DR,,,,,,,,38.08289002,-83.92616959,0.099,8/19/2024,1321,1,1,0,0,CLEAR,DRY,FALSE,COLLISION WITH FIXED OBJECT NON - INTERSECTION - FIRST EVENT COLLISION 09 - 32 EXCLUDING 16,SINGLE VEHICLE,STRAIGHT & LEVEL,DAYLIGHT,,,45529.62364,FALSE,231,Accepted,5,5,O,,"ALCOHOL INVOLVEMENT, DRUG INVOLVEMENT, NOT UNDER PROPER CONTROL",
33705654,0870100,MT. STERLING POLICE DEPARTMENT,Accepted,MONTGOMERY,US0460,,MAYSVILLE,ST,N,,,,,,,38.07268723,-83.94780051,8.394,8/27/2024,1217,2,2,0,0,CLEAR,DRY,FALSE,1 VEHICLE ENTERING/LEAVING ENTRANCE,ANGLE,STRAIGHT & LEVEL,DAYLIGHT,,,45532.10925,FALSE,167,Accepted,5,5,O,,INATTENTION,
33710009,0870100,MT. STERLING POLICE DEPARTMENT,Accepted,MONTGOMERY,,,NORTHVIEW,DR,,,EVANS,,,,,38.07543705,-83.9491497,0.046,8/28/2024,1821,2,2,0,0,CLEAR,DRY,FALSE,OPPOSITE DIRECTION - BOTH VEHICLES GOING STRAIGHT AHEAD,SIDESWIPE-OPPOSITE DIRECTION,STRAIGHT & LEVEL,DAYLIGHT,,,45533.07604,FALSE,166,Accepted,5,5,O,,,
33710014,0870100,MT. STERLING POLICE DEPARTMENT,Accepted,MONTGOMERY,US0460,,MAYSVILLE,RD,,,,,,,,38.07688252,-83.94932058,8.101,7/30/2024,1741,2,2,0,0,CLEAR,DRY,FALSE,1 VEHICLE ENTERING/LEAVING ENTRANCE,ANGLE,STRAIGHT & LEVEL,DAYLIGHT,,,45533.07617,FALSE,155,Accepted,5,5,O,,DISREGARD TRAFFIC CONTROL,