IncidentID,AgencyORI,AgencyName,IncidentStatusDesc,County,RdwyNumber,Street,RoadwayName,StreetSfx,StreetDir,IntersectionRdwy,IntersectionRdwyName,BetweenStRdwy1,BetweenStRdwyName1,BetweenStRdwy2,BetweenStRdwyName2,Latitude,Longitude,Milepoint,CollisionDate,CollisionTime,UnitsInvolved,MotorVehiclesInvolved,NumberKilled,NumberInjured,Weather,RdwyConditionCode,HitandRun,DirAnalysisCode,MannerofCollision,RdwyCharacter,LightCondition,RampFromRdwyId,RampToRdwyId,AcceptedDate,IsSecondaryCollision,OwnerBadge,IncidentStatus,InjurySeverityCde,KABCO Code,KABCO,Environmental_Factors,Human_Factors,Vehicular_Factors
33710016,0870100,MT. STERLING POLICE DEPARTMENT,Accepted,MONTGOMERY,US0460,,CAMARGO,RD,,KY0686,INDIAN MOUND,,,,,38.04194122,-83.9343509,10.699,8/21/2024,1542,2,2,0,0,CLEAR,DRY,FALSE,OTHER INTERSECTION COLLISIONS,REAR TO REAR,STRAIGHT & LEVEL,DAYLIGHT,,,45533.07624,FALSE,155,Accepted,5,5,O,,INATTENTION,
33715009,0870000,MONTGOMERY CTY SHERIFF DEPT,Accepted,MONTGOMERY,KY0011,,LEVEE,RD,,KY0646,KIDDVILLE,,,,,38.00997196,-83.94908299,7.064,8/14/2024,935,2,1,0,0,CLEAR,DRY,FALSE,OTHER INTERSECTION COLLISIONS,REAR END,STRAIGHT & GRADE,DAYLIGHT,,,45534.1279,FALSE,232,Accepted,5,5,O,,OTHER,
33715043,0870100,MT. STERLING POLICE DEPARTMENT,Accepted,MONTGOMERY,KY0686,,INDIAN MOUND,DR,,,,,,,,38.06019411,-83.95557479,1.213,8/28/2024,1516,2,2,0,0,CLEAR,DRY,FALSE,SIDESWIPE COLLISION - SAME DIRECTION,SIDESWIPE-SAME DIRECTION,STRAIGHT & LEVEL,DAYLIGHT,,,45534.13239,FALSE,167,Accepted,5,5,O,,MISJUDGE CLEARANCE,
33715045,0870100,MT. STERLING POLICE DEPARTMENT,Accepted,MONTGOMERY,US0460,,MAYSVILLE,RD,,,,,,,,38.07866275,-83.94970599,7.99,8/29/2024,1647,2,2,0,0,CLEAR,DRY,FALSE,SIDESWIPE COLLISION - SAME DIRECTION,SIDESWIPE-SAME DIRECTION,STRAIGHT & HILLCREST,DAYLIGHT,,,45534.13252,FALSE,160,Accepted,5,5,O,,INATTENTION,
33723144,0870100,MT. STERLING POLICE DEPARTMENT,Accepted,MONTGOMERY,KY0686,,INDIAN MOUND,DR,,US0060,WINCHESTER,,,,,38.054056,-83.95646955,1.64,8/9/2024,1327,3,3,0,2,CLEAR,DRY,FALSE,OTHER INTERSECTION COLLISIONS,REAR END,STRAIGHT & LEVEL,DAYLIGHT,,,45536.78007,FALSE,120,Accepted,3,3,B,,"INATTENTION, NOT UNDER PROPER CONTROL",
33723145,0870100,MT. STERLING POLICE DEPARTMENT,Accepted,MONTGOMERY,KY0686,,INDIAN MOUND,DR,,,,,,,,38.06733764,-83.9551689,0.721,8/24/2024,1115,2,2,0,0,CLEAR,DRY,FALSE,1 VEHICLE ENTERING/LEAVING ENTRANCE,ANGLE,STRAIGHT & LEVEL,DAYLIGHT,,,45536.78016,FALSE,120,Accepted,5,5,O,,INATTENTION,
33748027,0870000,MONTGOMERY CTY SHERIFF DEPT,Accepted,MONTGOMERY,,,OLD OWINGSVILLE,RD,,US0060,MAIN,,,,,38.0620807,-83.93132354,2.175,8/23/2024,1117,2,2,0,0,CLEAR,DRY,FALSE,ANGLE COLLISION - OTHER,ANGLE,STRAIGHT & LEVEL,DAYLIGHT,,,45542.32522,FALSE,275,Accepted,5,5,O,,"FAILED TO YIELD RIGHT OF WAY, INATTENTION, NOT UNDER PROPER CONTROL",
33748031,0870000,MONTGOMERY CTY SHERIFF DEPT,Accepted,MONTGOMERY,KY0011,,MAYSVILLE,RD,,,,,,,,38.14550404,-83.95764174,14.107,8/25/2024,107,1,1,0,1,CLEAR,DRY,FALSE,COLLISION WITH ANIMAL NON INTERSECTION,SINGLE VEHICLE,STRAIGHT & LEVEL,DARK-HWY NOT LIGHTED,,,45542.32536,FALSE,255,Accepted,5,3,B,ANIMALS ACTION,,
33748034,0870000,MONTGOMERY CTY SHERIFF DEPT,Accepted,MONTGOMERY,,240,REFFITT,RD,,,,,,,,38.00093801,-83.83110051,0.261,8/26/2024,1215,1,1,0,0,CLEAR,DRY,FALSE,COLLISION WITH FIXED OBJECT NON - INTERSECTION - FIRST EVENT COLLISION 09 - 32 EXCLUDING 16,SINGLE VEHICLE,STRAIGHT & LEVEL,DAYLIGHT,,,45542.32549,FALSE,226,Accepted,5,5,O,,INATTENTION,
33748265,0870000,MONTGOMERY CTY SHERIFF DEPT,Accepted,MONTGOMERY,,,BRISTOL,LN,,,,,,,,38.07467458,-83.89411341,0.396,8/20/2024,2201,2,2,0,0,CLEAR,DRY,FALSE,1 VEHICLE PARKED POSITION (NOT PARKING LOT/DRIVEWAY),SIDESWIPE-SAME DIRECTION,STRAIGHT & LEVEL,DARK-HWY NOT LIGHTED,,,45542.49513,FALSE,238,Accepted,5,5,O,,"NOT UNDER PROPER CONTROL, TOO FAST FOR CONDITIONS",
33748267,0870000,MONTGOMERY CTY SHERIFF DEPT,Accepted,MONTGOMERY,,,PREWITT,PIKE,,US0060,WINCHESTER,,,,,38.04930545,-83.9772999,0.001,8/29/2024,1423,2,2,0,0,CLEAR,DRY,FALSE,OTHER INTERSECTION COLLISIONS,REAR END,STRAIGHT & LEVEL,DAYLIGHT,,,45542.49524,FALSE,275,Accepted,5,5,O,,"INATTENTION, NOT UNDER PROPER CONTROL",
33748268,0870000,MONTGOMERY CTY SHERIFF DEPT,Accepted,MONTGOMERY,KY0537,,BUNKER HILL,RD,,,,,,,,38.13915634,-83.99121801,2.171,8/29/2024,2341,1,1,0,0,CLEAR,DRY,TRUE,COLLISION WITH FIXED OBJECT NON - INTERSECTION - FIRST EVENT COLLISION 09 - 32 EXCLUDING 16,SINGLE VEHICLE,CURVE & LEVEL,DARK-HWY NOT LIGHTED,,,45542.49531,FALSE,255,Accepted,5,5,O,,,
33748270,0870000,MONTGOMERY CTY SHERIFF DEPT,Accepted,MONTGOMERY,KY0011,,MAYSVILLE,RD,,,,,,,,38.12819797,-83.95901568,12.898,8/12/2024,1831,2,2,0,0,CLEAR,DRY,FALSE,SIDESWIPE COLLISION - SAME DIRECTION,SIDESWIPE-SAME DIRECTION,STRAIGHT & LEVEL,DAYLIGHT,,,45542.49544,FALSE,284,Accepted,5,5,O,,INATTENTION,
33748273,0870000,MONTGOMERY CTY SHERIFF DEPT,Accepted,MONTGOMERY,,,CAMARGO LEVEE,RD,,,,,,,,37.99080244,-83.88396548,0.223,8/31/2024,1131,2,2,0,0,RAINING,WET,FALSE,SIDESWIPE COLLISION - OPPOSITE DIRECTION,SIDESWIPE-OPPOSITE DIRECTION,CURVE & LEVEL,DAYLIGHT,,,45542.49565,FALSE,228,Accepted,5,5,O,SLIPPERY SURFACE,,
33748291,0870000,MONTGOMERY CTY SHERIFF DEPT,Accepted,MONTGOMERY,US0460,,CAMARGO,RD,,,MCCORMICK,,,,,37.99412374,-83.88771607,15.042,9/2/2024,1316,2,2,0,0,CLEAR,DRY,FALSE,OPPOSITE DIRECTION - BOTH VEHICLES GOING STRAIGHT AHEAD,SIDESWIPE-OPPOSITE DIRECTION,STRAIGHT & LEVEL,DAYLIGHT,,,45542.49644,FALSE,238,Accepted,5,5,O,,MISJUDGE CLEARANCE,
33748293,0870000,MONTGOMERY CTY SHERIFF DEPT,Accepted,MONTGOMERY,KY0713,,SPENCER,PIKE,,,,,,,,38.02700076,-83.83853061,12.886,8/28/2024,224,1,1,0,1,CLEAR,DRY,FALSE,COLLISION WITH FIXED OBJECT NON - INTERSECTION - FIRST EVENT COLLISION 09 - 32 EXCLUDING 16,SINGLE VEHICLE,STRAIGHT & HILLCREST,DARK-HWY NOT LIGHTED,,,45542.49654,FALSE,284,Accepted,5,3,B,,DRUG INVOLVEMENT,
33748294,0870000,MONTGOMERY CTY SHERIFF DEPT,Accepted,MONTGOMERY,,4150,MCCORMICK,RD,,,,,,,,38.00273855,-83.87972639,0.85,9/4/2024,1844,2,2,0,0,CLEAR,DRY,FALSE,SIDESWIPE COLLISION - OPPOSITE DIRECTION,SIDESWIPE-OPPOSITE DIRECTION,CURVE & LEVEL,DAYLIGHT,,,45542.49661,FALSE,298,Accepted,5,5,O,,MISJUDGE CLEARANCE,
33748312,0870000,MONTGOMERY CTY SHERIFF DEPT,Accepted,MONTGOMERY,KY0011,,MAYSVILLE,RD,,KY0537,VAN THOMPSON,,,,,38.12862755,-83.9504895,12.85,9/6/2024,1247,2,2,0,0,CLEAR,DRY,FALSE,ANGLE COLLISION - OTHER,ANGLE,STRAIGHT & LEVEL,DAYLIGHT,,,45542.50988,FALSE,231,Accepted,5,5,O,,"INATTENTION, MISJUDGE CLEARANCE",
33748313,0870000,MONTGOMERY CTY SHERIFF DEPT,Accepted,MONTGOMERY,KY0646,3651,KIDDVILLE,RD,,,,,,,,37.98264978,-83.98513299,8.819,9/6/2024,1623,2,2,0,0,CLEAR,DRY,FALSE,SIDESWIPE COLLISION - OPPOSITE DIRECTION,SIDESWIPE-OPPOSITE DIRECTION,STRAIGHT & LEVEL,DAYLIGHT,,,45542.50994,FALSE,231,Accepted,5,5,O,,MISJUDGE CLEARANCE,
33749433,0870100,MT. STERLING POLICE DEPARTMENT,Accepted,MONTGOMERY,KY0686,810,INDIAN MOUND,DR,,,,,,,,38.06066427,-83.95572742,1.265,8/26/2024,1401,2,2,0,0,CLEAR,DRY,FALSE,REAR END IN TRAFFIC LANES BOTH VEHICLES MOVING,REAR END,STRAIGHT & LEVEL,DAYLIGHT,,,45542.87428,FALSE,149,Accepted,5,5,O,,INATTENTION,
33749435,0870100,MT. STERLING POLICE DEPARTMENT,Accepted,MONTGOMERY,,,EVANS,AVE,,,,,,,,38.07546457,-83.94998082,0.085,9/7/2024,1024,2,2,0,0,CLEAR,DRY,FALSE,SIDESWIPE COLLISION - SAME DIRECTION,SIDESWIPE-SAME DIRECTION,STRAIGHT & LEVEL,DAYLIGHT,,,45542.8744,FALSE,167,Accepted,5,5,O,,DISTRACTION,
33757700,0870100,MT. STERLING POLICE DEPARTMENT,Accepted,MONTGOMERY,US0060,,WINCHESTER,RD,,,,,,,,38.0534771,-83.95746753,4.211,9/9/2024,1900,2,2,0,0,CLEAR,DRY,FALSE,1 VEHICLE PARKED POSITION (NOT PARKING LOT/DRIVEWAY),REAR TO REAR,STRAIGHT & LEVEL,DAYLIGHT,,,45545.0653,FALSE,160,Accepted,5,5,O,,INATTENTION,
33778524,0870000,MONTGOMERY CTY SHERIFF DEPT,Accepted,MONTGOMERY,KY0686,,INDIAN MOUND,DR,,,RICHMOND,,,,,38.04239027,-83.95067766,2.606,9/11/2024,1008,2,2,0,1,CLEAR,DRY,FALSE,ANGLE COLLISION - OTHER,ANGLE,STRAIGHT & LEVEL,DAYLIGHT,,,45547.44825,FALSE,238,Accepted,5,2,A,,"FAILED TO YIELD RIGHT OF WAY, INATTENTION",
33785214,0870100,MT. STERLING POLICE DEPARTMENT,Accepted,MONTGOMERY,KY0686,,INDIAN MOUND,DR,,,CHENAULT,,,,,38.0477189,-83.95628685,2.076,9/10/2024,1627,2,2,0,0,CLEAR,DRY,FALSE,SIDESWIPE-SAME DIRECTION,SIDESWIPE-SAME DIRECTION,STRAIGHT & LEVEL,DAYLIGHT,,,45549.01585,FALSE,121,Accepted,5,5,O,,INATTENTION,
33800930,0870000,MONTGOMERY CTY SHERIFF DEPT,Accepted,MONTGOMERY,KY0646,8765,CREAM ALLEY,RD,,,,,,,,37.95830853,-83.90218328,2.516,8/30/2024,1125,2,1,0,0,CLEAR,DRY,FALSE,SIDESWIPE COLLISION - OPPOSITE DIRECTION,SIDESWIPE-OPPOSITE DIRECTION,CURVE & GRADE,DAYLIGHT,,,45553.12786,FALSE,232,Accepted,5,5,O,,MISJUDGE CLEARANCE,
33800934,0870000,MONTGOMERY CTY SHERIFF DEPT,Accepted,MONTGOMERY,KY1331,,HOWARDS MILL,RD,,,,,,,,38.07753104,-83.88648553,1.064,8/29/2024,1104,2,1,0,3,CLEAR,DRY,FALSE,HEAD-ON COLLISION,HEAD ON,STRAIGHT & GRADE,DAYLIGHT,,,45553.12791,FALSE,232,Accepted,4,2,A,OTHER,"OTHER, OVERCORRECTING/OVERSTEERING",
33800936,0870000,MONTGOMERY CTY SHERIFF DEPT,Accepted,MONTGOMERY,KY0537,,BUNKER HILL,RD,,,,,,,,38.14508314,-84.00549964,1.232,8/30/2024,740,1,1,0,0,CLEAR,DRY,FALSE,COLLISION WITH ANIMAL NON INTERSECTION,SINGLE VEHICLE,STRAIGHT & GRADE,DAYLIGHT,,,45553.12793,FALSE,232,Accepted,5,5,O,ANIMALS ACTION,,
33808170,KSP0800,"KY STATE POLICE, POST 08",Accepted,MONTGOMERY,US0460,,PARIS,RD,,,,,,,,38.0997071,-84.0067401,3.982,9/17/2024,1600,1,1,0,1,CLEAR,WET,FALSE,RAN OFF ROADWAY (1 VEHICLE WITH/EARTH EMBANKMENT/DITCH),SINGLE VEHICLE,CURVE & GRADE,DAYLIGHT,,,45554.59537,FALSE,1111,Accepted,5,3,B,SLIPPERY SURFACE,TOO FAST FOR CONDITIONS,
33813186,0870000,MONTGOMERY CTY SHERIFF DEPT,Accepted,MONTGOMERY,KY0686,,INDIAN MOUND,DR,,,,,,,,38.07165147,-83.91684398,6.09,9/9/2024,805,2,2,0,0,CLEAR,DRY,FALSE,1 VEHICLE ENTERING/LEAVING ENTRANCE,ANGLE,STRAIGHT & LEVEL,DAYLIGHT,,,45555.5994,FALSE,226,Accepted,5,5,O,OTHER,MISJUDGE CLEARANCE,
33813188,0870000,MONTGOMERY CTY SHERIFF DEPT,Accepted,MONTGOMERY,KY0713,,SPENCER,PIKE,,,,,,,,38.04271594,-83.89586067,9.245,9/14/2024,1225,1,1,0,0,CLEAR,DRY,FALSE,COLLISION WITH FIXED OBJECT NON - INTERSECTION - FIRST EVENT COLLISION 09 - 32 EXCLUDING 16,SINGLE VEHICLE,STRAIGHT & LEVEL,DAYLIGHT,,,45555.59953,FALSE,226,Accepted,5,5,O,OTHER,MISJUDGE CLEARANCE,
33813193,0870000,MONTGOMERY CTY SHERIFF DEPT,Accepted,MONTGOMERY,US0060,,WINCHESTER,RD,,,,,,,,38.04572681,-83.98834307,2.432,9/11/2024,1732,2,2,0,0,CLEAR,DRY,FALSE,OTHER ROADWAY OR MID-BLOCK COLLISION,REAR END,STRAIGHT & LEVEL,DAYLIGHT,,,45555.59972,FALSE,231,Accepted,5,5,O,,"EXCEEDED STATED SPEED LIMIT, INATTENTION",
33816311,0870100,MT. STERLING POLICE DEPARTMENT,Accepted,MONTGOMERY,KY0686,686,INDIAN MOUND,DR,,US0460,CAMARGO,,,,,38.04185202,-83.93417017,3.495,9/17/2024,1650,2,2,0,0,CLEAR,DRY,FALSE,SIDESWIPE-SAME DIRECTION,SIDESWIPE-SAME DIRECTION,STRAIGHT & LEVEL,DAYLIGHT,,,45556.62812,FALSE,108,Accepted,5,5,O,,,
33816312,0870100,MT. STERLING POLICE DEPARTMENT,Accepted,MONTGOMERY,US0460,,MAYSVILLE,ST,N,,,,,,,38.07147342,-83.94724414,8.487,9/16/2024,1330,2,2,0,0,CLEAR,DRY,FALSE,1 VEHICLE ENTERING/LEAVING ENTRANCE,ANGLE,STRAIGHT & LEVEL,DAYLIGHT,,,45556.62818,FALSE,157,Accepted,5,5,O,,FAILED TO YIELD RIGHT OF WAY,
33823105,0870000,MONTGOMERY CTY SHERIFF DEPT,Accepted,MONTGOMERY,,,GIBSON,LN,,US0460,MAIN,,,,,37.9826132,-83.86813718,0.157,9/10/2024,741,2,2,0,0,CLEAR,DRY,FALSE,SIDESWIPE-SAME DIRECTION,SIDESWIPE-SAME DIRECTION,STRAIGHT & LEVEL,DAYLIGHT,,,45558.58146,FALSE,228,Accepted,5,5,O,,,
33823108,0870000,MONTGOMERY CTY SHERIFF DEPT,Accepted,MONTGOMERY,,,MT STERLING ELEMENTARY SCHOOL,DR,,,,,,,,38.06122309,-83.91335391,0.194,9/18/2024,1517,2,2,0,0,CLEAR,DRY,FALSE,VEHICLE BACKING NON INTERSECTION,BACKING,STRAIGHT & LEVEL,DAYLIGHT,,,45558.58164,FALSE,226,Accepted,5,5,O,,FAILED TO YIELD RIGHT OF WAY,
33823114,0870000,MONTGOMERY CTY SHERIFF DEPT,Accepted,MONTGOMERY,US0060,4479,OWINGSVILLE,RD,,,,,,,,38.12090487,-83.88240145,11.216,9/17/2024,1600,1,1,0,0,CLOUDY,WET,FALSE,COLLISION WITH FIXED OBJECT NON - INTERSECTION - FIRST EVENT COLLISION 09 - 32 EXCLUDING 16,SINGLE VEHICLE,CURVE & HILLCREST,DAYLIGHT,,,45558.58188,FALSE,231,Accepted,5,5,O,SLIPPERY SURFACE,"EXCEEDED STATED SPEED LIMIT, INATTENTION",
33823117,0870000,MONTGOMERY CTY SHERIFF DEPT,Accepted,MONTGOMERY,KY0011,,LEVEE,RD,,KY0686,INDIAN MOUND,,,,,38.04128594,-83.94791369,9.21,9/20/2024,1229,2,2,0,0,CLEAR,DRY,FALSE,SIDESWIPE-SAME DIRECTION,SIDESWIPE-SAME DIRECTION,STRAIGHT & LEVEL,DAYLIGHT,,,45558.58205,FALSE,238,Accepted,5,5,O,,INATTENTION,
33823246,0870000,MONTGOMERY CTY SHERIFF DEPT,Accepted,MONTGOMERY,KY0686,,INDIAN MOUND,DR,,,FOGG PIKE CONN,,,,,38.04202816,-83.95082533,2.603,9/21/2024,637,2,2,0,0,CLEAR,DRY,FALSE,ANGLE COLLISION - OTHER,ANGLE,STRAIGHT & LEVEL,DAWN,,,45558.59994,FALSE,238,Accepted,5,5,O,,"FAILED TO YIELD RIGHT OF WAY, INATTENTION",
33823248,0870000,MONTGOMERY CTY SHERIFF DEPT,Accepted,MONTGOMERY,US0460,,MAIN,ST,,KY1050,KY1050,,,,,37.9694882,-83.82789433,18.739,9/20/2024,2120,1,1,0,0,CLEAR,DRY,FALSE,COLLISION WITH FIXED OBJECT IN INTERSECTION - FIRST EVENT COLLISION 09 - 32,SINGLE VEHICLE,STRAIGHT & LEVEL,DARK-HWY NOT LIGHTED,,,45558.60003,FALSE,248,Accepted,5,5,O,,"INATTENTION, NOT UNDER PROPER CONTROL",
33824709,0870100,MT. STERLING POLICE DEPARTMENT,Accepted,MONTGOMERY,US0460,,MAYSVILLE,RD,,I 0064,I64 WB EXIT 110 OFF RAMP TO US460,,,,,38.08010362,-83.94954949,7.879,9/23/2024,1400,2,2,0,0,CLOUDY,DRY,FALSE,OTHER INTERSECTION COLLISIONS,REAR END,STRAIGHT & LEVEL,DAYLIGHT,,,45558.83018,FALSE,157,Accepted,5,5,O,,"DISREGARD TRAFFIC CONTROL, FAILED TO YIELD RIGHT OF WAY",
33825006,0870100,MT. STERLING POLICE DEPARTMENT,Accepted,MONTGOMERY,KY0686,,INDIAN MOUND,DR,,,,,,,,38.05364012,-83.95634068,1.658,9/6/2024,1515,2,2,0,0,CLOUDY,DRY,FALSE,REAR END IN TRAFFIC LANES BOTH VEHICLES MOVING,REAR END,STRAIGHT & LEVEL,DAYLIGHT,,,45558.93631,FALSE,162,Accepted,5,5,O,,INATTENTION,
33829113,0870100,MT. STERLING POLICE DEPARTMENT,Accepted,MONTGOMERY,US0460,,MAYSVILLE,ST,N,,,,,,,38.06543231,-83.94520297,8.907,9/23/2024,2029,2,2,0,0,RAINING,WET,FALSE,REAR END IN TRAFFIC LANES BOTH VEHICLES MOVING,REAR END,STRAIGHT & HILLCREST,DARK-HWY NOT LIGHTED,,,45559.74017,FALSE,167,Accepted,5,5,O,,,
33830450,0870000,MONTGOMERY CTY SHERIFF DEPT,Accepted,MONTGOMERY,,,DOE RUN,DR,,,,,,,,38.07203656,-83.92138259,0.33,9/19/2024,1608,2,2,0,0,CLEAR,DRY,FALSE,1 VEHICLE PARKED POSITION (NOT PARKING LOT/DRIVEWAY),BACKING,STRAIGHT & LEVEL,DAYLIGHT,,,45560.14278,FALSE,228,Accepted,5,5,O,,,
33830454,0870000,MONTGOMERY CTY SHERIFF DEPT,Accepted,MONTGOMERY,KY0686,,INDIAN MOUND,DR,,,,,,,,38.0540076,-83.95650285,1.644,9/23/2024,1718,2,2,0,0,CLOUDY,DRY,TRUE,REAR END IN TRAFFIC LANES BOTH VEHICLES MOVING,REAR END,STRAIGHT & LEVEL,DAYLIGHT,,,45560.14298,FALSE,226,Accepted,5,5,O,,,
33830461,0870000,MONTGOMERY CTY SHERIFF DEPT,Accepted,MONTGOMERY,KY0646,,NEST EGG,RD,,,,,,,,37.96952013,-83.93933534,4.727,9/24/2024,2019,1,1,0,0,CLEAR,WET,FALSE,OTHER ROADWAY OR MID-BLOCK COLLISION,SINGLE VEHICLE,CURVE & LEVEL,DARK-HWY NOT LIGHTED,,,45560.14444,FALSE,298,Accepted,5,5,O,SLIPPERY SURFACE,,
33846345,0870100,MT. STERLING POLICE DEPARTMENT,Accepted,MONTGOMERY,KY0686,,INDIAN MOUND,DR,,US0460,CAMARGO,,,,,38.04191065,-83.93437541,3.492,9/10/2024,1317,2,2,0,0,CLEAR,DRY,FALSE,REAR END - ONE VEHICLE TURNING RIGHT,REAR END,STRAIGHT & LEVEL,DAYLIGHT,,,45564.71257,FALSE,162,Accepted,5,5,O,,INATTENTION,
33847041,0870100,MT. STERLING POLICE DEPARTMENT,Accepted,MONTGOMERY,US0460,,MAYSVILLE,ST,N,,EVANS,,,,,38.07540278,-83.94874918,8.207,9/27/2024,1857,2,2,0,0,CLEAR,DRY,FALSE,OTHER INTERSECTION COLLISIONS,REAR END,STRAIGHT & LEVEL,DAYLIGHT,,,45564.94685,FALSE,162,Accepted,5,5,O,,INATTENTION,
33853249,0870000,MONTGOMERY CTY SHERIFF DEPT,Accepted,MONTGOMERY,,1919,DOE RUN,DR,,,,,,,,38.07104861,-83.92075706,0.406,9/19/2024,1615,2,1,0,0,CLEAR,DRY,FALSE,1 VEHICLE PARKED POSITION (NOT PARKING LOT/DRIVEWAY),ANGLE,STRAIGHT & LEVEL,DAYLIGHT,,,45566.12788,FALSE,232,Accepted,5,5,O,,"NOT UNDER PROPER CONTROL, PHYSICAL DISABILITY",
33861083,0370200,"KY STATE POLICE, CVE",Accepted,MONTGOMERY,US0460,,CAMARGO,RD,,,,,,,,38.00020275,-83.89816532,14.294,10/2/2024,804,2,2,0,0,CLOUDY,DRY,FALSE,REAR END IN TRAFFIC LANES BOTH VEHICLES MOVING,REAR END,STRAIGHT & LEVEL,DAYLIGHT,,,45567.6838,FALSE,C-342,Accepted,5,5,O,,INATTENTION,
33861316,0870100,MT. STERLING POLICE DEPARTMENT,Accepted,MONTGOMERY,KY0686,,INDIAN MOUND,DR,,,,,,,,38.07413069,-83.94864797,0.019,10/1/2024,2018,2,2,0,0,CLEAR,DRY,FALSE,SIDESWIPE COLLISION - SAME DIRECTION,SIDESWIPE-SAME DIRECTION,STRAIGHT & LEVEL,DARK-HWY LIGHTED/ON,,,45567.69927,FALSE,144,Accepted,5,5,O,,INATTENTION,
33861317,0870100,MT. STERLING POLICE DEPARTMENT,Accepted,MONTGOMERY,,,QUEEN,ST,N,US0060,MAIN,,,,,38.05705983,-83.93917354,0.003,10/2/2024,745,2,2,0,0,CLEAR,DRY,FALSE,ANGLE COLLISION - OTHER,ANGLE,STRAIGHT & LEVEL,DAWN,,,45567.69936,FALSE,157,Accepted,5,5,O,,FAILED TO YIELD RIGHT OF WAY,
33870259,0870100,MT. STERLING POLICE DEPARTMENT,Accepted,MONTGOMERY,,,AUGUSTA,DR,,KY0011,MAYSVILLE,,,,,38.09030401,-83.94945795,0.023,10/4/2024,954,2,2,0,0,CLEAR,DRY,FALSE,ANGLE COLLISION - OTHER,ANGLE,STRAIGHT & GRADE,DAYLIGHT,,,45569.71214,FALSE,157,Accepted,5,5,O,,FAILED TO YIELD RIGHT OF WAY,
33882617,0870100,MT. STERLING POLICE DEPARTMENT,Accepted,MONTGOMERY,US0460,,CAMARGO,RD,,,,,,,,38.03031461,-83.92527694,11.672,10/4/2024,1526,4,4,0,3,CLEAR,DRY,FALSE,REAR END IN TRAFFIC LANES BOTH VEHICLES MOVING,REAR END,STRAIGHT & LEVEL,DAYLIGHT,,,45573.23628,FALSE,163,Accepted,5,3,B,BACKUP DUE TO REGULAR CONGESTION,"DISTRACTION, INATTENTION",
33889965,0870100,MT. STERLING POLICE DEPARTMENT,Accepted,MONTGOMERY,KY0686,,INDIAN MOUND,DR,,US0460,MAYSVILLE,,,,,38.07411629,-83.94844407,0.007,10/9/2024,1339,2,2,0,0,CLEAR,DRY,FALSE,SIDESWIPE-SAME DIRECTION,SIDESWIPE-SAME DIRECTION,STRAIGHT & LEVEL,DAYLIGHT,,,45574.82568,FALSE,163,Accepted,5,5,O,,,
33893320,0870100,MT. STERLING POLICE DEPARTMENT,Accepted,MONTGOMERY,,,LOCUST,ST,W,,SYCAMORE,,,,,38.05462224,-83.94462101,0.329,10/8/2024,1515,2,2,0,1,CLEAR,DRY,FALSE,ANGLE COLLISION - OTHER,ANGLE,STRAIGHT & LEVEL,DAYLIGHT,,,45575.62326,FALSE,162,Accepted,5,3,B,,INATTENTION,
33898647,0870100,MT. STERLING POLICE DEPARTMENT,Accepted,MONTGOMERY,US0460,,MAYSVILLE,RD,,,STONE TRACE,,,,,38.08068298,-83.94967474,7.818,10/8/2024,1612,2,2,0,0,CLEAR,DRY,FALSE,SIDESWIPE-SAME DIRECTION,SIDESWIPE-SAME DIRECTION,STRAIGHT & LEVEL,DAYLIGHT,,,45576.82146,FALSE,121,Accepted,5,5,O,,INATTENTION,
33905617,0870100,MT. STERLING POLICE DEPARTMENT,Accepted,MONTGOMERY,KY0686,,INDIAN MOUND,DR,,,,,,,,38.05385111,-83.95623976,1.657,10/12/2024,1444,2,2,0,2,CLEAR,DRY,FALSE,1 VEHICLE ENTERING/LEAVING ENTRANCE,ANGLE,STRAIGHT & LEVEL,DAYLIGHT,,,45579.2148,FALSE,156,Accepted,5,3,B,,"DISREGARD TRAFFIC CONTROL, DISTRACTION, INATTENTION",
33905622,0870100,MT. STERLING POLICE DEPARTMENT,Accepted,MONTGOMERY,,228,WINN,ST,,,,,,,,38.0626675,-83.94963703,0.281,10/11/2024,1754,2,2,0,0,CLEAR,DRY,FALSE,1 VEHICLE PARKED POSITION (NOT PARKING LOT/DRIVEWAY),BACKING,STRAIGHT & LEVEL,DAYLIGHT,,,45579.21496,FALSE,155,Accepted,5,5,O,,IMPROPER BACKING,
33905628,0870100,MT. STERLING POLICE DEPARTMENT,Accepted,MONTGOMERY,,,SWISS STONE,WAY,,,COLLIER,,,,,38.05283612,-83.95100178,0.167,10/6/2024,1821,2,2,0,1,CLEAR,DRY,FALSE,ANGLE COLLISION - OTHER,ANGLE,STRAIGHT & LEVEL,DAYLIGHT,,,45579.21628,FALSE,154,Accepted,5,4,C,GLARE (SUN),,