IncidentID,AgencyORI,AgencyName,IncidentStatusDesc,County,RdwyNumber,Street,RoadwayName,StreetSfx,StreetDir,IntersectionRdwy,IntersectionRdwyName,BetweenStRdwy1,BetweenStRdwyName1,BetweenStRdwy2,BetweenStRdwyName2,Latitude,Longitude,Milepoint,CollisionDate,CollisionTime,UnitsInvolved,MotorVehiclesInvolved,NumberKilled,NumberInjured,Weather,RdwyConditionCode,HitandRun,DirAnalysisCode,MannerofCollision,RdwyCharacter,LightCondition,RampFromRdwyId,RampToRdwyId,AcceptedDate,IsSecondaryCollision,OwnerBadge,IncidentStatus,InjurySeverityCde,KABCO Code,KABCO,Environmental_Factors,Human_Factors,Vehicular_Factors
33905629,0870100,MT. STERLING POLICE DEPARTMENT,Accepted,MONTGOMERY,US0460,,MAYSVILLE,ST,N,KY0686,INDIAN MOUND,,,,,38.07449016,-83.94841151,8.255,10/11/2024,1743,2,2,0,0,CLEAR,DRY,FALSE,OTHER INTERSECTION COLLISIONS,REAR END,STRAIGHT & LEVEL,DAYLIGHT,,,45579.21635,FALSE,154,Accepted,5,5,O,,INATTENTION,
33911768,0870000,MONTGOMERY CTY SHERIFF DEPT,Accepted,MONTGOMERY,,,TRAVIS,LN,,,,,,,,37.97642465,-83.8455538,0.11,9/21/2024,2017,2,2,0,0,CLEAR,DRY,FALSE,1 VEHICLE PARKED POSITION (NOT PARKING LOT/DRIVEWAY),BACKING,STRAIGHT & LEVEL,DARK-HWY LIGHTED/ON,,,45580.37227,FALSE,248,Accepted,5,5,O,,IMPROPER BACKING,
33911776,0870000,MONTGOMERY CTY SHERIFF DEPT,Accepted,MONTGOMERY,KY0686,,INDIAN MOUND,DR,,,,,,,,38.07148939,-83.91679307,6.084,9/27/2024,2042,2,2,0,0,CLOUDY,WET,FALSE,1 VEHICLE ENTERING/LEAVING ENTRANCE,ANGLE,STRAIGHT & LEVEL,DARK-HWY LIGHTED/ON,,,45580.37287,FALSE,249,Accepted,5,5,O,SLIPPERY SURFACE,FAILED TO YIELD RIGHT OF WAY,
33911777,0870000,MONTGOMERY CTY SHERIFF DEPT,Accepted,MONTGOMERY,US0060,,OWINGSVILLE,RD,,,,,,,,38.11463531,-83.88762332,10.684,9/29/2024,1826,1,1,0,1,CLEAR,DRY,FALSE,OTHER COLLISIONS ON SHOULDER,SINGLE VEHICLE,STRAIGHT & HILLCREST,DAYLIGHT,,,45580.373,FALSE,298,Accepted,3,3,B,,"EMOTIONAL, INATTENTION, NOT UNDER PROPER CONTROL",
33911779,0870000,MONTGOMERY CTY SHERIFF DEPT,Accepted,MONTGOMERY,KY0599,2410,KY599,,,,,,,,,37.9378757,-83.8392892,3.257,9/28/2024,1430,2,2,0,0,RAINING,WET,FALSE,SIDESWIPE COLLISION - OPPOSITE DIRECTION,SIDESWIPE-OPPOSITE DIRECTION,STRAIGHT & LEVEL,DAYLIGHT,,,45580.37325,FALSE,231,Accepted,5,5,O,DEBRIS IN ROADWAY,FAILED TO KEEP PROPER LANE,
33911780,0870000,MONTGOMERY CTY SHERIFF DEPT,Accepted,MONTGOMERY,,,PREWITT,PIKE,,,,,,,,38.02878425,-83.98101063,1.495,9/30/2024,624,1,1,0,0,FOG,DRY,FALSE,COLLISION WITH FIXED OBJECT NON - INTERSECTION - FIRST EVENT COLLISION 09 - 32 EXCLUDING 16,SINGLE VEHICLE,STRAIGHT & LEVEL,DARK-HWY NOT LIGHTED,,,45580.37337,FALSE,231,Accepted,5,5,O,"DEBRIS IN ROADWAY, VIEW OBSTRUCTED, LIMITED DUE TO WEATHER CONDITIONS",TOO FAST FOR CONDITIONS,
33911787,0870000,MONTGOMERY CTY SHERIFF DEPT,Accepted,MONTGOMERY,KY0686,,INDIAN MOUND,DR,,,FOXGLOVE,,,,,38.06552174,-83.9554879,0.847,9/25/2024,1646,2,2,0,1,RAINING,WET,FALSE,OPPOSING LEFT TURN,OPPOSING LEFT TURN,STRAIGHT & LEVEL,DAYLIGHT,,,45580.37376,FALSE,228,Accepted,5,4,C,,FAILED TO YIELD RIGHT OF WAY,
33911788,0870000,MONTGOMERY CTY SHERIFF DEPT,Accepted,MONTGOMERY,KY0686,,INDIAN MOUND,DR,,KY0713,GRASSY LICK,,,,,38.05797688,-83.95612412,1.359,9/27/2024,701,2,2,0,1,RAINING,WET,FALSE,OPPOSING LEFT TURN,OPPOSING LEFT TURN,STRAIGHT & LEVEL,DARK-HWY NOT LIGHTED,,,45580.3739,FALSE,228,Accepted,5,3,B,,FAILED TO YIELD RIGHT OF WAY,
33913098,0870000,MONTGOMERY CTY SHERIFF DEPT,Accepted,MONTGOMERY,US0460,,MAIN,ST,,KY1050,KY1050,,,,,37.96944854,-83.82795552,18.735,10/3/2024,1542,2,2,0,2,CLEAR,DRY,FALSE,OTHER INTERSECTION COLLISIONS,REAR END,STRAIGHT & LEVEL,DAYLIGHT,,,45580.59852,FALSE,228,Accepted,5,3,B,,OTHER,
33913114,0870000,MONTGOMERY CTY SHERIFF DEPT,Accepted,MONTGOMERY,,3747,CAMARGO HEIGHTS,DR,,,,,,,,38.003285,-83.90337233,0.172,10/5/2024,1740,2,2,0,0,CLEAR,DRY,FALSE,VEHICLE BACKING NON INTERSECTION,BACKING,STRAIGHT & GRADE,DAYLIGHT,,,45580.59905,FALSE,252,Accepted,5,5,O,,IMPROPER BACKING,
33913119,0870000,MONTGOMERY CTY SHERIFF DEPT,Accepted,MONTGOMERY,KY1331,,HOWARDS MILL,RD,,,,,,,,38.0636674,-83.83744209,4.058,10/1/2024,2024,1,1,0,0,CLEAR,DRY,FALSE,COLLISION WITH FIXED OBJECT NON - INTERSECTION - FIRST EVENT COLLISION 09 - 32 EXCLUDING 16,SINGLE VEHICLE,CURVE & GRADE,DARK-HWY NOT LIGHTED,,,45580.59934,FALSE,248,Accepted,5,5,O,,INATTENTION,
33913130,0870000,MONTGOMERY CTY SHERIFF DEPT,Accepted,MONTGOMERY,US0460,,CAMARGO,RD,,,,,,,,38.00126141,-83.89939087,14.192,10/8/2024,655,2,2,0,0,CLEAR,DRY,FALSE,REAR END IN TRAFFIC LANES BOTH VEHICLES MOVING,REAR END,STRAIGHT & LEVEL,DARK-HWY NOT LIGHTED,,,45580.59946,FALSE,228,Accepted,5,5,O,,,
33913132,0870000,MONTGOMERY CTY SHERIFF DEPT,Accepted,MONTGOMERY,KY0213,,BEDFORD,RD,,US0460,MAIN,,,,,37.97735777,-83.85365611,5.33,10/9/2024,758,2,2,0,0,CLEAR,DRY,FALSE,OTHER INTERSECTION COLLISIONS,REAR END,STRAIGHT & LEVEL,DAYLIGHT,,,45580.59978,FALSE,231,Accepted,5,5,O,,INATTENTION,
33913140,0870000,MONTGOMERY CTY SHERIFF DEPT,Accepted,MONTGOMERY,US0460,5399,PARIS,RD,,,,,,,,38.11675317,-84.0449931,1.483,10/12/2024,209,1,1,0,0,CLEAR,DRY,FALSE,COLLISION WITH ANIMAL NON INTERSECTION,SINGLE VEHICLE,CURVE & LEVEL,DARK-HWY NOT LIGHTED,,,45580.60039,FALSE,298,Accepted,5,5,O,ANIMALS ACTION,,
33913146,0870000,MONTGOMERY CTY SHERIFF DEPT,Accepted,MONTGOMERY,KY0646,,NEST EGG,RD,,,,,,,,37.9650694,-83.94665635,5.276,10/11/2024,1553,2,2,0,0,CLEAR,DRY,FALSE,SIDESWIPE COLLISION - OPPOSITE DIRECTION,SIDESWIPE-OPPOSITE DIRECTION,CURVE & HILLCREST,DAYLIGHT,,,45580.6005,FALSE,226,Accepted,5,5,O,OTHER,,
33913157,0870000,MONTGOMERY CTY SHERIFF DEPT,Accepted,MONTGOMERY,KY0686,,INDIAN MOUND,DR,,,,,,,,38.05761345,-83.95591048,1.393,10/13/2024,1438,2,2,0,0,CLEAR,DRY,FALSE,REAR END IN TRAFFIC LANES BOTH VEHICLES MOVING,REAR END,STRAIGHT & LEVEL,DAYLIGHT,,,45580.60087,FALSE,228,Accepted,5,5,O,,MISJUDGE CLEARANCE,
33913159,0870000,MONTGOMERY CTY SHERIFF DEPT,Accepted,MONTGOMERY,KY0213,,KY213,,S,,,,,,,37.95307132,-83.86215142,3.556,10/13/2024,2018,1,1,0,0,CLEAR,DRY,FALSE,COLLISION WITH ANIMAL NON INTERSECTION,SINGLE VEHICLE,STRAIGHT & LEVEL,DARK (UNKNOWN ROADWAY LIGHTING),,,45580.60104,FALSE,298,Accepted,5,5,O,ANIMALS ACTION,,
33913201,0870000,MONTGOMERY CTY SHERIFF DEPT,Accepted,MONTGOMERY,,5355,STEPSTONE,RD,,,,,,,,38.0904652,-83.83639631,3.596,10/9/2024,1544,2,2,0,0,CLEAR,DRY,FALSE,1 VEHICLE ENTERING/LEAVING ENTRANCE,ANGLE,STRAIGHT & LEVEL,DAYLIGHT,,,45580.61138,FALSE,238,Accepted,5,5,O,VIEW OBSTRUCTED/LIMITED DUE TO RDWY,"ALCOHOL INVOLVEMENT, FAILED TO YIELD RIGHT OF WAY",
33913206,0870000,MONTGOMERY CTY SHERIFF DEPT,Accepted,MONTGOMERY,,,FOUR WINDS,EST,,,,,,,,37.95921709,-83.96933796,0.004,9/22/2024,1454,2,2,0,0,CLEAR,DRY,FALSE,SIDESWIPE COLLISION - OPPOSITE DIRECTION,SIDESWIPE-OPPOSITE DIRECTION,STRAIGHT & LEVEL,DAYLIGHT,,,45580.61168,FALSE,238,Accepted,5,5,O,,MISJUDGE CLEARANCE,
33913209,0870000,MONTGOMERY CTY SHERIFF DEPT,Accepted,MONTGOMERY,KY0686,,INDIAN MOUND,DR,,,BURLEY,,,,,38.04086185,-83.9437783,2.981,10/14/2024,1442,2,2,0,2,CLEAR,DRY,FALSE,ANGLE COLLISION - OTHER,ANGLE,STRAIGHT & LEVEL,DAYLIGHT,,,45580.61182,FALSE,238,Accepted,2,2,A,,FAILED TO YIELD RIGHT OF WAY,
33913218,0870000,MONTGOMERY CTY SHERIFF DEPT,Accepted,MONTGOMERY,US0460,,CAMARGO,RD,,,GATEWAY,,,,,38.00084823,-83.89893088,14.204,9/29/2024,1235,2,2,0,0,CLOUDY,WET,FALSE,OTHER INTERSECTION COLLISIONS,REAR END,STRAIGHT & LEVEL,DAYLIGHT,,,45580.61225,FALSE,249,Accepted,5,5,O,SLIPPERY SURFACE,,
33919920,0870100,MT. STERLING POLICE DEPARTMENT,Accepted,MONTGOMERY,,,HIGH,ST,W,,,,BROADWAY,US0460,MAYSVILLE,38.05743957,-83.94277587,0.313,10/15/2024,1831,1,1,0,0,CLOUDY,DRY,FALSE,COLLISION WITH FIXED OBJECT NON - INTERSECTION - FIRST EVENT COLLISION 09 - 32 EXCLUDING 16,SINGLE VEHICLE,STRAIGHT & GRADE,DUSK,,,45581.82869,FALSE,121,Accepted,5,5,O,GLARE (SUN),OTHER,
33919922,0870100,MT. STERLING POLICE DEPARTMENT,Accepted,MONTGOMERY,KY0686,,INDIAN MOUND,DR,,,,,,,,38.07361544,-83.95120322,0.171,10/13/2024,1323,2,2,0,1,CLEAR,DRY,FALSE,1 VEHICLE ENTERING/LEAVING ENTRANCE,ANGLE,STRAIGHT & LEVEL,DAYLIGHT,,,45581.82876,FALSE,139,Accepted,3,3,B,,INATTENTION,
33928350,0870100,MT. STERLING POLICE DEPARTMENT,Accepted,MONTGOMERY,KY0686,,INDIAN MOUND,DR,,,,,,,,38.07096314,-83.95487712,0.464,10/17/2024,1447,2,2,0,0,CLEAR,DRY,FALSE,1 VEHICLE ENTERING/LEAVING ENTRANCE,ANGLE,STRAIGHT & LEVEL,DAYLIGHT,,,45583.65751,FALSE,156,Accepted,5,5,O,,"FAILED TO YIELD RIGHT OF WAY, INATTENTION",
33937198,0870000,MONTGOMERY CTY SHERIFF DEPT,Accepted,MONTGOMERY,KY0646,,CREAM ALLEY,RD,,,,,,,,37.96498731,-83.91497819,3.363,10/16/2024,1824,1,1,0,1,CLOUDY,DRY,FALSE,RAN OFF ROADWAY (1 VEHICLE WITH/EARTH EMBANKMENT/DITCH),SINGLE VEHICLE,STRAIGHT & LEVEL,DAYLIGHT,,,45586.48749,FALSE,248,Accepted,5,3,B,,"ALCOHOL INVOLVEMENT, INATTENTION, NOT UNDER PROPER CONTROL",
33937210,0870000,MONTGOMERY CTY SHERIFF DEPT,Accepted,MONTGOMERY,,,ALLIANCE,DR,,KY0686,INDIAN MOUND,,,,,38.04595825,-83.9561891,0.014,10/18/2024,1001,2,2,0,0,CLEAR,DRY,FALSE,VEHICLE BACKING IN INTERSECTION,BACKING,STRAIGHT & GRADE,DAYLIGHT,,,45586.48783,FALSE,231,Accepted,5,5,O,,INATTENTION,
33937214,0870000,MONTGOMERY CTY SHERIFF DEPT,Accepted,MONTGOMERY,,4718,STEPSTONE,RD,,,,,,,,38.09435532,-83.84634456,2.978,10/19/2024,1348,1,1,0,0,CLEAR,DRY,FALSE,OTHER ROADWAY OR MID-BLOCK COLLISION,SINGLE VEHICLE,STRAIGHT & LEVEL,DAYLIGHT,,,45586.48798,FALSE,231,Accepted,5,5,O,,"FAILED TO KEEP PROPER LANE, INATTENTION",
33937216,0870000,MONTGOMERY CTY SHERIFF DEPT,Accepted,MONTGOMERY,US0460,,CAMARGO,RD,,,,,,,,37.99567229,-83.8918801,14.754,10/19/2024,2009,1,1,0,0,CLEAR,DRY,FALSE,COLLISION WITH ANIMAL NON INTERSECTION,SINGLE VEHICLE,STRAIGHT & LEVEL,DARK-HWY LIGHTED/ON,,,45586.48811,FALSE,255,Accepted,5,5,O,ANIMALS ACTION,,
33937218,0870000,MONTGOMERY CTY SHERIFF DEPT,Accepted,MONTGOMERY,KY0213,,KY213,,S,,,,,,,37.93043464,-83.86518781,1.922,10/18/2024,2003,2,2,0,0,CLEAR,DRY,FALSE,1 VEHICLE ENTERING/LEAVING ENTRANCE,ANGLE,CURVE & HILLCREST,DARK-HWY NOT LIGHTED,,,45586.48823,FALSE,255,Accepted,5,5,O,,,OTHER
33937219,0870000,MONTGOMERY CTY SHERIFF DEPT,Accepted,MONTGOMERY,US0460,,MAIN,ST,,KY0599,KY599,,,,,37.97232438,-83.8385193,18.143,10/15/2024,2055,2,2,0,5,CLOUDY,DRY,FALSE,ANGLE COLLISION - OTHER,ANGLE,STRAIGHT & LEVEL,DARK-HWY LIGHTED/ON,,,45586.48836,FALSE,248,Accepted,4,4,C,,"DISREGARD TRAFFIC CONTROL, DRUG INVOLVEMENT, NOT UNDER PROPER CONTROL",
33939831,0870100,MT. STERLING POLICE DEPARTMENT,Accepted,MONTGOMERY,KY0686,,INDIAN MOUND,DR,,,,,,,,38.06743422,-83.95545275,0.714,10/20/2024,2035,2,2,0,2,CLEAR,DRY,FALSE,REAR END IN TRAFFIC LANES BOTH VEHICLES MOVING,REAR END,STRAIGHT & LEVEL,DARK-HWY LIGHTED/ON,,,45586.89396,FALSE,160,Accepted,5,3,B,,INATTENTION,
33939832,0870100,MT. STERLING POLICE DEPARTMENT,Accepted,MONTGOMERY,KY0686,,INDIAN MOUND,DR,,,,,,,,38.06747953,-83.95534187,0.71,10/19/2024,1940,2,2,0,0,CLEAR,DRY,FALSE,OTHER ROADWAY OR MID-BLOCK COLLISION,OPPOSING LEFT TURN,STRAIGHT & LEVEL,DARK-HWY LIGHTED/ON,,,45586.89407,FALSE,166,Accepted,5,5,O,,INATTENTION,
33939835,0870100,MT. STERLING POLICE DEPARTMENT,Accepted,MONTGOMERY,US0460,,CAMARGO,RD,,,,,,,,38.04115897,-83.9342013,10.754,10/19/2024,1152,2,2,0,1,CLEAR,DRY,FALSE,1 VEHICLE ENTERING/LEAVING ENTRANCE,ANGLE,STRAIGHT & LEVEL,DAYLIGHT,,,45586.8942,FALSE,139,Accepted,4,4,C,,INATTENTION,
33949419,0870100,MT. STERLING POLICE DEPARTMENT,Accepted,MONTGOMERY,,,VANCE,DR,,KY0686,INDIAN MOUND,,,,,38.07363924,-83.9512239,0.002,10/19/2024,1438,2,2,0,0,CLEAR,DRY,FALSE,OTHER INTERSECTION COLLISIONS,REAR END,STRAIGHT & HILLCREST,DAYLIGHT,,,45588.85228,FALSE,163,Accepted,5,5,O,,MISJUDGE CLEARANCE,
33954975,0870100,MT. STERLING POLICE DEPARTMENT,Accepted,MONTGOMERY,,2005,JOHN STUART,DR,,,,,,,,38.06784266,-83.95897487,0.015,10/20/2024,614,1,1,0,0,CLEAR,DRY,TRUE,COLLISION WITH FIXED OBJECT NON - INTERSECTION - FIRST EVENT COLLISION 09 - 32 EXCLUDING 16,SINGLE VEHICLE,STRAIGHT & LEVEL,DARK-HWY LIGHTED/ON,,,45590.19855,FALSE,139,Accepted,5,5,O,,"ALCOHOL INVOLVEMENT, DRUG INVOLVEMENT",
33954976,0870100,MT. STERLING POLICE DEPARTMENT,Accepted,MONTGOMERY,US0460,,CAMARGO,RD,,,,,,,,38.03818991,-83.93319182,10.97,10/24/2024,1906,1,1,0,0,CLEAR,DRY,FALSE,COLLISION WITH ANIMAL NON INTERSECTION,SINGLE VEHICLE,STRAIGHT & LEVEL,DAYLIGHT,,,45590.19868,FALSE,154,Accepted,5,5,O,,,
33957368,0870100,MT. STERLING POLICE DEPARTMENT,Accepted,MONTGOMERY,KY0011,,LEVEE,RD,,,,,,,,38.04662096,-83.94401065,9.667,10/25/2024,1300,2,2,0,0,CLEAR,DRY,FALSE,1 VEHICLE ENTERING/LEAVING ENTRANCE,ANGLE,STRAIGHT & GRADE,DAYLIGHT,,,45590.71847,FALSE,149,Accepted,5,5,O,,INATTENTION,
33968370,0870100,MT. STERLING POLICE DEPARTMENT,Accepted,MONTGOMERY,KY0686,,INDIAN MOUND,DR,,US0460,CAMARGO,,,,,38.04229915,-83.93410358,3.529,10/27/2024,1833,2,2,0,0,CLEAR,DRY,FALSE,REAR END - ONE VEHICLE TURNING LEFT,REAR END,STRAIGHT & LEVEL,DAYLIGHT,,,45593.84118,FALSE,162,Accepted,5,5,O,GLARE (SUN),,
33977330,0870100,MT. STERLING POLICE DEPARTMENT,Accepted,MONTGOMERY,KY0686,,INDIAN MOUND,DR,,US0460,MAYSVILLE,,,,,38.07395044,-83.94842784,0.012,10/29/2024,948,2,2,0,0,CLEAR,DRY,FALSE,OTHER INTERSECTION COLLISIONS,REAR END,STRAIGHT & LEVEL,DAYLIGHT,,,45595.63543,FALSE,128,Accepted,5,5,O,GLARE (SUN),DISTRACTION,
33977961,0870000,MONTGOMERY CTY SHERIFF DEPT,Accepted,MONTGOMERY,,,OLD OWINGSVILLE,RD,,,,,,,,38.07096606,-83.92058035,1.322,10/21/2024,1730,1,1,0,0,CLEAR,DRY,FALSE,COLLISION WITH FIXED OBJECT NON - INTERSECTION - FIRST EVENT COLLISION 09 - 32 EXCLUDING 16,SINGLE VEHICLE,STRAIGHT & LEVEL,DAYLIGHT,,,45595.70118,FALSE,226,Accepted,5,5,O,,NOT UNDER PROPER CONTROL,
33977962,0870000,MONTGOMERY CTY SHERIFF DEPT,Accepted,MONTGOMERY,,,DERBY,DR,,,,,,,,38.07751874,-83.89910631,0.19,10/21/2024,1650,2,2,0,0,CLEAR,DRY,FALSE,1 VEHICLE PARKED POSITION (NOT PARKING LOT/DRIVEWAY),BACKING,STRAIGHT & LEVEL,DAYLIGHT,,,45595.70125,FALSE,228,Accepted,5,5,O,,,
33977969,0870000,MONTGOMERY CTY SHERIFF DEPT,Accepted,MONTGOMERY,,,CAMARGO LEVEE,RD,,,,,,,,37.97960731,-83.88332686,0.651,9/25/2024,1917,2,2,0,2,CLOUDY,WET,FALSE,HEAD-ON COLLISION,HEAD ON,CURVE & GRADE,DAYLIGHT,,,45595.70142,FALSE,248,Accepted,5,3,B,SLIPPERY SURFACE,NOT UNDER PROPER CONTROL,
33978992,0870100,MT. STERLING POLICE DEPARTMENT,Accepted,MONTGOMERY,US0460,,MAYSVILLE,RD,,,,,,,,38.07904498,-83.94967923,7.946,10/30/2024,911,2,2,0,0,CLEAR,DRY,FALSE,SIDESWIPE COLLISION - SAME DIRECTION,SIDESWIPE-SAME DIRECTION,STRAIGHT & LEVEL,DAYLIGHT,,,45595.97923,FALSE,167,Accepted,5,5,O,,INATTENTION,
33990331,0870100,MT. STERLING POLICE DEPARTMENT,Accepted,MONTGOMERY,,,QUEEN,ST,S,,WYKAGYL,,,,,38.05333893,-83.93785048,0.184,10/31/2024,1321,2,2,0,0,CLOUDY,DRY,FALSE,ANGLE COLLISION - OTHER,ANGLE,STRAIGHT & LEVEL,DAYLIGHT,,,45598.83209,FALSE,121,Accepted,5,5,O,,INATTENTION,
33990334,0870100,MT. STERLING POLICE DEPARTMENT,Accepted,MONTGOMERY,US0460,,MAYSVILLE,RD,,I 0064,I64 EB EXIT110 OFF RAMP TO US460,,,,,38.07679687,-83.94930765,8.096,11/1/2024,1730,2,2,0,0,CLEAR,DRY,FALSE,SIDESWIPE-SAME DIRECTION,SIDESWIPE-SAME DIRECTION,STRAIGHT & GRADE,DAYLIGHT,,,45598.83216,FALSE,108,Accepted,5,5,O,,,
33990335,0870100,MT. STERLING POLICE DEPARTMENT,Accepted,MONTGOMERY,KY0686,,INDIAN MOUND,DR,,,REESE,,,,,38.06732906,-83.9551463,0.722,11/1/2024,1833,2,2,0,0,CLEAR,DRY,FALSE,ANGLE COLLISION - OTHER,ANGLE,STRAIGHT & LEVEL,DAYLIGHT,,,45598.8322,FALSE,163,Accepted,5,5,O,,TURNING IMPROPERLY,
33990337,0870100,MT. STERLING POLICE DEPARTMENT,Accepted,MONTGOMERY,KY0686,,INDIAN MOUND,DR,,,REESE,,,,,38.06733965,-83.95516938,0.722,10/29/2024,1607,2,2,0,0,CLEAR,DRY,FALSE,ANGLE COLLISION - OTHER,ANGLE,STRAIGHT & LEVEL,DAYLIGHT,,,45598.83229,FALSE,155,Accepted,5,5,O,,OTHER,
33997397,0870100,MT. STERLING POLICE DEPARTMENT,Accepted,MONTGOMERY,KY0686,,INDIAN MOUND,DR,,,COMMONWEALTH,,,,,38.06733461,-83.95543825,0.722,11/2/2024,1404,2,2,0,0,CLEAR,DRY,FALSE,ANGLE COLLISION - OTHER,ANGLE,STRAIGHT & LEVEL,DAYLIGHT,,,45600.65781,FALSE,128,Accepted,5,5,O,,INATTENTION,
33999100,0870100,MT. STERLING POLICE DEPARTMENT,Accepted,MONTGOMERY,KY0686,,INDIAN MOUND,DR,,,PATSY,,,,,38.07104368,-83.95510493,0.464,11/4/2024,1640,2,2,0,1,CLEAR,DRY,FALSE,ANGLE COLLISION - OTHER,ANGLE,CURVE & GRADE,DAYLIGHT,,,45601.02716,FALSE,163,Accepted,5,4,C,,TURNING IMPROPERLY,
34000313,0870000,MONTGOMERY CTY SHERIFF DEPT,Accepted,MONTGOMERY,KY0011,,LEVEE,RD,,,STERLING,,,,,38.0475927,-83.9433433,9.745,10/24/2024,945,2,2,0,0,CLEAR,DRY,TRUE,REAR END - ONE VEHICLE TURNING LEFT,REAR END,STRAIGHT & LEVEL,DAYLIGHT,,,45601.41329,FALSE,252,Accepted,5,5,O,,FOLLOWING TOO CLOSE,
34000314,0870000,MONTGOMERY CTY SHERIFF DEPT,Accepted,MONTGOMERY,KY1991,,HINKSTON,PIKE,,,,,,,,38.07111209,-83.93628999,0.663,10/24/2024,2346,1,1,0,0,CLEAR,DRY,FALSE,OTHER ROADWAY OR MID-BLOCK COLLISION,SINGLE VEHICLE,STRAIGHT & LEVEL,DARK-HWY NOT LIGHTED,,,45601.41348,FALSE,284,Accepted,5,5,O,,ALCOHOL INVOLVEMENT,
34000315,0870000,MONTGOMERY CTY SHERIFF DEPT,Accepted,MONTGOMERY,,,CHILES,HWY,,,,,,,,38.11240302,-84.04154201,0.286,10/27/2024,1820,1,1,0,0,CLEAR,DRY,FALSE,COLLISION WITH ANIMAL NON INTERSECTION,SINGLE VEHICLE,STRAIGHT & LEVEL,DAYLIGHT,,,45601.41357,FALSE,252,Accepted,5,5,O,,,
34000316,0870000,MONTGOMERY CTY SHERIFF DEPT,Accepted,MONTGOMERY,US0060,3348,WINCHESTER,RD,,,,,,,,38.04222367,-84.00272121,1.562,10/28/2024,807,2,2,0,0,CLEAR,DRY,FALSE,SIDESWIPE COLLISION - SAME DIRECTION,SIDESWIPE-SAME DIRECTION,STRAIGHT & LEVEL,DAYLIGHT,,,45601.41364,FALSE,231,Accepted,5,5,O,,IMPROPER PASSING,
34000319,0870000,MONTGOMERY CTY SHERIFF DEPT,Accepted,MONTGOMERY,KY1314,,CALK LAKE,RD,,,,,,,,37.91497948,-83.84668735,1.38,10/24/2024,1740,2,1,0,1,CLEAR,DRY,FALSE,OTHER COLLISIONS ON SHOULDER,SINGLE VEHICLE,CURVE & LEVEL,DAYLIGHT,,,45601.41377,FALSE,255,Accepted,5,4,C,,"ALCOHOL INVOLVEMENT, DRUG INVOLVEMENT",
34000320,0870000,MONTGOMERY CTY SHERIFF DEPT,Accepted,MONTGOMERY,KY0213,940,KY213,,,,,,,,,37.97488296,-83.85234511,5.196,10/26/2024,1602,2,2,0,0,CLEAR,DRY,FALSE,1 VEHICLE PARKED POSITION (NOT PARKING LOT/DRIVEWAY),BACKING,STRAIGHT & LEVEL,DAYLIGHT,,,45601.41385,FALSE,228,Accepted,5,5,O,,,
34000321,0870000,MONTGOMERY CTY SHERIFF DEPT,Accepted,MONTGOMERY,KY0011,,LEVEE,RD,,,,,,,,38.0097477,-83.94878387,7.046,10/30/2024,800,2,2,0,0,CLEAR,DRY,FALSE,1 VEHICLE ENTERING/LEAVING ENTRANCE,ANGLE,CURVE & GRADE,DAWN,,,45601.41392,FALSE,228,Accepted,5,5,O,,,"OTHER, TIRES"
34000322,0870000,MONTGOMERY CTY SHERIFF DEPT,Accepted,MONTGOMERY,KY0646,,NEST EGG,RD,,,IRIS,,,,,37.95847529,-83.9740364,6.907,10/31/2024,700,2,2,0,0,CLEAR,DRY,FALSE,OPPOSITE DIRECTION - BOTH VEHICLES GOING STRAIGHT AHEAD,SIDESWIPE-OPPOSITE DIRECTION,CURVE & LEVEL,DARK-HWY LIGHTED/OFF,,,45601.41399,FALSE,252,Accepted,5,5,O,,MISJUDGE CLEARANCE,
34009570,KSP0800,"KY STATE POLICE, POST 08",Accepted,MONTGOMERY,KY1331,,HOWARDS MILL,RD,,,,,,,,38.06365154,-83.83723204,4.07,11/6/2024,1700,1,1,0,1,CLOUDY,WET,FALSE,RAN OFF ROADWAY (1 VEHICLE WITH/EARTH EMBANKMENT/DITCH),SINGLE VEHICLE,CURVE & GRADE,DAYLIGHT,,,45603.56323,FALSE,436,Accepted,3,3,B,SLIPPERY SURFACE,NOT UNDER PROPER CONTROL,
34014710,0870100,MT. STERLING POLICE DEPARTMENT,Accepted,MONTGOMERY,US0460,,MAYSVILLE,RD,,,,,,,,38.07887734,-83.94948408,7.944,11/6/2024,1120,2,2,0,0,CLOUDY,WET,FALSE,1 VEHICLE ENTERING/LEAVING ENTRANCE,ANGLE,STRAIGHT & LEVEL,DAYLIGHT,,,45604.64803,FALSE,120,Accepted,5,5,O,,"NOT UNDER PROPER CONTROL, OVERCORRECTING/OVERSTEERING",
34014712,0870100,MT. STERLING POLICE DEPARTMENT,Accepted,MONTGOMERY,,,MAYSVILLE,AVE,,,,,,,,38.06539793,-83.94525617,0.003,11/6/2024,812,2,2,0,0,CLEAR,DRY,FALSE,VEHICLE BACKING NON INTERSECTION,BACKING,STRAIGHT & GRADE,DAYLIGHT,,,45604.64812,FALSE,149,Accepted,5,5,O,,MISJUDGE CLEARANCE,