IncidentID,AgencyORI,AgencyName,IncidentStatusDesc,County,RdwyNumber,Street,RoadwayName,StreetSfx,StreetDir,IntersectionRdwy,IntersectionRdwyName,BetweenStRdwy1,BetweenStRdwyName1,BetweenStRdwy2,BetweenStRdwyName2,Latitude,Longitude,Milepoint,CollisionDate,CollisionTime,UnitsInvolved,MotorVehiclesInvolved,NumberKilled,NumberInjured,Weather,RdwyConditionCode,HitandRun,DirAnalysisCode,MannerofCollision,RdwyCharacter,LightCondition,RampFromRdwyId,RampToRdwyId,AcceptedDate,IsSecondaryCollision,OwnerBadge,IncidentStatus,InjurySeverityCde,KABCO Code,KABCO,Environmental_Factors,Human_Factors,Vehicular_Factors
34014713,0870100,MT. STERLING POLICE DEPARTMENT,Accepted,MONTGOMERY,US0460,,MAYSVILLE,ST,N,,,,,,,38.07551911,-83.9487014,8.2,11/7/2024,1816,2,2,0,0,RAINING,WET,FALSE,REAR END IN TRAFFIC LANES BOTH VEHICLES MOVING,REAR END,STRAIGHT & LEVEL,DUSK,,,45604.64818,FALSE,149,Accepted,5,5,O,SLIPPERY SURFACE,INATTENTION,
34019345,0870000,MONTGOMERY CTY SHERIFF DEPT,Accepted,MONTGOMERY,,,WELCH,RD,,KY0213,KY213,,,,,37.9683016,-83.85820874,0.006,10/28/2024,1440,2,1,0,0,CLEAR,DRY,FALSE,HEAD-ON COLLISION,HEAD ON,CURVE & GRADE,DAYLIGHT,,,45606.12848,FALSE,232,Accepted,5,5,O,,MISJUDGE CLEARANCE,
34027392,KSP0800,"KY STATE POLICE, POST 08",Accepted,MONTGOMERY,,,FOX,RD,,,,,,,,37.96918671,-83.91679067,0.21,11/10/2024,846,1,1,0,0,CLOUDY,WET,FALSE,COLLISION WITH FIXED OBJECT NON - INTERSECTION - FIRST EVENT COLLISION 09 - 32 EXCLUDING 16,SINGLE VEHICLE,CURVE & GRADE,DAYLIGHT,,,45608.38429,FALSE,522,Accepted,5,5,O,SLIPPERY SURFACE,NOT UNDER PROPER CONTROL,
34035151,0870100,MT. STERLING POLICE DEPARTMENT,Accepted,MONTGOMERY,US0460,521,MAYSVILLE,ST,N,,,,,,,38.06916637,-83.9464286,8.641,11/12/2024,1323,2,2,0,0,CLEAR,DRY,FALSE,1 VEHICLE PARKED POSITION (NOT PARKING LOT/DRIVEWAY),ANGLE,STRAIGHT & LEVEL,DAYLIGHT,,,45609.73975,FALSE,120,Accepted,5,5,O,,"IMPROPER BACKING, INATTENTION",
34054127,0870100,MT. STERLING POLICE DEPARTMENT,Accepted,MONTGOMERY,,,WILSON,ALY,,US0060,MAIN,,,,,38.05701797,-83.94079834,0.062,11/14/2024,1736,2,2,0,0,RAINING,WET,FALSE,VEHICLE BACKING IN INTERSECTION,BACKING,STRAIGHT & LEVEL,DARK-HWY LIGHTED/ON,,,45614.75207,FALSE,154,Accepted,5,5,O,,INATTENTION,OTHER
34054128,0870100,MT. STERLING POLICE DEPARTMENT,Accepted,MONTGOMERY,KY0011,,LEVEE,RD,,,WOODFORD,,,,,38.04659025,-83.94396185,9.678,11/13/2024,1735,2,2,0,0,CLEAR,DRY,TRUE,OPPOSITE DIRECTION - BOTH VEHICLES GOING STRAIGHT AHEAD,SIDESWIPE-OPPOSITE DIRECTION,STRAIGHT & LEVEL,DUSK,,,45614.75215,FALSE,162,Accepted,5,5,O,,INATTENTION,
34054130,0870100,MT. STERLING POLICE DEPARTMENT,Accepted,MONTGOMERY,KY0686,1140,INDIAN MOUND,DR,,,,,,,,38.06726158,-83.95544709,0.716,11/12/2024,1500,2,2,0,0,CLEAR,DRY,FALSE,OTHER ROADWAY OR MID-BLOCK COLLISION,OPPOSING LEFT TURN,STRAIGHT & LEVEL,DAYLIGHT,,,45614.75224,FALSE,149,Accepted,5,5,O,,INATTENTION,
34055635,0870100,MT. STERLING POLICE DEPARTMENT,Accepted,MONTGOMERY,US0460,,MAYSVILLE,ST,N,,EVANS,,,,,38.07598178,-83.94894576,8.15,11/18/2024,1744,2,2,0,0,CLEAR,DRY,FALSE,OTHER INTERSECTION COLLISIONS,REAR END,STRAIGHT & LEVEL,DUSK,,,45615.19212,FALSE,162,Accepted,5,5,O,,INATTENTION,
34055636,0870100,MT. STERLING POLICE DEPARTMENT,Accepted,MONTGOMERY,KY0686,,INDIAN MOUND,DR,,US0060,WINCHESTER,,,,,38.05386884,-83.95648424,1.657,11/18/2024,1730,2,2,0,0,CLEAR,DRY,FALSE,OTHER INTERSECTION COLLISIONS,REAR END,STRAIGHT & LEVEL,DUSK,,,45615.19224,FALSE,163,Accepted,5,5,O,,INATTENTION,
34059310,0870100,MT. STERLING POLICE DEPARTMENT,Accepted,MONTGOMERY,US0460,,MAYSVILLE,ST,N,,,,,,,38.0765664,-83.94902546,8.111,11/19/2024,1623,2,2,0,0,RAINING,WET,TRUE,REAR END IN TRAFFIC LANES BOTH VEHICLES MOVING,REAR END,STRAIGHT & LEVEL,DAYLIGHT,,,45615.84955,FALSE,160,Accepted,5,5,O,SLIPPERY SURFACE,,
34059311,0870100,MT. STERLING POLICE DEPARTMENT,Accepted,MONTGOMERY,US0460,,MAYSVILLE,ST,N,,,,,,,38.07250262,-83.94773781,8.411,11/19/2024,1825,2,2,0,0,RAINING,WET,FALSE,1 VEHICLE ENTERING/LEAVING ENTRANCE,ANGLE,STRAIGHT & LEVEL,DARK-HWY LIGHTED/ON,,,45615.84964,FALSE,160,Accepted,5,5,O,,INATTENTION,
34061864,0870000,MONTGOMERY CTY SHERIFF DEPT,Accepted,MONTGOMERY,KY0686,,INDIAN MOUND,DR,,,,,,,,38.05403723,-83.95640432,1.641,10/29/2024,1511,2,2,0,0,CLEAR,DRY,FALSE,OTHER ROADWAY OR MID-BLOCK COLLISION,REAR END,STRAIGHT & LEVEL,DAYLIGHT,,,45616.4692,FALSE,231,Accepted,5,5,O,,INATTENTION,
34061866,0870000,MONTGOMERY CTY SHERIFF DEPT,Accepted,MONTGOMERY,,,WARE CHAPEL,RD,S,,,,,,,37.94414192,-83.87733278,0.032,10/16/2024,2308,1,1,0,0,CLOUDY,DRY,FALSE,COLLISION WITH FIXED OBJECT NON - INTERSECTION - FIRST EVENT COLLISION 09 - 32 EXCLUDING 16,SINGLE VEHICLE,STRAIGHT & LEVEL,DARK-HWY NOT LIGHTED,,,45616.46934,FALSE,248,Accepted,5,5,O,GLARE (OTHER),NOT UNDER PROPER CONTROL,
34061886,0870000,MONTGOMERY CTY SHERIFF DEPT,Accepted,MONTGOMERY,KY0213,,KY213,,S,,,,,,,37.92230644,-83.86291968,1.266,11/1/2024,1415,1,1,0,1,CLEAR,DRY,FALSE,OTHER ROADWAY OR MID-BLOCK COLLISION,SINGLE VEHICLE,STRAIGHT & LEVEL,DAYLIGHT,,,45616.47041,FALSE,231,Accepted,5,2,A,,"FAILED TO KEEP PROPER LANE, NOT UNDER PROPER CONTROL",
34061908,0870000,MONTGOMERY CTY SHERIFF DEPT,Accepted,MONTGOMERY,US0060,3060,OWINGSVILLE,RD,,,,,,,,38.08598045,-83.89878014,8.531,11/5/2024,745,2,2,0,0,CLEAR,DRY,FALSE,SIDESWIPE COLLISION - OPPOSITE DIRECTION,SIDESWIPE-OPPOSITE DIRECTION,STRAIGHT & LEVEL,DAYLIGHT,,,45616.47077,FALSE,252,Accepted,5,5,O,,MISJUDGE CLEARANCE,
34062405,0870000,MONTGOMERY CTY SHERIFF DEPT,Accepted,MONTGOMERY,KY0713,,GRASSY LICK,RD,,,,,,,,38.05836092,-83.95823959,5.69,11/5/2024,647,1,1,0,0,CLEAR,DRY,FALSE,COLLISION WITH ANIMAL NON INTERSECTION,SINGLE VEHICLE,STRAIGHT & LEVEL,DAWN,,,45616.56163,FALSE,228,Accepted,5,5,O,ANIMALS ACTION,,
34062406,0870000,MONTGOMERY CTY SHERIFF DEPT,Accepted,MONTGOMERY,KY0213,4555,KY213,,,,,,,,,37.9182606,-83.86808657,0.862,11/5/2024,1338,1,1,0,0,CLEAR,DRY,FALSE,COLLISION WITH FIXED OBJECT NON - INTERSECTION - FIRST EVENT COLLISION 09 - 32 EXCLUDING 16,SINGLE VEHICLE,STRAIGHT & LEVEL,DAYLIGHT,,,45616.56172,FALSE,228,Accepted,5,5,O,,NOT UNDER PROPER CONTROL,OTHER
34062412,0870000,MONTGOMERY CTY SHERIFF DEPT,Accepted,MONTGOMERY,KY0213,,BEDFORD,RD,,,,,,,,38.01102282,-83.83060419,8.136,11/6/2024,1619,1,1,0,1,CLOUDY,WET,FALSE,RAN OFF ROADWAY (1 VEHICLE WITH/EARTH EMBANKMENT/DITCH),SINGLE VEHICLE,CURVE & GRADE,DAYLIGHT,,,45616.56207,FALSE,231,Accepted,3,3,B,SLIPPERY SURFACE,"NOT UNDER PROPER CONTROL, TOO FAST FOR CONDITIONS",
34062415,0870000,MONTGOMERY CTY SHERIFF DEPT,Accepted,MONTGOMERY,KY0686,,INDIAN MOUND,DR,,,RICHMOND,,,,,38.04233917,-83.95070237,2.604,10/24/2024,837,2,2,0,1,CLEAR,DRY,FALSE,ANGLE COLLISION - OTHER,ANGLE,STRAIGHT & LEVEL,DAYLIGHT,,,45616.56219,FALSE,231,Accepted,5,3,B,GLARE (SUN),MISJUDGE CLEARANCE,
34062419,0870000,MONTGOMERY CTY SHERIFF DEPT,Accepted,MONTGOMERY,KY0011,1750,LEVEE,RD,,,,,,,,38.03201863,-83.94974201,8.642,11/6/2024,1517,1,1,0,1,RAINING,WET,FALSE,RAN OFF ROADWAY (1 VEHICLE WITH/EARTH EMBANKMENT/DITCH),SINGLE VEHICLE,STRAIGHT & LEVEL,DAYLIGHT,,,45616.56229,FALSE,238,Accepted,4,4,C,,"ALCOHOL INVOLVEMENT, DRUG INVOLVEMENT",
34062420,0870000,MONTGOMERY CTY SHERIFF DEPT,Accepted,MONTGOMERY,KY0713,,SPENCER,PIKE,,,,,,,,38.0312553,-83.85966385,11.582,11/6/2024,1648,2,2,0,0,CLEAR,WET,FALSE,SIDESWIPE COLLISION - OPPOSITE DIRECTION,SIDESWIPE-OPPOSITE DIRECTION,STRAIGHT & LEVEL,DAYLIGHT,,,45616.56245,FALSE,238,Accepted,5,5,O,OTHER,,
34062421,0870000,MONTGOMERY CTY SHERIFF DEPT,Accepted,MONTGOMERY,US0460,,PARIS,RD,,,,,,,,38.10186793,-84.00958513,3.769,11/6/2024,1717,1,1,0,0,CLOUDY,WET,FALSE,RAN OFF ROADWAY (1 VEHICLE WITH/EARTH EMBANKMENT/DITCH),SINGLE VEHICLE,CURVE & LEVEL,DAYLIGHT,,,45616.5626,FALSE,238,Accepted,5,5,O,SLIPPERY SURFACE,,
34062422,0870000,MONTGOMERY CTY SHERIFF DEPT,Accepted,MONTGOMERY,KY0646,,WILLOUGHBY TOWN,RD,,,,,,,,37.94627348,-83.88277113,1.097,11/7/2024,2148,2,2,0,0,CLOUDY,DRY,FALSE,1 VEHICLE PARKED POSITION (NOT PARKING LOT/DRIVEWAY),BACKING,STRAIGHT & LEVEL,DARK-HWY LIGHTED/OFF,,,45616.56274,FALSE,248,Accepted,5,5,O,,"INATTENTION, MISJUDGE CLEARANCE",
34062429,0870000,MONTGOMERY CTY SHERIFF DEPT,Accepted,MONTGOMERY,KY0011,,LEVEE,RD,,KY0646,KIDDVILLE,,,,,38.00964267,-83.94877818,7.039,11/10/2024,1,1,1,0,0,RAINING,WET,FALSE,OTHER INTERSECTION COLLISIONS,SINGLE VEHICLE,CURVE & GRADE,DARK-HWY LIGHTED/ON,,,45616.56323,FALSE,298,Accepted,5,5,O,,"EXCEEDED STATED SPEED LIMIT, NOT UNDER PROPER CONTROL, TOO FAST FOR CONDITIONS",
34062430,0870000,MONTGOMERY CTY SHERIFF DEPT,Accepted,MONTGOMERY,US0460,,MAIN,ST,,,,,,,,37.96993572,-83.83069889,18.582,11/8/2024,33,1,1,0,0,CLEAR,DRY,FALSE,COLLISION WITH ANIMAL NON INTERSECTION,SINGLE VEHICLE,STRAIGHT & LEVEL,DARK-HWY NOT LIGHTED,,,45616.56337,FALSE,255,Accepted,5,5,O,ANIMALS ACTION,,
34062431,0870000,MONTGOMERY CTY SHERIFF DEPT,Accepted,MONTGOMERY,KY0599,,KY599,,,,,,,,,37.96480824,-83.84333159,5.44,11/2/2024,2328,1,1,0,0,CLEAR,DRY,FALSE,COLLISION WITH ANIMAL NON INTERSECTION,SINGLE VEHICLE,STRAIGHT & LEVEL,DARK-HWY NOT LIGHTED,,,45616.56346,FALSE,255,Accepted,5,5,O,,,
34062433,0870000,MONTGOMERY CTY SHERIFF DEPT,Accepted,MONTGOMERY,KY0011,8050,LEVEE,RD,,,,,,,,37.96194872,-83.93836951,3.601,11/13/2024,1445,1,1,0,1,CLEAR,DRY,FALSE,COLLISION WITH FIXED OBJECT NON - INTERSECTION - FIRST EVENT COLLISION 09 - 32 EXCLUDING 16,SINGLE VEHICLE,CURVE & LEVEL,DAYLIGHT,,,45616.56358,FALSE,252,Accepted,5,4,C,,FELL ASLEEP,
34062437,0870000,MONTGOMERY CTY SHERIFF DEPT,Accepted,MONTGOMERY,KY0713,,SPENCER,PIKE,,,HARPERS RIDGE,,,,,38.02891239,-83.84065048,12.707,11/13/2024,2016,2,2,0,0,RAINING,WET,FALSE,OPPOSITE DIRECTION - BOTH VEHICLES GOING STRAIGHT AHEAD,SIDESWIPE-OPPOSITE DIRECTION,CURVE & LEVEL,DARK-HWY NOT LIGHTED,,,45616.56372,FALSE,298,Accepted,5,5,O,,MISJUDGE CLEARANCE,
34062444,0870000,MONTGOMERY CTY SHERIFF DEPT,Accepted,MONTGOMERY,KY0646,7930,CREAM ALLEY,RD,,,,,,,,37.96324111,-83.91106734,3.116,11/12/2024,1553,1,1,0,0,CLEAR,DRY,FALSE,RAN OFF ROADWAY (1 VEHICLE WITH/EARTH EMBANKMENT/DITCH),SINGLE VEHICLE,STRAIGHT & LEVEL,DAYLIGHT,,,45616.56391,FALSE,231,Accepted,5,5,O,ANIMALS ACTION,NOT UNDER PROPER CONTROL,
34063680,0870100,MT. STERLING POLICE DEPARTMENT,Accepted,MONTGOMERY,US0460,,MAYSVILLE,RD,,,,,,,,38.07871871,-83.94944632,7.989,11/19/2024,842,2,2,0,1,RAINING,WET,FALSE,REAR END IN TRAFFIC LANES BOTH VEHICLES MOVING,REAR END,STRAIGHT & LEVEL,DAYLIGHT,,,45616.70859,FALSE,167,Accepted,5,4,C,,NOT UNDER PROPER CONTROL,
34063684,0870100,MT. STERLING POLICE DEPARTMENT,Accepted,MONTGOMERY,KY0686,892,INDIAN MOUND,DR,,,,,,,,38.06031286,-83.95582357,1.256,11/19/2024,1711,2,2,0,0,RAINING,WET,FALSE,REAR END IN TRAFFIC LANES BOTH VEHICLES MOVING,REAR END,STRAIGHT & LEVEL,DAYLIGHT,,,45616.70887,FALSE,154,Accepted,5,5,O,SLIPPERY SURFACE,,
34064345,0870100,MT. STERLING POLICE DEPARTMENT,Accepted,MONTGOMERY,US0460,,MAYSVILLE,ST,N,,,,,,,38.0597966,-83.94320556,9.32,11/20/2024,1543,3,3,0,1,CLEAR,DRY,FALSE,HEAD-ON COLLISION,HEAD ON,STRAIGHT & LEVEL,DAYLIGHT,,,45616.8666,FALSE,160,Accepted,5,3,B,,INATTENTION,
34067393,0870000,MONTGOMERY CTY SHERIFF DEPT,Accepted,MONTGOMERY,KY0011,3963,LEVEE,RD,,,,,,,,38.02617932,-83.94855961,8.232,11/16/2024,900,1,1,0,0,CLOUDY,DRY,FALSE,COLLISION WITH ANIMAL NON INTERSECTION,SINGLE VEHICLE,STRAIGHT & LEVEL,DAYLIGHT,,,45617.57901,FALSE,252,Accepted,5,5,O,ANIMALS ACTION,,
34067401,0870000,MONTGOMERY CTY SHERIFF DEPT,Accepted,MONTGOMERY,,,LOWER SPRUCE,RD,,,,,,,,37.94384313,-83.81227144,0.189,11/16/2024,1815,1,1,0,0,CLEAR,DRY,FALSE,COLLISION WITH ANIMAL NON INTERSECTION,SINGLE VEHICLE,STRAIGHT & LEVEL,DARK-HWY NOT LIGHTED,,,45617.57919,FALSE,248,Accepted,5,5,O,ANIMALS ACTION,,
34067528,0870000,MONTGOMERY CTY SHERIFF DEPT,Accepted,MONTGOMERY,US0460,,CAMARGO,RD,,,,,,,,38.04328358,-83.93468924,10.602,11/20/2024,1732,2,2,0,0,CLOUDY,DRY,FALSE,OTHER ROADWAY OR MID-BLOCK COLLISION,REAR END,STRAIGHT & LEVEL,DUSK,,,45617.5972,FALSE,231,Accepted,5,5,O,,INATTENTION,
34070775,0870000,MONTGOMERY CTY SHERIFF DEPT,Accepted,MONTGOMERY,KY0686,,INDIAN MOUND,DR,,KY0713,SPENCER,,,,,38.05451732,-83.91674586,4.846,11/20/2024,1828,2,2,0,0,CLEAR,DRY,FALSE,ANGLE COLLISION - OTHER,ANGLE,STRAIGHT & LEVEL,DARK-HWY LIGHTED/ON,,,45618.41526,FALSE,255,Accepted,5,5,O,,INATTENTION,
34072106,0870100,MT. STERLING POLICE DEPARTMENT,Accepted,MONTGOMERY,US0460,,MAYSVILLE,ST,N,,,,,,,38.07050651,-83.94687712,8.556,11/1/2024,1210,2,2,0,0,CLEAR,DRY,FALSE,REAR END IN TRAFFIC LANES BOTH VEHICLES MOVING,REAR END,STRAIGHT & LEVEL,DAWN,,,45618.66893,FALSE,149,Accepted,5,5,O,,INATTENTION,
34072111,0870100,MT. STERLING POLICE DEPARTMENT,Accepted,MONTGOMERY,US0060,,MAIN,ST,W,,,,,,,38.05413115,-83.9531985,4.495,11/18/2024,1046,2,2,0,0,CLEAR,DRY,FALSE,VEHICLE BACKING NON INTERSECTION,BACKING,STRAIGHT & LEVEL,DAYLIGHT,,,45618.66909,FALSE,149,Accepted,5,5,O,,INATTENTION,
34080550,0870000,MONTGOMERY CTY SHERIFF DEPT,Accepted,MONTGOMERY,KY0011,,LEVEE,RD,,,,,,,,38.01036585,-83.94953405,7.109,10/30/2024,804,2,1,0,0,CLEAR,DRY,TRUE,SIDESWIPE COLLISION - OPPOSITE DIRECTION,SIDESWIPE-OPPOSITE DIRECTION,STRAIGHT & GRADE,DAYLIGHT,,,45621.3465,FALSE,226,Accepted,5,5,O,,FAILED TO YIELD RIGHT OF WAY,
34083381,0870100,MT. STERLING POLICE DEPARTMENT,Accepted,MONTGOMERY,US0460,,CAMARGO,RD,,,,,,,,38.04174175,-83.93423315,10.715,11/15/2024,933,2,2,0,0,CLOUDY,WET,FALSE,REAR END IN TRAFFIC LANES BOTH VEHICLES MOVING,REAR END,STRAIGHT & LEVEL,DAYLIGHT,,,45621.7018,FALSE,167,Accepted,5,5,O,,INATTENTION,
34085131,0870100,MT. STERLING POLICE DEPARTMENT,Accepted,MONTGOMERY,US0460,,MAYSVILLE,ST,N,,,,,,,38.0749228,-83.94848027,8.226,11/25/2024,1917,2,2,0,2,CLEAR,DRY,FALSE,OTHER ROADWAY OR MID-BLOCK COLLISION,REAR END,STRAIGHT & LEVEL,DARK-HWY LIGHTED/ON,,,45622.21943,FALSE,160,Accepted,3,3,B,,INATTENTION,
34086393,0870000,MONTGOMERY CTY SHERIFF DEPT,Accepted,MONTGOMERY,KY0686,,INDIAN MOUND,DR,,,FOGG PIKE CONN,,,,,38.0419917,-83.95079178,2.601,11/13/2024,1652,2,2,0,0,CLOUDY,DRY,FALSE,ANGLE COLLISION - OTHER,ANGLE,STRAIGHT & LEVEL,DUSK,,,45622.45358,FALSE,228,Accepted,5,5,O,,FAILED TO YIELD RIGHT OF WAY,
34086394,0870000,MONTGOMERY CTY SHERIFF DEPT,Accepted,MONTGOMERY,KY0011,,MAYSVILLE,RD,,,,,,,,38.10478074,-83.9544611,11.218,11/18/2024,720,1,1,0,1,CLOUDY,DRY,FALSE,COLLISION WITH ANIMAL NON INTERSECTION,SINGLE VEHICLE,STRAIGHT & LEVEL,DAWN,,,45622.45366,FALSE,228,Accepted,5,3,B,ANIMALS ACTION,,
34086396,0870000,MONTGOMERY CTY SHERIFF DEPT,Accepted,MONTGOMERY,US0460,,CAMARGO,RD,,,WOODFORD,,,,,38.04462317,-83.93506951,10.505,11/8/2024,816,2,2,1,0,CLEAR,DRY,FALSE,OTHER INTERSECTION COLLISIONS,REAR END,STRAIGHT & LEVEL,DAYLIGHT,,,45622.45381,FALSE,228,Accepted,5,1,K,,LOST CONSCIOUSNESS/FAINTED,
34086397,0870000,MONTGOMERY CTY SHERIFF DEPT,Accepted,MONTGOMERY,KY0011,4300,LEVEE,RD,,,,,,,,37.98785899,-83.94058627,5.351,11/19/2024,1535,1,1,0,0,RAINING,WET,FALSE,COLLISION WITH FIXED OBJECT NON - INTERSECTION - FIRST EVENT COLLISION 09 - 32 EXCLUDING 16,SINGLE VEHICLE,STRAIGHT & LEVEL,DAYLIGHT,,,45622.45391,FALSE,228,Accepted,5,5,O,OTHER,,
34086398,0870000,MONTGOMERY CTY SHERIFF DEPT,Accepted,MONTGOMERY,US0060,3387,WINCHESTER,RD,,,,,,,,38.03893603,-84.00651324,1.249,11/23/2024,51,1,1,0,0,CLEAR,WET,FALSE,OTHER ROADWAY OR MID-BLOCK COLLISION,SINGLE VEHICLE,CURVE & HILLCREST,DARK-HWY LIGHTED/OFF,,,45622.45402,FALSE,298,Accepted,5,5,O,SLIPPERY SURFACE,,
34091875,0870000,MONTGOMERY CTY SHERIFF DEPT,Accepted,MONTGOMERY,KY1991,,HINKSTON,PIKE,,,,,,,,38.10916618,-83.92254626,3.746,11/19/2024,948,2,2,0,0,CLOUDY,DRY,FALSE,SIDESWIPE COLLISION - OPPOSITE DIRECTION,SIDESWIPE-OPPOSITE DIRECTION,CURVE & LEVEL,DAYLIGHT,,,45623.53886,FALSE,226,Accepted,5,5,O,SLIPPERY SURFACE,NOT UNDER PROPER CONTROL,
34091877,0870000,MONTGOMERY CTY SHERIFF DEPT,Accepted,MONTGOMERY,US0060,,WINCHESTER,RD,,,,,,,,38.03539678,-84.01377625,0.761,11/22/2024,1707,1,1,0,0,CLEAR,WET,FALSE,COLLISION WITH ANIMAL NON INTERSECTION,SINGLE VEHICLE,STRAIGHT & LEVEL,DAYLIGHT,,,45623.53906,FALSE,298,Accepted,5,5,O,ANIMALS ACTION,,
34093276,0870100,MT. STERLING POLICE DEPARTMENT,Accepted,MONTGOMERY,US0460,,MAYSVILLE,RD,,,,,,,,38.07931835,-83.94969224,7.941,11/25/2024,939,2,2,0,0,CLEAR,DRY,FALSE,SIDESWIPE COLLISION - SAME DIRECTION,SIDESWIPE-SAME DIRECTION,STRAIGHT & GRADE,DAYLIGHT,,,45623.77444,FALSE,139,Accepted,5,5,O,,INATTENTION,
34094383,0870100,MT. STERLING POLICE DEPARTMENT,Accepted,MONTGOMERY,,,HIGH,ST,W,,,,,,,38.05700708,-83.94512928,0.15,11/27/2024,2245,3,3,0,0,RAINING,WET,FALSE,1 VEHICLE PARKED POSITION (NOT PARKING LOT/DRIVEWAY),REAR END,STRAIGHT & GRADE,DARK-HWY LIGHTED/ON,,,45624.13221,FALSE,166,Accepted,5,5,O,,ALCOHOL INVOLVEMENT,
34100905,0870100,MT. STERLING POLICE DEPARTMENT,Accepted,MONTGOMERY,,,COMMONWEALTH,DR,,,,,,,,38.06774356,-83.95943348,0.223,11/29/2024,630,1,1,0,0,CLEAR,DRY,FALSE,COLLISION WITH FIXED OBJECT NON - INTERSECTION - FIRST EVENT COLLISION 09 - 32 EXCLUDING 16,SINGLE VEHICLE,STRAIGHT & LEVEL,DARK (UNKNOWN ROADWAY LIGHTING),,,45626.78093,FALSE,149,Accepted,5,5,O,,INATTENTION,
34109428,0870100,MT. STERLING POLICE DEPARTMENT,Accepted,MONTGOMERY,KY0686,,INDIAN MOUND,DR,,,,,,,,38.04180146,-83.93458676,3.491,12/1/2024,1016,2,2,0,0,CLEAR,WET,FALSE,REAR END IN TRAFFIC LANES BOTH VEHICLES MOVING,REAR END,STRAIGHT & LEVEL,DAYLIGHT,,,45628.73069,FALSE,167,Accepted,5,5,O,,,
34122046,0870100,MT. STERLING POLICE DEPARTMENT,Accepted,MONTGOMERY,,,CAMARGO LEVEE,RD,,US0460,CAMARGO,,,,,37.99342603,-83.88604797,,12/3/2024,2045,1,1,0,0,CLOUDY,DRY,FALSE,COLLISION WITH ANIMAL IN INTERSECTION,SINGLE VEHICLE,STRAIGHT & LEVEL,DARK-HWY LIGHTED/ON,,,45631.58327,FALSE,129,Accepted,5,5,O,ANIMALS ACTION,,
34122086,0870100,MT. STERLING POLICE DEPARTMENT,Accepted,MONTGOMERY,KY0686,,INDIAN MOUND,DR,,,PATSY,,,,,38.07096951,-83.95488116,0.463,12/5/2024,1231,2,2,0,0,CLEAR,DRY,FALSE,ANGLE COLLISION - ONE VEHICLE TURNING LEFT,ANGLE,STRAIGHT & GRADE,DAYLIGHT,,,45631.58609,FALSE,163,Accepted,5,5,O,,FAILED TO KEEP PROPER LANE,
34132533,0870100,MT. STERLING POLICE DEPARTMENT,Accepted,MONTGOMERY,,,FALCON,DR,,,,,,,,38.07563662,-83.94837971,0.003,12/6/2024,1744,2,2,0,0,CLEAR,DRY,FALSE,1 VEHICLE ENTERING/LEAVING ENTRANCE,ANGLE,STRAIGHT & LEVEL,DARK-HWY LIGHTED/ON,,,45634.77082,FALSE,154,Accepted,5,5,O,,,
34133470,0870100,MT. STERLING POLICE DEPARTMENT,Accepted,MONTGOMERY,KY0686,800,INDIAN MOUND,DR,,,,,,,,38.06777884,-83.95519211,0.688,12/4/2024,1805,2,2,0,0,CLEAR,DRY,FALSE,OTHER ROADWAY OR MID-BLOCK COLLISION,REAR END,STRAIGHT & LEVEL,DARK-HWY LIGHTED/ON,,,45635.10359,FALSE,162,Accepted,5,5,O,,INATTENTION,
34133472,0870100,MT. STERLING POLICE DEPARTMENT,Accepted,MONTGOMERY,,109,STERLING,AVE,,,,,,,,38.06142959,-83.9489608,0.203,12/6/2024,1133,2,2,0,0,CLEAR,DRY,FALSE,1 VEHICLE PARKED POSITION (NOT PARKING LOT/DRIVEWAY),BACKING,STRAIGHT & LEVEL,DAYLIGHT,,,45635.1037,FALSE,128,Accepted,5,5,O,,MISJUDGE CLEARANCE,
34133473,0870100,MT. STERLING POLICE DEPARTMENT,Accepted,MONTGOMERY,KY0686,,INDIAN MOUND,DR,,,,,,,,38.05378838,-83.95626524,1.66,12/6/2024,2123,2,2,0,0,CLEAR,DRY,FALSE,OTHER ROADWAY OR MID-BLOCK COLLISION,OPPOSING LEFT TURN,STRAIGHT & LEVEL,DARK-HWY LIGHTED/ON,,,45635.10375,FALSE,160,Accepted,5,5,O,,INATTENTION,
34135349,KSP0800,"KY STATE POLICE, POST 08",Accepted,MONTGOMERY,US0460,,PARIS,RD,,,,,,,,38.12019292,-84.05405638,0.924,12/4/2024,735,2,2,0,0,CLOUDY,DRY,FALSE,SIDESWIPE COLLISION - OPPOSITE DIRECTION,SIDESWIPE-OPPOSITE DIRECTION,STRAIGHT & LEVEL,DAWN,,,45635.44302,FALSE,522,Accepted,5,5,O,,"FAILED TO KEEP PROPER LANE, NOT UNDER PROPER CONTROL",
34141454,0870100,MT. STERLING POLICE DEPARTMENT,Accepted,MONTGOMERY,KY0686,,INDIAN MOUND,DR,,,REESE,,,,,38.06732576,-83.95517614,0.722,12/5/2024,1406,2,2,0,0,CLEAR,DRY,FALSE,ANGLE COLLISION - OTHER,ANGLE,STRAIGHT & LEVEL,DAYLIGHT,,,45636.60567,FALSE,120,Accepted,5,5,O,,"FAILED TO YIELD RIGHT OF WAY, INATTENTION",