IncidentID,AgencyORI,AgencyName,IncidentStatusDesc,County,RdwyNumber,Street,RoadwayName,StreetSfx,StreetDir,IntersectionRdwy,IntersectionRdwyName,BetweenStRdwy1,BetweenStRdwyName1,BetweenStRdwy2,BetweenStRdwyName2,Latitude,Longitude,Milepoint,CollisionDate,CollisionTime,UnitsInvolved,MotorVehiclesInvolved,NumberKilled,NumberInjured,Weather,RdwyConditionCode,HitandRun,DirAnalysisCode,MannerofCollision,RdwyCharacter,LightCondition,RampFromRdwyId,RampToRdwyId,AcceptedDate,IsSecondaryCollision,OwnerBadge,IncidentStatus,InjurySeverityCde,KABCO Code,KABCO,Environmental_Factors,Human_Factors,Vehicular_Factors
34141481,0870100,MT. STERLING POLICE DEPARTMENT,Accepted,MONTGOMERY,US0460,,MAYSVILLE,ST,N,,,,,,,38.07549169,-83.94884828,8.192,11/22/2024,1223,2,2,0,1,CLEAR,DRY,FALSE,OTHER ROADWAY OR MID-BLOCK COLLISION,REAR END,STRAIGHT & LEVEL,DAYLIGHT,,,45636.60675,FALSE,149,Accepted,5,4,C,,INATTENTION,
34141483,0870100,MT. STERLING POLICE DEPARTMENT,Accepted,MONTGOMERY,KY0686,,INDIAN MOUND,DR,,,,,,,,38.06735576,-83.95524063,0.725,12/9/2024,1440,2,2,0,0,CLEAR,DRY,FALSE,1 VEHICLE ENTERING/LEAVING ENTRANCE,ANGLE,STRAIGHT & LEVEL,DAYLIGHT,,,45636.60681,FALSE,149,Accepted,5,5,O,,MISJUDGE CLEARANCE,
34152020,0870100,MT. STERLING POLICE DEPARTMENT,Accepted,MONTGOMERY,,,EVANS,AVE,,,,,,,,38.07540192,-83.94948312,0.034,12/10/2024,1206,2,2,0,0,CLEAR,DRY,FALSE,VEHICLE BACKING NON INTERSECTION,BACKING,STRAIGHT & LEVEL,DAYLIGHT,,,45638.79542,FALSE,120,Accepted,5,5,O,,"IMPROPER BACKING, INATTENTION",
34156143,0870100,MT. STERLING POLICE DEPARTMENT,Accepted,MONTGOMERY,US0460,,MAYSVILLE,ST,N,,,,,,,38.06100284,-83.9436899,9.234,12/12/2024,1113,2,2,0,1,CLEAR,DRY,FALSE,REAR END IN TRAFFIC LANES BOTH VEHICLES MOVING,REAR END,STRAIGHT & LEVEL,DAYLIGHT,,,45639.68603,FALSE,167,Accepted,5,4,C,,INATTENTION,
34166468,0870000,MONTGOMERY CTY SHERIFF DEPT,Accepted,MONTGOMERY,US0460,,MAIN,ST,,,,,,,,37.98264818,-83.86845275,16.388,11/22/2024,2335,1,1,0,0,CLEAR,WET,FALSE,COLLISION WITH ANIMAL NON INTERSECTION,SINGLE VEHICLE,STRAIGHT & LEVEL,DARK-HWY NOT LIGHTED,,,45642.66037,FALSE,284,Accepted,5,5,O,,,
34166471,0870000,MONTGOMERY CTY SHERIFF DEPT,Accepted,MONTGOMERY,KY0713,,SPENCER,PIKE,,,,,,,,38.02976081,-83.84201375,12.607,11/23/2024,513,1,1,0,1,CLEAR,WET,FALSE,RAN OFF ROADWAY (1 VEHICLE WITH/EARTH EMBANKMENT/DITCH),SINGLE VEHICLE,CURVE & LEVEL,DARK-HWY NOT LIGHTED,,,45642.66058,FALSE,284,Accepted,5,4,C,SLIPPERY SURFACE,INATTENTION,
34166476,0870000,MONTGOMERY CTY SHERIFF DEPT,Accepted,MONTGOMERY,KY0599,,KY599,,,,,,,,,37.95280574,-83.8451821,4.589,11/25/2024,446,1,1,0,2,CLEAR,DRY,FALSE,RAN OFF ROADWAY (1 VEHICLE WITH/EARTH EMBANKMENT/DITCH),SINGLE VEHICLE,CURVE & LEVEL,DAYLIGHT,,,45642.66091,FALSE,231,Accepted,5,4,C,,OTHER,
34166477,0870000,MONTGOMERY CTY SHERIFF DEPT,Accepted,MONTGOMERY,KY0686,,KY686 CROSSOVER,,,,,,,,,38.05524184,-83.95620591,0.009,11/26/2024,1200,2,2,0,0,CLEAR,DRY,FALSE,1 VEHICLE ENTERING/LEAVING ENTRANCE,ANGLE,STRAIGHT & LEVEL,DAYLIGHT,,,45642.66111,FALSE,231,Accepted,5,5,O,,INATTENTION,
34170386,0870000,MONTGOMERY CTY SHERIFF DEPT,Accepted,MONTGOMERY,,,ARLINGTON,AVE,,,,,,,,38.07825674,-83.90523315,0.006,11/25/2024,840,2,2,0,0,CLEAR,DRY,FALSE,1 VEHICLE ENTERING/LEAVING ENTRANCE,ANGLE,STRAIGHT & LEVEL,DAYLIGHT,,,45643.61334,FALSE,231,Accepted,5,5,O,,"INATTENTION, NOT UNDER PROPER CONTROL",
34170394,0870000,MONTGOMERY CTY SHERIFF DEPT,Accepted,MONTGOMERY,US0460,,MAYSVILLE,RD,,,,,,,,38.08423237,-83.94938753,7.569,11/26/2024,1801,2,2,0,1,CLEAR,DRY,FALSE,1 VEHICLE ENTERING/LEAVING ENTRANCE,ANGLE,STRAIGHT & LEVEL,DARK-HWY LIGHTED/ON,,,45643.61369,FALSE,248,Accepted,4,4,C,,"DRUG INVOLVEMENT, INATTENTION, NOT UNDER PROPER CONTROL",
34170396,0870000,MONTGOMERY CTY SHERIFF DEPT,Accepted,MONTGOMERY,KY0213,,KY213,,S,,CAMPBELL,,,,,37.92752195,-83.86395218,1.709,11/30/2024,1302,3,3,0,2,CLEAR,DRY,FALSE,OTHER INTERSECTION COLLISIONS,REAR TO REAR,CURVE & LEVEL,DAYLIGHT,,,45643.61386,FALSE,298,Accepted,5,3,B,,,
34170399,0870000,MONTGOMERY CTY SHERIFF DEPT,Accepted,MONTGOMERY,,,ARLINGTON,AVE,,,,,,,,38.0779609,-83.90476778,0.038,12/3/2024,1740,2,2,0,0,CLEAR,DRY,FALSE,SIDESWIPE COLLISION - OPPOSITE DIRECTION,SIDESWIPE-OPPOSITE DIRECTION,STRAIGHT & LEVEL,DARK-HWY LIGHTED/ON,,,45643.61405,FALSE,298,Accepted,5,5,O,,"FAILED TO YIELD RIGHT OF WAY, INATTENTION, MISJUDGE CLEARANCE",
34170400,0870000,MONTGOMERY CTY SHERIFF DEPT,Accepted,MONTGOMERY,,,STEPSTONE,RD,,,,,,,,38.08267516,-83.89663447,0.006,12/4/2024,1613,2,2,0,1,CLOUDY,DRY,FALSE,1 VEHICLE ENTERING/LEAVING ENTRANCE,ANGLE,STRAIGHT & LEVEL,DAYLIGHT,,,45643.6142,FALSE,231,Accepted,5,4,C,,FAILED TO YIELD RIGHT OF WAY,
34170408,0870000,MONTGOMERY CTY SHERIFF DEPT,Accepted,MONTGOMERY,US0460,,CAMARGO,RD,,,OLDHAM,,,,,38.00526564,-83.90320025,13.838,12/2/2024,1440,2,2,0,3,CLEAR,DRY,FALSE,REAR END - ONE VEHICLE TURNING LEFT,REAR END,STRAIGHT & LEVEL,DAYLIGHT,,,45643.61471,FALSE,228,Accepted,3,2,A,,INATTENTION,
34170412,0870000,MONTGOMERY CTY SHERIFF DEPT,Accepted,MONTGOMERY,KY0213,,BEDFORD,RD,,,,,,,,37.99644237,-83.83938042,6.918,12/3/2024,1650,2,2,0,0,CLEAR,DRY,FALSE,SIDESWIPE COLLISION - OPPOSITE DIRECTION,SIDESWIPE-OPPOSITE DIRECTION,STRAIGHT & LEVEL,DUSK,,,45643.61501,FALSE,228,Accepted,5,5,O,,,
34170440,0870000,MONTGOMERY CTY SHERIFF DEPT,Accepted,MONTGOMERY,US0460,4220,CAMARGO,RD,,,,,,,,37.99485145,-83.88968174,14.918,12/4/2024,1704,3,3,0,0,CLEAR,DRY,FALSE,1 VEHICLE ENTERING/LEAVING ENTRANCE,ANGLE,STRAIGHT & LEVEL,DUSK,,,45643.6157,FALSE,238,Accepted,5,5,O,,FAILED TO YIELD RIGHT OF WAY,
34170444,0870000,MONTGOMERY CTY SHERIFF DEPT,Accepted,MONTGOMERY,KY0537,,BUNKER HILL,RD,,,,,,,,38.14019609,-83.99753859,1.785,12/11/2024,1331,1,1,0,1,CLOUDY,DRY,FALSE,COLLISION WITH FIXED OBJECT NON - INTERSECTION - FIRST EVENT COLLISION 09 - 32 EXCLUDING 16,SINGLE VEHICLE,STRAIGHT & LEVEL,DAYLIGHT,,,45643.61594,FALSE,226,Accepted,4,4,C,ANIMALS ACTION,DISTRACTION,
34170446,0870000,MONTGOMERY CTY SHERIFF DEPT,Accepted,MONTGOMERY,KY0686,,INDIAN MOUND,DR,,,FOXGLOVE,,,,,38.06552387,-83.95548689,0.847,12/11/2024,800,2,2,0,1,SNOWING,WET,FALSE,OPPOSING LEFT TURN,OPPOSING LEFT TURN,STRAIGHT & LEVEL,DAYLIGHT,,,45643.61606,FALSE,228,Accepted,5,3,B,,,
34170448,0870000,MONTGOMERY CTY SHERIFF DEPT,Accepted,MONTGOMERY,KY0011,,MAYSVILLE,RD,,,,,,,,38.16147941,-83.95709768,15.271,12/11/2024,2233,2,2,0,1,SNOWING,WET,FALSE,HEAD-ON COLLISION,HEAD ON,STRAIGHT & LEVEL,DARK-HWY LIGHTED/OFF,,,45643.61624,FALSE,298,Accepted,5,3,B,SLIPPERY SURFACE,,
34170449,0870000,MONTGOMERY CTY SHERIFF DEPT,Accepted,MONTGOMERY,KY1991,,HINKSTON,PIKE,,,,,,,,38.07962695,-83.93286775,1.28,12/12/2024,1423,1,1,0,1,CLEAR,DRY,FALSE,OTHER ROADWAY OR MID-BLOCK COLLISION,SINGLE VEHICLE,CURVE & GRADE,DAYLIGHT,,,45643.61637,FALSE,226,Accepted,4,4,C,,NOT UNDER PROPER CONTROL,TIRE FAILURE
34170450,0870000,MONTGOMERY CTY SHERIFF DEPT,Accepted,MONTGOMERY,KY0646,191,NEST EGG,RD,,,,,,,,37.96951678,-83.93931269,4.725,12/5/2024,1624,1,1,0,0,CLEAR,DRY,TRUE,OTHER ROADWAY OR MID-BLOCK COLLISION,SINGLE VEHICLE,CURVE & LEVEL,DAYLIGHT,,,45643.61649,FALSE,231,Accepted,5,5,O,,,
34170452,0870000,MONTGOMERY CTY SHERIFF DEPT,Accepted,MONTGOMERY,US0460,3100,PARIS,RD,,,,,,,,38.09984639,-84.00741798,3.944,12/10/2024,1451,1,1,0,0,CLOUDY,WET,FALSE,RAN OFF ROADWAY (1 VEHICLE WITH/EARTH EMBANKMENT/DITCH),SINGLE VEHICLE,CURVE & LEVEL,DAYLIGHT,,,45643.61671,FALSE,238,Accepted,5,5,O,SLIPPERY SURFACE,OVERCORRECTING/OVERSTEERING,
34170453,0870000,MONTGOMERY CTY SHERIFF DEPT,Accepted,MONTGOMERY,KY0646,8455,CREAM ALLEY,RD,,,,,,,,37.96283839,-83.91058666,3.079,12/10/2024,1545,1,1,0,0,CLOUDY,WET,FALSE,RAN OFF ROADWAY (1 VEHICLE WITH/EARTH EMBANKMENT/DITCH),SINGLE VEHICLE,STRAIGHT & LEVEL,DAYLIGHT,,,45643.61686,FALSE,238,Accepted,5,5,O,,NOT UNDER PROPER CONTROL,
34170457,0870000,MONTGOMERY CTY SHERIFF DEPT,Accepted,MONTGOMERY,KY0011,,LEVEE,RD,,,,,,,,37.96742053,-83.93907613,3.803,12/14/2024,2151,1,1,0,1,RAINING,WET,FALSE,OTHER ROADWAY OR MID-BLOCK COLLISION,SINGLE VEHICLE,CURVE & LEVEL,DARK-HWY NOT LIGHTED,,,45643.6171,FALSE,255,Accepted,5,4,C,,OVERCORRECTING/OVERSTEERING,
34175879,0870100,MT. STERLING POLICE DEPARTMENT,Accepted,MONTGOMERY,US0460,,MAYSVILLE,ST,N,,,,,,,38.07466098,-83.94852857,8.258,12/17/2024,1714,2,2,0,0,CLEAR,DRY,FALSE,REAR END IN TRAFFIC LANES BOTH VEHICLES MOVING,REAR END,STRAIGHT & LEVEL,DUSK,,,45644.71341,FALSE,160,Accepted,5,5,O,,"FATIGUE, INATTENTION",
34178448,0870000,MONTGOMERY CTY SHERIFF DEPT,Accepted,MONTGOMERY,US0460,,MAYSVILLE,RD,,,,,,,,38.07933685,-83.94978258,7.939,11/25/2024,1017,2,1,0,0,CLEAR,DRY,FALSE,1 VEHICLE PARKED POSITION (NOT PARKING LOT/DRIVEWAY),BACKING,STRAIGHT & LEVEL,DAYLIGHT,,,45645.41797,FALSE,231,Accepted,5,5,O,,INATTENTION,
34182290,0870100,MT. STERLING POLICE DEPARTMENT,Accepted,MONTGOMERY,KY0686,,INDIAN MOUND,DR,,,,,,,,38.06722513,-83.95544779,0.729,12/19/2024,1841,2,2,0,0,CLEAR,DRY,FALSE,SIDESWIPE COLLISION - SAME DIRECTION,SIDESWIPE-SAME DIRECTION,STRAIGHT & LEVEL,DARK-HWY LIGHTED/ON,,,45646.2257,FALSE,166,Accepted,5,5,O,,INATTENTION,
34182291,0870100,MT. STERLING POLICE DEPARTMENT,Accepted,MONTGOMERY,,100,ANN,ST,,,,,,,,38.06121203,-83.9397074,0.044,12/19/2024,1759,2,2,0,0,CLEAR,MUD-DIRT,FALSE,1 VEHICLE PARKED POSITION (NOT PARKING LOT/DRIVEWAY),BACKING,STRAIGHT & GRADE,DARK (UNKNOWN ROADWAY LIGHTING),,,45646.22576,FALSE,160,Accepted,5,5,O,,INATTENTION,
34187242,0870100,MT. STERLING POLICE DEPARTMENT,Accepted,MONTGOMERY,US0460,,MAYSVILLE,ST,N,,,,,,,38.07554984,-83.94884077,8.18,12/20/2024,740,2,2,0,0,RAINING,WET,FALSE,1 VEHICLE ENTERING/LEAVING ENTRANCE,ANGLE,STRAIGHT & LEVEL,DAWN,,,45647.65622,FALSE,120,Accepted,5,5,O,,INATTENTION,
34196627,0870000,MONTGOMERY CTY SHERIFF DEPT,Accepted,MONTGOMERY,US0060,701,WINCHESTER,RD,,,,,,,,38.05353347,-83.95966267,4.13,12/19/2024,1624,3,3,0,2,CLEAR,DRY,FALSE,REAR END IN TRAFFIC LANES BOTH VEHICLES MOVING,REAR END,STRAIGHT & LEVEL,DAYLIGHT,,,45650.53623,FALSE,252,Accepted,5,4,C,,FOLLOWING TOO CLOSE,
34196628,0870000,MONTGOMERY CTY SHERIFF DEPT,Accepted,MONTGOMERY,US0060,,OWINGSVILLE,RD,,,,,,,,38.06226345,-83.93126173,5.892,12/20/2024,1629,2,2,0,0,RAINING,WET,FALSE,1 VEHICLE ENTERING/LEAVING ENTRANCE,ANGLE,STRAIGHT & LEVEL,DAYLIGHT,,,45650.53632,FALSE,226,Accepted,5,5,O,,FAILED TO YIELD RIGHT OF WAY,
34196677,0870000,MONTGOMERY CTY SHERIFF DEPT,Accepted,MONTGOMERY,,,CLARENCE,DR,,US0060,OWINGSVILLE,,,,,38.0925761,-83.89765811,,12/12/2024,1637,2,2,0,0,CLEAR,DRY,FALSE,OTHER INTERSECTION COLLISIONS,REAR END,STRAIGHT & LEVEL,DUSK,,,45650.53807,FALSE,228,Accepted,5,5,O,,,
34196678,0870000,MONTGOMERY CTY SHERIFF DEPT,Accepted,MONTGOMERY,,,FOGG,PIKE,,,,,,,,38.04134507,-83.95378317,0.328,12/17/2024,1257,1,1,0,0,CLEAR,DRY,FALSE,COLLISION WITH FIXED OBJECT NON - INTERSECTION - FIRST EVENT COLLISION 09 - 32 EXCLUDING 16,SINGLE VEHICLE,STRAIGHT & LEVEL,DAYLIGHT,,,45650.53813,FALSE,228,Accepted,5,5,O,,,
34196679,0870000,MONTGOMERY CTY SHERIFF DEPT,Accepted,MONTGOMERY,US0460,,MAIN,ST,,,,,,,,37.96659809,-83.81862459,19.292,12/20/2024,745,2,2,0,1,RAINING,WET,FALSE,REAR END IN TRAFFIC LANES BOTH VEHICLES MOVING,REAR END,STRAIGHT & GRADE,DAWN,,,45650.5382,FALSE,228,Accepted,5,3,B,SLIPPERY SURFACE,,
34196735,0870000,MONTGOMERY CTY SHERIFF DEPT,Accepted,MONTGOMERY,,908,GIBSON,LN,,,,,,,,37.98293155,-83.86836259,0.141,12/21/2024,1230,2,2,0,0,CLEAR,DRY,TRUE,1 VEHICLE PARKED POSITION (NOT PARKING LOT/DRIVEWAY),SIDESWIPE-OPPOSITE DIRECTION,STRAIGHT & LEVEL,DAYLIGHT,,,45650.53993,FALSE,252,Accepted,5,5,O,,,
34197230,0870100,MT. STERLING POLICE DEPARTMENT,Accepted,MONTGOMERY,US0460,,MAYSVILLE,ST,N,,,,,,,38.07574398,-83.94875179,8.185,12/24/2024,1303,3,3,0,0,CLOUDY,WET,FALSE,REAR END IN TRAFFIC LANES BOTH VEHICLES MOVING,REAR END,STRAIGHT & LEVEL,DAYLIGHT,,,45650.7204,FALSE,167,Accepted,5,5,O,,,
34203087,0870000,MONTGOMERY CTY SHERIFF DEPT,Accepted,MONTGOMERY,,1041,ARLINGTON,AVE,,,MARY BRANCH,,,,,38.07356667,-83.89970785,0.465,12/10/2024,640,2,1,0,0,CLEAR,DRY,FALSE,COLLISION WITH PARKED VEHICLE,BACKING,STRAIGHT & LEVEL,DARK-HWY NOT LIGHTED,,,45653.12856,FALSE,232,Accepted,5,5,O,,INATTENTION,
34205690,0870100,MT. STERLING POLICE DEPARTMENT,Accepted,MONTGOMERY,KY0686,,INDIAN MOUND,DR,,,,,,,,38.05982724,-83.95572677,1.24,12/14/2024,1128,2,2,0,0,CLEAR,DRY,FALSE,1 VEHICLE ENTERING/LEAVING ENTRANCE,ANGLE,STRAIGHT & LEVEL,DAYLIGHT,,,45653.8206,FALSE,149,Accepted,5,5,O,,INATTENTION,
34210291,0870100,MT. STERLING POLICE DEPARTMENT,Accepted,MONTGOMERY,US0060,30,MAIN,ST,W,,,,,,,38.0561907,-83.94272229,5.085,12/26/2024,1028,2,2,0,0,CLOUDY,DRY,FALSE,REAR END IN TRAFFIC LANES BOTH VEHICLES MOVING,REAR END,STRAIGHT & LEVEL,DAYLIGHT,,,45655.72486,FALSE,128,Accepted,5,5,O,,INATTENTION,
34214669,0870100,MT. STERLING POLICE DEPARTMENT,Accepted,MONTGOMERY,,604,TWIN BROOK,DR,,,,,,,,38.06396559,-83.95276466,0.07,12/24/2024,2134,3,3,0,0,CLEAR,DRY,TRUE,1 VEHICLE PARKED POSITION (NOT PARKING LOT/DRIVEWAY),ANGLE,STRAIGHT & LEVEL,DARK-HWY LIGHTED/ON,,,45656.77265,FALSE,154,Accepted,5,5,O,,ALCOHOL INVOLVEMENT,
34214672,0870100,MT. STERLING POLICE DEPARTMENT,Accepted,MONTGOMERY,,,VANCE,DR,,KY0686,INDIAN MOUND,,,,,38.07366267,-83.95127557,0.005,12/29/2024,1233,2,2,0,0,CLOUDY,DRY,FALSE,OTHER INTERSECTION COLLISIONS,REAR END,STRAIGHT & GRADE,DAYLIGHT,,,45656.77271,FALSE,128,Accepted,5,5,O,,INATTENTION,
34214673,0870100,MT. STERLING POLICE DEPARTMENT,Accepted,MONTGOMERY,KY0686,,INDIAN MOUND,DR,,US0060,MAIN,,,,,38.05386049,-83.9562171,1.657,12/26/2024,1214,2,2,0,3,CLEAR,DRY,FALSE,ANGLE COLLISION - OTHER,ANGLE,STRAIGHT & LEVEL,DAYLIGHT,,,45656.77277,FALSE,139,Accepted,5,3,B,,DISREGARD TRAFFIC CONTROL,
34217027,0870000,MONTGOMERY CTY SHERIFF DEPT,Accepted,MONTGOMERY,US0460,1104,CAMARGO,RD,,,,,,,,38.00039054,-83.89839,14.275,12/23/2024,948,2,2,0,0,CLEAR,DRY,FALSE,REAR END IN TRAFFIC LANES BOTH VEHICLES MOVING,REAR END,STRAIGHT & LEVEL,DAYLIGHT,,,45657.60235,FALSE,227,Accepted,5,5,O,,,
34217065,0870000,MONTGOMERY CTY SHERIFF DEPT,Accepted,MONTGOMERY,,1037,TWIN OAKS,BLVD,,,,,,,,38.09924604,-83.91751624,0.147,12/25/2024,1803,2,2,0,0,CLEAR,DRY,FALSE,1 VEHICLE PARKED POSITION (NOT PARKING LOT/DRIVEWAY),HEAD ON,STRAIGHT & LEVEL,DARK-HWY LIGHTED/ON,,,45657.60375,FALSE,298,Accepted,5,5,O,,"CELL PHONE, DISTRACTION, INATTENTION",
34217067,0870000,MONTGOMERY CTY SHERIFF DEPT,Accepted,MONTGOMERY,KY1050,,KY1050,,,,,,,,,37.96256954,-83.82910338,6.685,12/27/2024,123,2,2,0,0,CLEAR,DRY,FALSE,1 VEHICLE PARKED POSITION (NOT PARKING LOT/DRIVEWAY),SIDESWIPE-OPPOSITE DIRECTION,STRAIGHT & LEVEL,DARK-HWY NOT LIGHTED,,,45657.60388,FALSE,298,Accepted,5,5,O,,,
34217095,0870000,MONTGOMERY CTY SHERIFF DEPT,Accepted,MONTGOMERY,KY1331,,HOWARDS MILL,RD,,,,,,,,38.07155531,-83.87699013,1.737,12/19/2024,500,1,1,0,1,CLOUDY,DRY,FALSE,COLLISION WITH ANIMAL NON INTERSECTION,SINGLE VEHICLE,STRAIGHT & LEVEL,DARK-HWY NOT LIGHTED,,,45657.60832,FALSE,248,Accepted,4,4,C,ANIMALS ACTION,,
34217096,0870000,MONTGOMERY CTY SHERIFF DEPT,Accepted,MONTGOMERY,,,DONALDSON,RD,,,,,,,,38.08356914,-84.03687356,0.971,12/30/2024,2003,1,1,0,3,CLEAR,DRY,FALSE,RAN OFF ROADWAY (1 VEHICLE WITH/EARTH EMBANKMENT/DITCH),SINGLE VEHICLE,CURVE & LEVEL,DARK-HWY LIGHTED/ON,,,45657.60839,FALSE,298,Accepted,3,3,B,,,
34228045,0870000,MONTGOMERY CTY SHERIFF DEPT,Accepted,MONTGOMERY,US0460,,MAIN,ST,,,ROCKY BRANCH,,,,,37.96309392,-83.80087132,20.317,12/31/2024,1706,3,3,0,0,RAINING,WET,FALSE,OTHER INTERSECTION COLLISIONS,REAR END,STRAIGHT & GRADE,DUSK,,,45660.42836,FALSE,228,Accepted,5,5,O,SLIPPERY SURFACE,NOT UNDER PROPER CONTROL,
34229328,0870100,MT. STERLING POLICE DEPARTMENT,Accepted,MONTGOMERY,,,EVANS,AVE,,,NORTHVIEW,,,,,38.07548964,-83.94923098,0.044,1/2/2025,1937,2,2,0,0,CLEAR,DRY,FALSE,OTHER INTERSECTION COLLISIONS,REAR END,STRAIGHT & LEVEL,DARK-HWY LIGHTED/ON,,,45660.67172,FALSE,159,Accepted,5,5,O,,FOLLOWING TOO CLOSE,
34234901,0870100,MT. STERLING POLICE DEPARTMENT,Accepted,MONTGOMERY,KY0686,,INDIAN MOUND,DR,,KY0011,LEVEE,,,,,38.04105527,-83.94810026,2.743,1/5/2025,958,2,2,0,0,SNOWING,SNOW/SLUSH,FALSE,SIDESWIPE-SAME DIRECTION,SIDESWIPE-SAME DIRECTION,STRAIGHT & LEVEL,DAYLIGHT,,,45662.78173,FALSE,128,Accepted,5,5,O,SLIPPERY SURFACE,OTHER,
34236972,0870000,MONTGOMERY CTY SHERIFF DEPT,Accepted,MONTGOMERY,US0460,10326,MAIN,ST,,,,,,,,37.96395022,-83.80896479,19.85,1/3/2025,1848,2,2,0,0,CLEAR,DRY,FALSE,1 VEHICLE ENTERING/LEAVING ENTRANCE,ANGLE,STRAIGHT & LEVEL,DARK-HWY NOT LIGHTED,,,45663.54417,FALSE,298,Accepted,5,5,O,,,
34236973,0870000,MONTGOMERY CTY SHERIFF DEPT,Accepted,MONTGOMERY,KY0686,,INDIAN MOUND,DR,,,,,,,,38.05782686,-83.95616556,1.38,1/3/2025,1322,2,2,0,1,CLOUDY,DRY,FALSE,1 VEHICLE ENTERING/LEAVING ENTRANCE,ANGLE,STRAIGHT & LEVEL,DAYLIGHT,,,45663.54435,FALSE,226,Accepted,5,3,B,,"DISREGARD TRAFFIC CONTROL, FAILED TO YIELD RIGHT OF WAY",
34237089,0870000,MONTGOMERY CTY SHERIFF DEPT,Accepted,MONTGOMERY,US0060,,OWINGSVILLE,RD,,,,,,,,38.08957142,-83.89802118,8.72,1/5/2025,1254,1,1,0,0,SNOWING,SNOW/SLUSH,FALSE,COLLISION WITH FIXED OBJECT NON - INTERSECTION - FIRST EVENT COLLISION 09 - 32 EXCLUDING 16,SINGLE VEHICLE,STRAIGHT & LEVEL,DAYLIGHT,,,45663.54755,FALSE,226,Accepted,5,5,O,SLIPPERY SURFACE,NOT UNDER PROPER CONTROL,
34240324,0870000,MONTGOMERY CTY SHERIFF DEPT,Accepted,MONTGOMERY,,,CAMARGO LEVEE,RD,,,,,,,,37.97972247,-83.88343091,0.648,1/1/2025,2023,1,1,0,1,CLEAR,DRY,FALSE,COLLISION WITH FIXED OBJECT NON - INTERSECTION - FIRST EVENT COLLISION 09 - 32 EXCLUDING 16,SINGLE VEHICLE,STRAIGHT & LEVEL,DARK-HWY NOT LIGHTED,,,45664.59649,FALSE,255,Accepted,5,2,A,,"DRUG INVOLVEMENT, EXCEEDED STATED SPEED LIMIT",
34240340,0870000,MONTGOMERY CTY SHERIFF DEPT,Accepted,MONTGOMERY,KY0213,,BEDFORD,RD,,,,,,,,37.99711698,-83.83848379,6.985,1/7/2025,1007,1,1,0,0,CLOUDY,WET,FALSE,OTHER COLLISIONS ON SHOULDER,SINGLE VEHICLE,STRAIGHT & LEVEL,DAYLIGHT,,,45664.59706,FALSE,231,Accepted,5,5,O,SLIPPERY SURFACE,TOO FAST FOR CONDITIONS,
34244950,0870100,MT. STERLING POLICE DEPARTMENT,Accepted,MONTGOMERY,KY0686,,INDIAN MOUND,DR,,,,,,,,38.0410935,-83.9481479,2.769,1/6/2025,1521,3,3,0,0,CLOUDY,SNOW/SLUSH,TRUE,REAR END IN TRAFFIC LANES BOTH VEHICLES MOVING,REAR END,STRAIGHT & LEVEL,DAYLIGHT,,,45665.75776,FALSE,163,Accepted,5,5,O,,"DRUG INVOLVEMENT, NOT UNDER PROPER CONTROL",
34251994,0870000,MONTGOMERY CTY SHERIFF DEPT,Accepted,MONTGOMERY,KY0011,,LEVEE,RD,,,,KY0646,KIDDVILLE,,HIALEAH,38.01328354,-83.9504055,7.327,1/9/2025,745,2,2,0,0,CLOUDY,SNOW/SLUSH,FALSE,REAR END IN TRAFFIC LANES BOTH VEHICLES MOVING,REAR END,STRAIGHT & LEVEL,DAWN,,,45667.69908,FALSE,252,Accepted,5,5,O,,"FOLLOWING TOO CLOSE, EMOTIONAL",
34252000,0870000,MONTGOMERY CTY SHERIFF DEPT,Accepted,MONTGOMERY,KY0713,,PREWITT GRASSY LICK,RD,,,,,,,,38.09642817,-84.01653183,0.55,1/8/2025,909,1,1,0,0,CLOUDY,ICE,FALSE,RAN OFF ROADWAY (1 VEHICLE WITH/EARTH EMBANKMENT/DITCH),SINGLE VEHICLE,STRAIGHT & HILLCREST,DAYLIGHT,,,45667.69914,FALSE,226,Accepted,5,5,O,SLIPPERY SURFACE,NOT UNDER PROPER CONTROL,
34252010,0870000,MONTGOMERY CTY SHERIFF DEPT,Accepted,MONTGOMERY,US0060,,OWINGSVILLE,RD,,,,,,,,38.07767563,-83.91206478,7.586,1/8/2025,1612,1,1,0,0,CLOUDY,DRY,FALSE,OTHER ROADWAY OR MID-BLOCK COLLISION,SINGLE VEHICLE,STRAIGHT & LEVEL,DAYLIGHT,,,45667.69926,FALSE,226,Accepted,5,5,O,OTHER,,
34252014,0870000,MONTGOMERY CTY SHERIFF DEPT,Accepted,MONTGOMERY,US0060,3060,OWINGSVILLE,RD,,,,,,,,38.08528936,-83.90005018,8.427,1/9/2025,303,2,2,0,0,CLEAR,SNOW/SLUSH,FALSE,1 VEHICLE PARKED POSITION (NOT PARKING LOT/DRIVEWAY),SIDESWIPE-OPPOSITE DIRECTION,STRAIGHT & LEVEL,DARK-HWY LIGHTED/ON,,,45667.69949,FALSE,298,Accepted,5,5,O,,INATTENTION,