IncidentID,AgencyORI,AgencyName,IncidentStatusDesc,County,RdwyNumber,Street,RoadwayName,StreetSfx,StreetDir,IntersectionRdwy,IntersectionRdwyName,BetweenStRdwy1,BetweenStRdwyName1,BetweenStRdwy2,BetweenStRdwyName2,Latitude,Longitude,Milepoint,CollisionDate,CollisionTime,UnitsInvolved,MotorVehiclesInvolved,NumberKilled,NumberInjured,Weather,RdwyConditionCode,HitandRun,DirAnalysisCode,MannerofCollision,RdwyCharacter,LightCondition,RampFromRdwyId,RampToRdwyId,AcceptedDate,IsSecondaryCollision,OwnerBadge,IncidentStatus,InjurySeverityCde,KABCO Code,KABCO,Environmental_Factors,Human_Factors,Vehicular_Factors
34252017,0870000,MONTGOMERY CTY SHERIFF DEPT,Accepted,MONTGOMERY,,200,WOODLAND,LN,,,,,,,,38.08810802,-83.90560511,0.012,1/10/2025,952,2,2,0,0,CLOUDY,DRY,FALSE,VEHICLE BACKING NON INTERSECTION,BACKING,STRAIGHT & LEVEL,DAYLIGHT,,,45667.69962,FALSE,231,Accepted,5,5,O,,INATTENTION,
34254632,0870100,MT. STERLING POLICE DEPARTMENT,Accepted,MONTGOMERY,KY0011,,LEVEE,RD,,,,,,,,38.0408795,-83.94805269,9.222,1/8/2025,1520,2,2,0,0,SNOWING,ICE,FALSE,OTHER ROADWAY OR MID-BLOCK COLLISION,REAR END,STRAIGHT & LEVEL,DAYLIGHT,,,45669.0374,FALSE,160,Accepted,5,5,O,SLIPPERY SURFACE,TOO FAST FOR CONDITIONS,
34260006,0870100,MT. STERLING POLICE DEPARTMENT,Accepted,MONTGOMERY,US0460,21,MAYSVILLE,ST,N,,,,,,,38.05678714,-83.9421884,9.528,1/10/2025,1147,2,2,0,0,CLEAR,DRY,TRUE,1 VEHICLE PARKED POSITION (NOT PARKING LOT/DRIVEWAY),SIDESWIPE-SAME DIRECTION,STRAIGHT & LEVEL,DAYLIGHT,,,45670.66296,FALSE,167,Accepted,5,5,O,,MISJUDGE CLEARANCE,
34263479,0870000,MONTGOMERY CTY SHERIFF DEPT,Accepted,MONTGOMERY,,634,EMERALD,DR,,,,,,,,38.08357436,-83.9274883,0.096,1/12/2025,1520,2,2,0,0,CLEAR,SNOW/SLUSH,FALSE,1 VEHICLE PARKED POSITION (NOT PARKING LOT/DRIVEWAY),BACKING,STRAIGHT & LEVEL,DAYLIGHT,,,45671.46439,FALSE,231,Accepted,5,5,O,,INATTENTION,
34263482,0870000,MONTGOMERY CTY SHERIFF DEPT,Accepted,MONTGOMERY,US0460,,MAIN,ST,,,,,,,,37.96534463,-83.81666974,19.429,1/5/2025,1110,2,2,0,0,SNOWING,SNOW/SLUSH,FALSE,1 VEHICLE PARKED POSITION (NOT PARKING LOT/DRIVEWAY),ANGLE,STRAIGHT & GRADE,DAYLIGHT,,,45671.46454,FALSE,228,Accepted,5,5,O,SLIPPERY SURFACE,,
34265193,0870000,MONTGOMERY CTY SHERIFF DEPT,Accepted,MONTGOMERY,US0460,4040,PARIS,RD,,,,,,,,38.09782788,-83.99762439,4.504,1/14/2025,1240,2,2,0,0,CLEAR,DRY,FALSE,SIDESWIPE COLLISION - OPPOSITE DIRECTION,SIDESWIPE-OPPOSITE DIRECTION,STRAIGHT & LEVEL,DAYLIGHT,,,45671.6623,FALSE,252,Accepted,5,5,O,,DISTRACTION,
34279292,0870100,MT. STERLING POLICE DEPARTMENT,Accepted,MONTGOMERY,US0060,,WINCHESTER,RD,,,,,,,,38.05365134,-83.95799813,4.228,1/10/2025,1726,2,2,0,0,SNOWING,SNOW/SLUSH,FALSE,OTHER ROADWAY OR MID-BLOCK COLLISION,REAR END,STRAIGHT & GRADE,DUSK,,,45674.81771,FALSE,166,Accepted,5,5,O,SLIPPERY SURFACE,,
34279293,0870100,MT. STERLING POLICE DEPARTMENT,Accepted,MONTGOMERY,KY0686,,INDIAN MOUND,DR,,,,,,,,38.06704719,-83.95545806,0.741,1/15/2025,1309,2,2,0,0,CLEAR,DRY,FALSE,OTHER ROADWAY OR MID-BLOCK COLLISION,OPPOSING LEFT TURN,STRAIGHT & LEVEL,DAYLIGHT,,,45674.81777,FALSE,167,Accepted,5,5,O,,DISREGARD TRAFFIC CONTROL,
34283221,0870100,MT. STERLING POLICE DEPARTMENT,Accepted,MONTGOMERY,,499,WALMART,DR,,,,,,,,38.06773805,-83.95589426,0.026,1/18/2025,316,1,1,0,0,RAINING,WET,TRUE,COLLISION WITH FIXED OBJECT NON - INTERSECTION - FIRST EVENT COLLISION 09 - 32 EXCLUDING 16,SINGLE VEHICLE,STRAIGHT & LEVEL,DARK-HWY LIGHTED/ON,,,45676.54312,FALSE,159,Accepted,5,5,O,,ALCOHOL INVOLVEMENT,
34290559,0870000,MONTGOMERY CTY SHERIFF DEPT,Accepted,MONTGOMERY,,,TROJAN,ST,,,,,,,,38.07557325,-83.91273543,0.13,1/7/2025,1542,2,2,0,0,CLOUDY,ICE,FALSE,VEHICLE BACKING NON INTERSECTION,BACKING,STRAIGHT & GRADE,DAYLIGHT,,,45678.62106,FALSE,231,Accepted,5,5,O,SLIPPERY SURFACE,INATTENTION,
34290604,0870000,MONTGOMERY CTY SHERIFF DEPT,Accepted,MONTGOMERY,,,MCCORMICK,RD,,,,,,,,37.99465034,-83.88752563,0.038,1/17/2025,535,2,2,0,0,CLEAR,DRY,TRUE,SIDESWIPE COLLISION - OPPOSITE DIRECTION,SIDESWIPE-OPPOSITE DIRECTION,STRAIGHT & LEVEL,DARK-HWY LIGHTED/ON,,,45678.62243,FALSE,226,Accepted,5,5,O,,,
34295306,0870100,MT. STERLING POLICE DEPARTMENT,Accepted,MONTGOMERY,,31,JOHNSON,AVE,,,,,,,,38.06331499,-83.94174604,0.146,1/22/2025,630,2,2,0,0,CLEAR,ICE,FALSE,1 VEHICLE PARKED POSITION (NOT PARKING LOT/DRIVEWAY),HEAD ON,STRAIGHT & LEVEL,DARK-HWY LIGHTED/ON,,,45679.69081,FALSE,157,Accepted,5,5,O,SLIPPERY SURFACE,,
34295308,0870100,MT. STERLING POLICE DEPARTMENT,Accepted,MONTGOMERY,KY0686,,INDIAN MOUND,DR,,,,,,,,38.07101179,-83.95489137,0.46,1/16/2025,1428,2,2,0,2,CLEAR,DRY,FALSE,1 VEHICLE ENTERING/LEAVING ENTRANCE,ANGLE,CURVE & LEVEL,DAYLIGHT,,,45679.69093,FALSE,139,Accepted,5,2,A,VIEW OBSTRUCTED/LIMITED DUE TO RDWY,INATTENTION,
34298281,0870000,MONTGOMERY CTY SHERIFF DEPT,Accepted,MONTGOMERY,,,CLARENCE,DR,,,,,,,,38.09241806,-83.8997531,0.114,1/17/2025,1124,2,2,0,0,CLEAR,DRY,FALSE,1 VEHICLE ENTERING/LEAVING ENTRANCE,ANGLE,STRAIGHT & LEVEL,DAYLIGHT,,,45680.42519,FALSE,228,Accepted,5,5,O,,,
34298285,0870000,MONTGOMERY CTY SHERIFF DEPT,Accepted,MONTGOMERY,,,WARE CHAPEL,RD,S,,,,,,,37.94210606,-83.87965597,0.231,1/18/2025,1350,2,2,0,0,CLOUDY,WET,FALSE,SIDESWIPE COLLISION - SAME DIRECTION,SIDESWIPE-SAME DIRECTION,STRAIGHT & LEVEL,DAYLIGHT,,,45680.42534,FALSE,228,Accepted,5,5,O,,,
34298287,0870000,MONTGOMERY CTY SHERIFF DEPT,Accepted,MONTGOMERY,,1219,OLD OWINGSVILLE,RD,,,,,,,,38.06912945,-83.92353626,1.516,1/18/2025,1230,1,1,0,1,CLOUDY,WET,FALSE,COLLISION WITH FIXED OBJECT NON - INTERSECTION - FIRST EVENT COLLISION 09 - 32 EXCLUDING 16,SINGLE VEHICLE,STRAIGHT & LEVEL,DAYLIGHT,,,45680.4254,FALSE,228,Accepted,5,4,C,,DRUG INVOLVEMENT,
34298321,0870000,MONTGOMERY CTY SHERIFF DEPT,Accepted,MONTGOMERY,,,OLD OWINGSVILLE,RD,,,,,,,,38.07385309,-83.91156992,0.766,1/19/2025,826,2,2,0,1,SNOWING,SNOW/SLUSH,FALSE,1 VEHICLE ENTERING/LEAVING ENTRANCE,ANGLE,STRAIGHT & LEVEL,DAYLIGHT,,,45680.42632,FALSE,226,Accepted,4,4,C,SLIPPERY SURFACE,FAILED TO YIELD RIGHT OF WAY,
34298358,0870000,MONTGOMERY CTY SHERIFF DEPT,Accepted,MONTGOMERY,KY0011,,LEVEE,RD,,,OLDHAM,,,,,37.99254657,-83.94113238,5.689,1/19/2025,915,1,1,0,0,SNOWING,SNOW/SLUSH,FALSE,COLLISION WITH FIXED OBJECT IN INTERSECTION - FIRST EVENT COLLISION 09 - 32,SINGLE VEHICLE,STRAIGHT & GRADE,DAYLIGHT,,,45680.42797,FALSE,228,Accepted,5,5,O,SLIPPERY SURFACE,,
34298359,0870000,MONTGOMERY CTY SHERIFF DEPT,Accepted,MONTGOMERY,KY1050,955,KY1050,,,,,,,,,37.95737672,-83.82622603,6.267,1/20/2025,1334,2,2,0,0,CLEAR,DRY,FALSE,SIDESWIPE COLLISION - OPPOSITE DIRECTION,SIDESWIPE-OPPOSITE DIRECTION,STRAIGHT & LEVEL,DAYLIGHT,,,45680.42804,FALSE,231,Accepted,5,5,O,,FAILED TO KEEP PROPER LANE,
34299898,0870000,MONTGOMERY CTY SHERIFF DEPT,Accepted,MONTGOMERY,XX0011,3161,MAYSVILLE,RD,,,,,,,,38.11632992,-83.95940963,1.506,1/21/2025,1141,1,1,0,0,CLOUDY,DRY,FALSE,COLLISION WITH FIXED OBJECT NON - INTERSECTION - FIRST EVENT COLLISION 09 - 32 EXCLUDING 16,SINGLE VEHICLE,STRAIGHT & LEVEL,DAYLIGHT,,,45680.67664,FALSE,231,Accepted,5,5,O,,INATTENTION,
34299907,0870000,MONTGOMERY CTY SHERIFF DEPT,Accepted,MONTGOMERY,,,WILLOUGHBY HEIGHTS,DR,,,,,,,,37.98772421,-83.87593064,0.025,1/16/2025,1752,2,2,0,0,CLEAR,WET,FALSE,VEHICLE BACKING NON INTERSECTION,BACKING,STRAIGHT & HILLCREST,DAYLIGHT,,,45680.677,FALSE,255,Accepted,5,5,O,,CELL PHONE,
34299908,0870000,MONTGOMERY CTY SHERIFF DEPT,Accepted,MONTGOMERY,US0060,,OWINGSVILLE,RD,,I 0064,I64 E EXIT113 ON RAMP FROM US60,,,,,38.08727847,-83.8990813,8.574,1/22/2025,907,2,2,0,0,CLEAR,DRY,TRUE,OTHER INTERSECTION COLLISIONS,REAR END,STRAIGHT & LEVEL,DAYLIGHT,,,45680.67708,FALSE,228,Accepted,5,5,O,,"FOLLOWING TOO CLOSE, INATTENTION",
34299963,0870000,MONTGOMERY CTY SHERIFF DEPT,Accepted,MONTGOMERY,,,TRAVIS,LN,,US0460,MAIN,,,,,37.97491029,-83.84630596,,1/23/2025,806,2,2,0,0,CLOUDY,DRY,FALSE,OPPOSITE DIRECTION - BOTH VEHICLES GOING STRAIGHT AHEAD,SIDESWIPE-OPPOSITE DIRECTION,STRAIGHT & GRADE,DAYLIGHT,,,45680.68531,FALSE,228,Accepted,5,5,O,,,
34308112,0870100,MT. STERLING POLICE DEPARTMENT,Accepted,MONTGOMERY,US0460,,MAYSVILLE,RD,,I 0064,I64 WB EXIT110 ON RAMP FROM US460,,,,,38.07864614,-83.94961201,7.991,1/23/2025,615,2,2,0,0,CLEAR,ICE,FALSE,OTHER INTERSECTION COLLISIONS,REAR END,STRAIGHT & LEVEL,DARK-HWY LIGHTED/ON,,,45682.72268,FALSE,157,Accepted,5,5,O,SLIPPERY SURFACE,,
34308115,0870100,MT. STERLING POLICE DEPARTMENT,Accepted,MONTGOMERY,US0460,,MAYSVILLE,ST,N,,,,,,,38.07528246,-83.94874646,8.199,1/24/2025,1857,2,2,0,0,CLEAR,DRY,FALSE,REAR END IN TRAFFIC LANES BOTH VEHICLES MOVING,REAR END,STRAIGHT & LEVEL,DARK-HWY LIGHTED/ON,,,45682.7228,FALSE,163,Accepted,5,5,O,,MISJUDGE CLEARANCE,
34320362,0870000,MONTGOMERY CTY SHERIFF DEPT,Accepted,MONTGOMERY,KY0011,,LEVEE,RD,,,,,,,,38.03282641,-83.94988348,8.698,1/21/2025,1649,2,2,0,0,CLEAR,DRY,FALSE,REAR END IN TRAFFIC LANES BOTH VEHICLES MOVING,REAR END,STRAIGHT & LEVEL,DAYLIGHT,,,45685.67657,FALSE,231,Accepted,5,5,O,,FOLLOWING TOO CLOSE,
34320363,0870000,MONTGOMERY CTY SHERIFF DEPT,Accepted,MONTGOMERY,,,ARLINGTON,AVE,,,,,,,,38.07830119,-83.90530043,0.001,1/24/2025,856,2,2,0,1,CLEAR,DRY,FALSE,1 VEHICLE ENTERING/LEAVING ENTRANCE,ANGLE,STRAIGHT & LEVEL,DAYLIGHT,,,45685.67663,FALSE,231,Accepted,5,3,B,,"FAILED TO YIELD RIGHT OF WAY, INATTENTION",
34324788,0870000,MONTGOMERY CTY SHERIFF DEPT,Accepted,MONTGOMERY,,525,OLD KY 11,,,,,,,,,37.94862122,-83.92990331,0.689,1/24/2025,1616,2,2,0,0,CLEAR,DRY,FALSE,SIDESWIPE COLLISION - OPPOSITE DIRECTION,SIDESWIPE-OPPOSITE DIRECTION,STRAIGHT & LEVEL,DAYLIGHT,,,45686.65056,FALSE,231,Accepted,5,5,O,,MISJUDGE CLEARANCE,
34327959,0870000,MONTGOMERY CTY SHERIFF DEPT,Accepted,MONTGOMERY,,,ARLINGTON,AVE,,,BEACHMONT,,,,,38.07762492,-83.90418725,0.075,1/21/2025,2054,2,2,0,0,CLEAR,DRY,FALSE,ANGLE COLLISION - OTHER,ANGLE,STRAIGHT & LEVEL,DARK-HWY NOT LIGHTED,,,45687.3767,FALSE,255,Accepted,5,5,O,,"DISREGARD TRAFFIC CONTROL, INATTENTION",
34329279,0870100,MT. STERLING POLICE DEPARTMENT,Accepted,MONTGOMERY,KY0011,,LEVEE,RD,,KY0686,INDIAN MOUND,,,,,38.04126972,-83.94791718,9.242,1/29/2025,1540,2,2,0,0,CLEAR,DRY,FALSE,OTHER INTERSECTION COLLISIONS,REAR END,STRAIGHT & LEVEL,DAYLIGHT,,,45687.56519,FALSE,163,Accepted,5,5,O,,MISJUDGE CLEARANCE,
34331174,0870100,MT. STERLING POLICE DEPARTMENT,Accepted,MONTGOMERY,US0060,,MAIN,ST,W,,,,,,,38.05456268,-83.94992245,4.678,1/17/2025,1100,1,1,0,0,CLEAR,DRY,FALSE,COLLISION WITH FIXED OBJECT NON - INTERSECTION - FIRST EVENT COLLISION 09 - 32 EXCLUDING 16,SINGLE VEHICLE,CURVE & LEVEL,DAYLIGHT,,,45687.96813,FALSE,120,Accepted,5,5,O,,OTHER,
34355642,0870100,MT. STERLING POLICE DEPARTMENT,Accepted,MONTGOMERY,,459,SPRING,ST,,,,,,,,38.05135985,-83.95160039,0.275,2/2/2025,607,2,2,0,1,CLEAR,DRY,FALSE,1 VEHICLE PARKED POSITION (NOT PARKING LOT/DRIVEWAY),HEAD ON,STRAIGHT & LEVEL,DUSK,,,45693.86795,FALSE,144,Accepted,5,4,C,,DRUG INVOLVEMENT,
34359899,0870100,MT. STERLING POLICE DEPARTMENT,Accepted,MONTGOMERY,US0060,,MAIN,ST,W,,,,,,,38.05380185,-83.95625885,4.326,2/3/2025,1515,2,2,0,0,CLEAR,DRY,FALSE,1 VEHICLE ENTERING/LEAVING ENTRANCE,ANGLE,STRAIGHT & LEVEL,DAYLIGHT,,,45694.73466,FALSE,149,Accepted,5,5,O,,INATTENTION,
34359900,0870100,MT. STERLING POLICE DEPARTMENT,Accepted,MONTGOMERY,US0460,,MAYSVILLE,ST,N,,,,,,,38.07560636,-83.94895253,8.189,1/24/2025,1500,2,2,0,0,CLEAR,DRY,FALSE,REAR END IN TRAFFIC LANES BOTH VEHICLES MOVING,REAR END,STRAIGHT & LEVEL,DAYLIGHT,,,45694.73471,FALSE,149,Accepted,5,5,O,,INATTENTION,
34359914,0870100,MT. STERLING POLICE DEPARTMENT,Accepted,MONTGOMERY,,,WALMART,DR,,,,,,,,38.06775664,-83.95594995,0.028,2/2/2025,1908,2,2,0,0,CLEAR,DRY,FALSE,SIDESWIPE COLLISION - SAME DIRECTION,SIDESWIPE-SAME DIRECTION,STRAIGHT & LEVEL,DARK-HWY LIGHTED/ON,,,45694.73634,FALSE,166,Accepted,5,5,O,,INATTENTION,
34364114,0870100,MT. STERLING POLICE DEPARTMENT,Accepted,MONTGOMERY,KY0686,,INDIAN MOUND,DR,,,,,,,,38.0738805,-83.94836617,0.015,2/7/2025,1157,2,2,0,0,CLEAR,DRY,FALSE,SIDESWIPE COLLISION - SAME DIRECTION,SIDESWIPE-SAME DIRECTION,STRAIGHT & LEVEL,DAYLIGHT,,,45695.65729,FALSE,139,Accepted,5,5,O,,INATTENTION,
34366230,0870100,MT. STERLING POLICE DEPARTMENT,Accepted,MONTGOMERY,US0060,,MAIN,ST,W,US0460,BANK,,,,,38.05616836,-83.9432766,5.048,2/6/2025,1911,2,2,0,0,RAINING,WET,FALSE,ANGLE COLLISION - ONE VEHICLE TURNING LEFT,ANGLE,STRAIGHT & LEVEL,DARK-HWY LIGHTED/ON,,,45696.21332,FALSE,154,Accepted,5,5,O,,,
34368800,0870200,MONTGOMERY CO SCHOOL DIST PD,Accepted,MONTGOMERY,,,MCNABB MIDDLE SCHOOL,DR,,,,,,,,38.04128027,-83.939461,0.154,12/16/2024,1520,2,1,0,0,RAINING,WET,FALSE,SIDESWIPE COLLISION - SAME DIRECTION,SIDESWIPE-SAME DIRECTION,STRAIGHT & GRADE,DAYLIGHT,,,45697.12948,FALSE,730,Accepted,5,5,O,,"INATTENTION, MISJUDGE CLEARANCE",
34369832,0870000,MONTGOMERY CTY SHERIFF DEPT,Accepted,MONTGOMERY,US0460,,CAMARGO,RD,,,,,,,,37.99480185,-83.88959772,14.897,2/1/2025,1803,2,2,0,0,CLEAR,DRY,FALSE,1 VEHICLE ENTERING/LEAVING ENTRANCE,ANGLE,STRAIGHT & LEVEL,DARK-HWY LIGHTED/ON,,,45697.55194,FALSE,298,Accepted,5,5,O,,,OTHER
34369833,0870000,MONTGOMERY CTY SHERIFF DEPT,Accepted,MONTGOMERY,KY0011,,LEVEE,RD,,,,,,,,37.96480309,-83.93918175,3.625,2/2/2025,2124,1,1,0,0,CLEAR,DRY,FALSE,COLLISION WITH ANIMAL NON INTERSECTION,SINGLE VEHICLE,STRAIGHT & LEVEL,DARK-HWY NOT LIGHTED,,,45697.55199,FALSE,298,Accepted,5,5,O,ANIMALS ACTION,,
34369838,0870000,MONTGOMERY CTY SHERIFF DEPT,Accepted,MONTGOMERY,US0460,,CAMARGO,RD,,,,,,,,38.02825665,-83.92291643,11.865,2/6/2025,1318,2,2,0,0,CLOUDY,DRY,FALSE,SIDESWIPE COLLISION - SAME DIRECTION,SIDESWIPE-SAME DIRECTION,STRAIGHT & LEVEL,DAYLIGHT,,,45697.55222,FALSE,228,Accepted,5,5,O,,,BRAKES DEFECTIVE
34369839,0870000,MONTGOMERY CTY SHERIFF DEPT,Accepted,MONTGOMERY,US0460,,MAIN,ST,,,,,,,,37.95128253,-83.77899039,21.795,2/3/2025,526,1,1,0,1,CLEAR,DRY,FALSE,COLLISION WITH FIXED OBJECT NON - INTERSECTION - FIRST EVENT COLLISION 09 - 32 EXCLUDING 16,SINGLE VEHICLE,CURVE & LEVEL,DARK (UNKNOWN ROADWAY LIGHTING),,,45697.55228,FALSE,284,Accepted,2,2,A,,INATTENTION,
34369841,0870000,MONTGOMERY CTY SHERIFF DEPT,Accepted,MONTGOMERY,,,HOWELL DRENNEN,RD,,,,,,,,38.07257154,-83.99226053,0.053,2/4/2025,706,2,2,0,0,CLEAR,DRY,FALSE,SIDESWIPE COLLISION - OPPOSITE DIRECTION,SIDESWIPE-OPPOSITE DIRECTION,STRAIGHT & LEVEL,DAYLIGHT,,,45697.55234,FALSE,238,Accepted,5,5,O,,MISJUDGE CLEARANCE,
34369848,0870000,MONTGOMERY CTY SHERIFF DEPT,Accepted,MONTGOMERY,,,MIDLAND,TRL,,,,,,,,38.07840511,-83.9236629,0.41,1/26/2025,1832,1,1,0,0,CLEAR,DRY,FALSE,COLLISION WITH FIXED OBJECT NON - INTERSECTION - FIRST EVENT COLLISION 09 - 32 EXCLUDING 16,SINGLE VEHICLE,CURVE & LEVEL,DARK-HWY NOT LIGHTED,,,45697.55864,FALSE,248,Accepted,5,5,O,,"DISTRACTION, INATTENTION, NOT UNDER PROPER CONTROL",
34370100,0870100,MT. STERLING POLICE DEPARTMENT,Accepted,MONTGOMERY,,,EVANS,AVE,,,,,,,,38.07551305,-83.94895402,0.029,2/8/2025,2004,2,2,0,0,RAINING,WET,FALSE,SIDESWIPE COLLISION - SAME DIRECTION,SIDESWIPE-SAME DIRECTION,STRAIGHT & LEVEL,DARK-HWY LIGHTED/ON,,,45697.64664,FALSE,159,Accepted,5,5,O,"VIEW OBSTRUCTED, LIMITED DUE TO WEATHER CONDITIONS","FAILED TO KEEP PROPER LANE, FAILED TO YIELD RIGHT OF WAY",
34383480,0870100,MT. STERLING POLICE DEPARTMENT,Accepted,MONTGOMERY,US0460,,MAYSVILLE,ST,N,,,,,,,38.06303497,-83.94440896,9.088,2/6/2025,1849,2,2,0,0,CLEAR,DRY,FALSE,OTHER ROADWAY OR MID-BLOCK COLLISION,REAR END,STRAIGHT & LEVEL,DARK-HWY LIGHTED/ON,,,45700.67759,FALSE,160,Accepted,5,5,O,,INATTENTION,
34383483,0870100,MT. STERLING POLICE DEPARTMENT,Accepted,MONTGOMERY,KY0686,,INDIAN MOUND,DR,,,,,,,,38.06737058,-83.95537933,0.718,2/6/2025,1915,2,2,0,1,RAINING,WET,FALSE,SIDESWIPE COLLISION - OPPOSITE DIRECTION,SIDESWIPE-OPPOSITE DIRECTION,STRAIGHT & LEVEL,DARK-HWY LIGHTED/ON,,,45700.67771,FALSE,166,Accepted,4,4,C,,INATTENTION,
34387366,0870000,MONTGOMERY CTY SHERIFF DEPT,Accepted,MONTGOMERY,,,FAWNS,LN,,,,,,,,38.10500277,-83.95813291,0.219,2/11/2025,800,1,1,0,0,SNOWING,SNOW/SLUSH,FALSE,COLLISION WITH FIXED OBJECT NON - INTERSECTION - FIRST EVENT COLLISION 09 - 32 EXCLUDING 16,SINGLE VEHICLE,CURVE & LEVEL,DAYLIGHT,,,45701.62657,FALSE,228,Accepted,5,5,O,SLIPPERY SURFACE,,
34387367,0870000,MONTGOMERY CTY SHERIFF DEPT,Accepted,MONTGOMERY,US0060,,OWINGSVILLE,RD,,,,,,,,38.1074654,-83.89605847,9.984,2/11/2025,804,1,1,0,0,SNOWING,SNOW/SLUSH,FALSE,COLLISION WITH FIXED OBJECT NON - INTERSECTION - FIRST EVENT COLLISION 09 - 32 EXCLUDING 16,SINGLE VEHICLE,CURVE & GRADE,DAYLIGHT,,,45701.62663,FALSE,228,Accepted,5,5,O,SLIPPERY SURFACE,,
34387368,0870000,MONTGOMERY CTY SHERIFF DEPT,Accepted,MONTGOMERY,US0460,,PARIS,RD,,KY0713,PREWITT GRASSY LICK,,,,,38.10249238,-84.0108142,3.676,2/11/2025,1842,1,1,0,0,RAINING,SNOW/SLUSH,FALSE,OTHER INTERSECTION COLLISIONS,SINGLE VEHICLE,CURVE & LEVEL,DARK-HWY NOT LIGHTED,,,45701.62673,FALSE,298,Accepted,5,5,O,SLIPPERY SURFACE,,
34399735,0870000,MONTGOMERY CTY SHERIFF DEPT,Accepted,MONTGOMERY,KY0011,,LEVEE,RD,,,,,,,,38.02071823,-83.94913994,7.85,2/10/2025,803,1,1,0,0,CLEAR,DRY,FALSE,RAN OFF ROADWAY (1 VEHICLE WITH/EARTH EMBANKMENT/DITCH),SINGLE VEHICLE,STRAIGHT & LEVEL,DAYLIGHT,,,45705.44369,FALSE,226,Accepted,5,5,O,OTHER,MISJUDGE CLEARANCE,
34399736,0870000,MONTGOMERY CTY SHERIFF DEPT,Accepted,MONTGOMERY,US0460,,PARIS,RD,,,,,,,,38.09711435,-83.98711494,5.101,2/11/2025,732,1,1,0,0,SNOWING,SNOW/SLUSH,FALSE,COLLISION WITH FIXED OBJECT NON - INTERSECTION - FIRST EVENT COLLISION 09 - 32 EXCLUDING 16,SINGLE VEHICLE,STRAIGHT & GRADE,DAYLIGHT,,,45705.44372,FALSE,226,Accepted,5,5,O,SLIPPERY SURFACE,NOT UNDER PROPER CONTROL,
34399738,0870000,MONTGOMERY CTY SHERIFF DEPT,Accepted,MONTGOMERY,KY0213,,KY213,,,,,,,,,37.9439552,-83.86426085,2.89,2/11/2025,1226,2,2,0,0,RAINING,SNOW/SLUSH,TRUE,1 VEHICLE ENTERING/LEAVING ENTRANCE,ANGLE,STRAIGHT & LEVEL,DAYLIGHT,,,45705.44378,FALSE,226,Accepted,5,5,O,SLIPPERY SURFACE,,
34399740,0870000,MONTGOMERY CTY SHERIFF DEPT,Accepted,MONTGOMERY,KY1050,,KY1050,,,,,,,,,37.94801891,-83.81646741,5.415,2/14/2025,832,1,1,0,0,CLEAR,ICE,FALSE,RAN OFF ROADWAY (1 VEHICLE WITH/EARTH EMBANKMENT/DITCH),SINGLE VEHICLE,CURVE & GRADE,DAYLIGHT,,,45705.44381,FALSE,226,Accepted,5,5,O,SLIPPERY SURFACE,NOT UNDER PROPER CONTROL,
34399799,0870000,MONTGOMERY CTY SHERIFF DEPT,Accepted,MONTGOMERY,KY0011,,LEVEE,RD,,,PAULA,,,,,38.02268983,-83.94868196,7.99,2/14/2025,1131,1,1,0,0,CLEAR,DRY,FALSE,COLLISION WITH FIXED OBJECT IN INTERSECTION - FIRST EVENT COLLISION 09 - 32,SINGLE VEHICLE,STRAIGHT & LEVEL,DAYLIGHT,,,45705.44508,FALSE,228,Accepted,5,5,O,OTHER,,
34399800,0870000,MONTGOMERY CTY SHERIFF DEPT,Accepted,MONTGOMERY,US0460,,PARIS,RD,,,,,,,,38.11627479,-84.04738125,1.354,2/15/2025,622,1,1,0,0,RAINING,WET,FALSE,RAN OFF ROADWAY (1 VEHICLE WITH/EARTH EMBANKMENT/DITCH),SINGLE VEHICLE,CURVE & GRADE,DARK-HWY NOT LIGHTED,,,45705.44512,FALSE,228,Accepted,5,5,O,,,
34400964,0870100,MT. STERLING POLICE DEPARTMENT,Accepted,MONTGOMERY,KY0686,,INDIAN MOUND,DR,,KY0011,LEVEE,,,,,38.04107997,-83.94801387,2.764,1/30/2025,930,2,2,0,0,CLEAR,DRY,FALSE,ANGLE COLLISION - OTHER,ANGLE,STRAIGHT & LEVEL,DAYLIGHT,,,45705.64688,FALSE,157,Accepted,5,5,O,GLARE (SUN),DISREGARD TRAFFIC CONTROL,
34400965,0870100,MT. STERLING POLICE DEPARTMENT,Accepted,MONTGOMERY,,,HIGH,ST,W,,BANK,,,,,38.05728736,-83.94380996,0.255,1/30/2025,1230,2,2,0,0,CLOUDY,DRY,FALSE,ANGLE COLLISION - OTHER,ANGLE,STRAIGHT & HILLCREST,DAYLIGHT,,,45705.64692,FALSE,157,Accepted,5,5,O,,FAILED TO YIELD RIGHT OF WAY,