IncidentID,AgencyORI,AgencyName,IncidentStatusDesc,County,RdwyNumber,Street,RoadwayName,StreetSfx,StreetDir,IntersectionRdwy,IntersectionRdwyName,BetweenStRdwy1,BetweenStRdwyName1,BetweenStRdwy2,BetweenStRdwyName2,Latitude,Longitude,Milepoint,CollisionDate,CollisionTime,UnitsInvolved,MotorVehiclesInvolved,NumberKilled,NumberInjured,Weather,RdwyConditionCode,HitandRun,DirAnalysisCode,MannerofCollision,RdwyCharacter,LightCondition,RampFromRdwyId,RampToRdwyId,AcceptedDate,IsSecondaryCollision,OwnerBadge,IncidentStatus,InjurySeverityCde,KABCO Code,KABCO,Environmental_Factors,Human_Factors,Vehicular_Factors
34406059,0870100,MT. STERLING POLICE DEPARTMENT,Accepted,MONTGOMERY,,237,RICHMOND,AVE,,,,,,,,38.04982614,-83.9482252,0.35,2/11/2025,1457,2,2,0,0,RAINING,WET,FALSE,VEHICLE BACKING NON INTERSECTION,BACKING,STRAIGHT & LEVEL,DAYLIGHT,,,45706.75499,FALSE,139,Accepted,5,5,O,,INATTENTION,
34419985,0870100,MT. STERLING POLICE DEPARTMENT,Accepted,MONTGOMERY,KY0686,550,INDIAN MOUND,DR,,,,,,,,38.06856802,-83.95469504,0.631,2/16/2025,1748,2,2,0,0,CLOUDY,DRY,FALSE,SIDESWIPE COLLISION - OPPOSITE DIRECTION,SIDESWIPE-OPPOSITE DIRECTION,STRAIGHT & LEVEL,DAYLIGHT,,,45710.70041,FALSE,162,Accepted,5,5,O,,TURNING IMPROPERLY,OTHER
34426333,0870000,MONTGOMERY CTY SHERIFF DEPT,Accepted,MONTGOMERY,US0460,,MAIN,ST,,,,,,,,37.98743657,-83.87598646,15.819,2/13/2025,1938,2,2,0,4,CLEAR,DRY,FALSE,REAR END IN TRAFFIC LANES BOTH VEHICLES MOVING,REAR END,STRAIGHT & GRADE,DARK-HWY NOT LIGHTED,,,45712.46848,FALSE,227,Accepted,4,4,C,,,
34426354,0870000,MONTGOMERY CTY SHERIFF DEPT,Accepted,MONTGOMERY,,,ELDER,CT,,,,,,,,38.04584622,-83.95358433,0.033,2/11/2025,1137,2,2,0,0,SNOWING,SNOW/SLUSH,FALSE,1 VEHICLE PARKED POSITION (NOT PARKING LOT/DRIVEWAY),BACKING,STRAIGHT & LEVEL,DAYLIGHT,,,45712.46891,FALSE,226,Accepted,5,5,O,,FAILED TO YIELD RIGHT OF WAY,
34426356,0870000,MONTGOMERY CTY SHERIFF DEPT,Accepted,MONTGOMERY,,,TURLEY,RD,,,,,,,,38.07742571,-83.82769261,3.042,2/19/2025,529,1,1,0,1,SNOWING,ICE,FALSE,COLLISION WITH FIXED OBJECT NON - INTERSECTION - FIRST EVENT COLLISION 09 - 32 EXCLUDING 16,SINGLE VEHICLE,CURVE & GRADE,DARK-HWY NOT LIGHTED,,,45712.46897,FALSE,227,Accepted,4,4,C,,,
34438198,0870100,MT. STERLING POLICE DEPARTMENT,Accepted,MONTGOMERY,,,YOUNG,LN,,,VANCE,,,,,38.07438398,-83.95148843,0.281,2/5/2025,2051,2,2,0,0,CLEAR,DRY,FALSE,ANGLE COLLISION - OTHER,ANGLE,STRAIGHT & HILLCREST,DARK-HWY LIGHTED/ON,,,45714.74879,FALSE,155,Accepted,5,5,O,,FAILED TO YIELD RIGHT OF WAY,
34438200,0870100,MT. STERLING POLICE DEPARTMENT,Accepted,MONTGOMERY,US0460,,CAMARGO,RD,,,,,,,,38.04246917,-83.93457278,10.58,2/20/2025,1040,2,2,0,0,CLEAR,WET,FALSE,REAR END IN TRAFFIC LANES BOTH VEHICLES MOVING,REAR END,STRAIGHT & LEVEL,DAYLIGHT,,,45714.74883,FALSE,157,Accepted,5,5,O,,INATTENTION,
34438203,0870100,MT. STERLING POLICE DEPARTMENT,Accepted,MONTGOMERY,US0460,,MAYSVILLE,ST,N,,,,,,,38.07586325,-83.9490357,8.214,2/25/2025,1325,2,2,0,0,CLEAR,DRY,FALSE,SIDESWIPE COLLISION - SAME DIRECTION,SIDESWIPE-SAME DIRECTION,STRAIGHT & LEVEL,DAYLIGHT,,,45714.74888,FALSE,157,Accepted,5,5,O,,INATTENTION,
34438205,0870100,MT. STERLING POLICE DEPARTMENT,Accepted,MONTGOMERY,,129,WHITLEDGE,HTS,,,,,,,,38.04628377,-83.95116083,0.101,2/25/2025,1636,2,2,0,0,CLEAR,DRY,TRUE,1 VEHICLE PARKED POSITION (NOT PARKING LOT/DRIVEWAY),BACKING,STRAIGHT & LEVEL,DAYLIGHT,,,45714.74892,FALSE,163,Accepted,5,5,O,,"IMPROPER BACKING, MISJUDGE CLEARANCE",
34443819,0870100,MT. STERLING POLICE DEPARTMENT,Accepted,MONTGOMERY,,,FALCON,DR,,,WINGTIP,,,,,38.07563592,-83.94843699,,2/25/2025,1158,2,2,0,0,CLEAR,DRY,FALSE,VEHICLE BACKING IN INTERSECTION,BACKING,STRAIGHT & LEVEL,DAYLIGHT,,,45715.8193,FALSE,120,Accepted,5,5,O,,INATTENTION,
34443822,0870100,MT. STERLING POLICE DEPARTMENT,Accepted,MONTGOMERY,US0460,,MAYSVILLE,ST,N,KY1991,HINKSTON,,,,,38.06540543,-83.94519665,8.909,2/20/2025,1756,2,2,0,4,CLEAR,DRY,FALSE,ANGLE COLLISION - ONE VEHICLE TURNING LEFT,ANGLE,STRAIGHT & HILLCREST,DAYLIGHT,,,45715.81933,FALSE,163,Accepted,5,3,B,VIEW OBSTRUCTED/LIMITED DUE TO RDWY,OTHER,
34447625,0870000,MONTGOMERY CTY SHERIFF DEPT,Accepted,MONTGOMERY,US0060,,OWINGSVILLE,RD,,,,,,,,38.11454285,-83.88763298,10.679,2/19/2025,901,1,1,0,1,SNOWING,SNOW/SLUSH,FALSE,RAN OFF ROADWAY (1 VEHICLE WITH/EARTH EMBANKMENT/DITCH),SINGLE VEHICLE,CURVE & GRADE,DAYLIGHT,,,45716.66285,FALSE,226,Accepted,4,4,C,SLIPPERY SURFACE,NOT UNDER PROPER CONTROL,
34447630,0870000,MONTGOMERY CTY SHERIFF DEPT,Accepted,MONTGOMERY,,,SALTWELL,RD,,,,,,,,38.12807677,-83.8719619,0.247,2/19/2025,1229,1,1,0,0,SNOWING,SNOW/SLUSH,FALSE,RAN OFF ROADWAY (1 VEHICLE WITH/EARTH EMBANKMENT/DITCH),SINGLE VEHICLE,CURVE & GRADE,DAYLIGHT,,,45716.66289,FALSE,226,Accepted,5,5,O,SLIPPERY SURFACE,NOT UNDER PROPER CONTROL,
34447631,0870000,MONTGOMERY CTY SHERIFF DEPT,Accepted,MONTGOMERY,KY0713,,SPENCER,PIKE,,,,,,,,38.02924763,-83.84977951,12.178,2/19/2025,2130,1,1,0,0,SNOWING,DRY,FALSE,OTHER COLLISIONS ON SHOULDER,SINGLE VEHICLE,CURVE & LEVEL,DARK-HWY NOT LIGHTED,,,45716.66292,FALSE,298,Accepted,5,5,O,,,
34447635,0870000,MONTGOMERY CTY SHERIFF DEPT,Accepted,MONTGOMERY,,,DEVONNE,DR,,,,,JEWELL,,FOGG,38.03881633,-83.97093352,0.131,2/21/2025,1140,2,2,0,0,CLOUDY,DRY,FALSE,SIDESWIPE COLLISION - OPPOSITE DIRECTION,SIDESWIPE-OPPOSITE DIRECTION,CURVE & LEVEL,DAYLIGHT,,,45716.66304,FALSE,252,Accepted,5,5,O,,MISJUDGE CLEARANCE,
34447638,0870000,MONTGOMERY CTY SHERIFF DEPT,Accepted,MONTGOMERY,US0460,,PARIS,RD,,,,,,,,38.09941521,-84.00235256,4.217,2/22/2025,2304,1,1,0,0,CLEAR,DRY,FALSE,COLLISION WITH ANIMAL NON INTERSECTION,SINGLE VEHICLE,STRAIGHT & HILLCREST,DARK-HWY NOT LIGHTED,,,45716.66315,FALSE,227,Accepted,5,5,O,ANIMALS ACTION,,
34447642,0870000,MONTGOMERY CTY SHERIFF DEPT,Accepted,MONTGOMERY,,,HARPERS RIDGE,RD,,,,,,,,38.06515551,-83.85632431,4.162,2/18/2025,1904,2,2,0,0,CLEAR,DRY,TRUE,SIDESWIPE COLLISION - OPPOSITE DIRECTION,SIDESWIPE-OPPOSITE DIRECTION,STRAIGHT & HILLCREST,DARK-HWY NOT LIGHTED,,,45716.6636,FALSE,255,Accepted,5,5,O,,,
34447647,0870100,MT. STERLING POLICE DEPARTMENT,Accepted,MONTGOMERY,,,BROWN,ST,,,,,,,,38.0497167,-83.93921036,0.064,2/27/2025,2045,2,2,0,0,CLEAR,DRY,FALSE,1 VEHICLE PARKED POSITION (NOT PARKING LOT/DRIVEWAY),SIDESWIPE-OPPOSITE DIRECTION,STRAIGHT & LEVEL,DARK-HWY LIGHTED/OFF,,,45716.66473,FALSE,129,Accepted,5,5,O,,MISJUDGE CLEARANCE,
34452740,0870000,MONTGOMERY CTY SHERIFF DEPT,Accepted,MONTGOMERY,KY0646,,WILLOUGHBY TOWN,RD,,,,,,,,37.95368979,-83.89458157,1.974,2/18/2025,1540,1,1,0,1,CLOUDY,DRY,FALSE,RAN OFF ROADWAY (1 VEHICLE WITH/EARTH EMBANKMENT/DITCH),SINGLE VEHICLE,CURVE & GRADE,DAYLIGHT,,,45718.12708,FALSE,232,Accepted,4,4,C,,OVERCORRECTING/OVERSTEERING,
34453912,0870100,MT. STERLING POLICE DEPARTMENT,Accepted,MONTGOMERY,US0460,,MAYSVILLE,ST,N,,,,,,,38.07609422,-83.94905225,8.141,2/28/2025,1213,2,2,0,0,CLEAR,DRY,FALSE,OTHER ROADWAY OR MID-BLOCK COLLISION,REAR END,STRAIGHT & LEVEL,DAYLIGHT,,,45718.66365,FALSE,128,Accepted,5,5,O,,DISTRACTION,
34459793,0870000,MONTGOMERY CTY SHERIFF DEPT,Accepted,MONTGOMERY,,,WADE,CT,,KY0011,LEVEE,,,,,38.03318506,-83.94993033,0.003,2/22/2025,639,1,1,0,0,CLEAR,DRY,FALSE,COLLISION WITH FIXED OBJECT IN INTERSECTION - FIRST EVENT COLLISION 09 - 32,SINGLE VEHICLE,STRAIGHT & LEVEL,DAWN,,,45719.68941,FALSE,238,Accepted,5,5,O,,"OVERCORRECTING/OVERSTEERING, TOO FAST FOR CONDITIONS",
34459794,0870000,MONTGOMERY CTY SHERIFF DEPT,Accepted,MONTGOMERY,KY0686,,INDIAN MOUND,DR,,,,,,,,38.05793606,-83.95614539,1.357,2/22/2025,913,2,2,0,0,CLEAR,DRY,FALSE,1 VEHICLE ENTERING/LEAVING ENTRANCE,ANGLE,STRAIGHT & LEVEL,DAYLIGHT,,,45719.68944,FALSE,238,Accepted,5,5,O,,INATTENTION,
34469270,0870000,MONTGOMERY CTY SHERIFF DEPT,Accepted,MONTGOMERY,US0460,,MAIN,ST,,,,,,,,37.97220256,-83.83805776,18.15,2/23/2025,8,1,1,0,0,CLEAR,DRY,FALSE,OTHER ROADWAY OR MID-BLOCK COLLISION,SINGLE VEHICLE,STRAIGHT & LEVEL,DARK-HWY NOT LIGHTED,,,45721.67702,FALSE,255,Accepted,5,5,O,,FELL ASLEEP,
34469679,0870100,MT. STERLING POLICE DEPARTMENT,Accepted,MONTGOMERY,,,VANCE,DR,,KY0686,INDIAN MOUND,,,,,38.07361943,-83.95121354,,3/3/2025,1216,2,2,0,0,CLEAR,DRY,FALSE,OTHER INTERSECTION COLLISIONS,REAR END,STRAIGHT & LEVEL,DAYLIGHT,,,45721.74239,FALSE,120,Accepted,5,5,O,,INATTENTION,
34479324,0870100,MT. STERLING POLICE DEPARTMENT,Accepted,MONTGOMERY,,,PATSY,WAY,,KY0686,INDIAN MOUND,,,,,38.07099388,-83.95497423,0.008,3/7/2025,1220,2,2,0,0,CLEAR,DRY,FALSE,OTHER INTERSECTION COLLISIONS,REAR END,STRAIGHT & GRADE,DAYLIGHT,,,45723.80885,FALSE,128,Accepted,5,5,O,,FOLLOWING TOO CLOSE,
34481483,0870100,MT. STERLING POLICE DEPARTMENT,Accepted,MONTGOMERY,KY0686,,INDIAN MOUND,DR,,,BURLEY,,,,,38.04080454,-83.94372858,2.978,3/7/2025,1716,2,2,0,0,CLEAR,DRY,FALSE,ANGLE COLLISION - OTHER,ANGLE,STRAIGHT & LEVEL,DAYLIGHT,,,45724.6072,FALSE,144,Accepted,5,5,O,,INATTENTION,
34481485,0870100,MT. STERLING POLICE DEPARTMENT,Accepted,MONTGOMERY,KY0686,,INDIAN MOUND,DR,,,PATSY,,,,,38.07118395,-83.95498602,0.452,3/5/2025,1145,2,2,0,0,CLOUDY,DRY,FALSE,OTHER INTERSECTION COLLISIONS,REAR END,STRAIGHT & LEVEL,DAYLIGHT,,,45724.60726,FALSE,157,Accepted,5,5,O,,"FOLLOWING TOO CLOSE, INATTENTION",
34494847,0870000,MONTGOMERY CTY SHERIFF DEPT,Accepted,MONTGOMERY,US0460,,MAIN,ST,,KY0599,KY599,,,,,37.97230129,-83.83848768,18.142,3/4/2025,1655,2,2,0,3,CLEAR,DRY,FALSE,ANGLE COLLISION - OTHER,ANGLE,STRAIGHT & LEVEL,DAYLIGHT,,,45727.63098,FALSE,238,Accepted,4,2,A,,"FAILED TO YIELD RIGHT OF WAY, INATTENTION",
34494848,0870000,MONTGOMERY CTY SHERIFF DEPT,Accepted,MONTGOMERY,US0060,801,WINCHESTER,RD,,,,,,,,38.05348479,-83.96040712,4.095,3/8/2025,1143,4,4,0,0,CLEAR,DRY,FALSE,1 VEHICLE ENTERING OR LEAVING PARKED POSITION (NOT PARKING LOT),REAR END,STRAIGHT & HILLCREST,DAYLIGHT,,,45727.63102,FALSE,252,Accepted,5,5,O,,"FOLLOWING TOO CLOSE, TOO FAST FOR CONDITIONS",
34497781,0870000,MONTGOMERY CTY SHERIFF DEPT,Accepted,MONTGOMERY,US0060,,OWINGSVILLE,RD,,,,,,,,38.08088203,-83.90485652,8.021,3/9/2025,2014,2,2,0,0,CLEAR,DRY,FALSE,REAR END IN TRAFFIC LANES BOTH VEHICLES MOVING,REAR END,STRAIGHT & HILLCREST,DARK-HWY LIGHTED/OFF,,,45728.28786,FALSE,227,Accepted,5,5,O,,"ALCOHOL INVOLVEMENT, FOLLOWING TOO CLOSE",
34509872,0870100,MT. STERLING POLICE DEPARTMENT,Accepted,MONTGOMERY,US0460,,MAYSVILLE,ST,N,,,,,,,38.07473807,-83.9484535,8.238,3/11/2025,2139,2,2,0,0,CLEAR,DRY,FALSE,REAR END IN TRAFFIC LANES BOTH VEHICLES MOVING,REAR END,STRAIGHT & LEVEL,DARK-HWY LIGHTED/ON,,,45730.62244,FALSE,166,Accepted,5,5,O,,INATTENTION,
34522160,0870100,MT. STERLING POLICE DEPARTMENT,Accepted,MONTGOMERY,US0460,,MAYSVILLE,ST,N,I 0064,I64 E EXIT110 ON RAMP FROM US460,,,,,38.07672986,-83.9490718,8.094,3/14/2025,1701,2,2,0,0,CLEAR,DRY,FALSE,OTHER INTERSECTION COLLISIONS,REAR END,STRAIGHT & LEVEL,DAYLIGHT,,,45733.90163,FALSE,121,Accepted,5,5,O,,INATTENTION,BRAKES DEFECTIVE
34522162,0870100,MT. STERLING POLICE DEPARTMENT,Accepted,MONTGOMERY,,,QUEEN,ST,S,,,,,,,38.05559915,-83.93869643,0.022,3/10/2025,1030,2,2,0,0,CLEAR,DRY,FALSE,SIDESWIPE COLLISION - OPPOSITE DIRECTION,SIDESWIPE-OPPOSITE DIRECTION,STRAIGHT & LEVEL,DAYLIGHT,,,45733.90174,FALSE,157,Accepted,5,5,O,,MISJUDGE CLEARANCE,
34527678,0870100,MT. STERLING POLICE DEPARTMENT,Accepted,MONTGOMERY,KY0011,,LEVEE,RD,,,,,,,,38.04751886,-83.94337048,9.749,3/18/2025,846,2,2,0,0,CLEAR,DRY,FALSE,1 VEHICLE ENTERING/LEAVING ENTRANCE,ANGLE,STRAIGHT & LEVEL,DAYLIGHT,,,45735.0421,FALSE,167,Accepted,5,5,O,,DISTRACTION,
34527679,0870100,MT. STERLING POLICE DEPARTMENT,Accepted,MONTGOMERY,KY0011,,LEVEE,RD,,,WOODFORD,,,,,38.04652446,-83.9440305,9.675,3/18/2025,816,2,2,0,0,CLEAR,DRY,FALSE,ANGLE COLLISION - OTHER,ANGLE,STRAIGHT & LEVEL,DAYLIGHT,,,45735.04216,FALSE,128,Accepted,5,5,O,,INATTENTION,
34527689,0870100,MT. STERLING POLICE DEPARTMENT,Accepted,MONTGOMERY,KY0686,,INDIAN MOUND,DR,,,,,,,,38.053974,-83.95641579,1.658,3/13/2025,1539,2,2,0,0,CLEAR,DRY,FALSE,OTHER ROADWAY OR MID-BLOCK COLLISION,REAR END,STRAIGHT & LEVEL,DAYLIGHT,,,45735.04281,FALSE,160,Accepted,5,5,O,,EMOTIONAL,
34531394,0870100,MT. STERLING POLICE DEPARTMENT,Accepted,MONTGOMERY,US0460,,MAYSVILLE,ST,N,,,,,,,38.07409887,-83.94831485,8.274,3/18/2025,1740,2,2,0,0,CLEAR,DRY,FALSE,OTHER ROADWAY OR MID-BLOCK COLLISION,REAR END,STRAIGHT & LEVEL,DAYLIGHT,,,45735.76354,FALSE,144,Accepted,5,5,O,,INATTENTION,
34533887,0870000,MONTGOMERY CTY SHERIFF DEPT,Accepted,MONTGOMERY,US0460,,MAIN,ST,,,,,,,,37.97389429,-83.84406881,17.832,3/5/2025,1153,2,2,0,0,CLOUDY,DRY,FALSE,1 VEHICLE PARKED POSITION (NOT PARKING LOT/DRIVEWAY),BACKING,STRAIGHT & LEVEL,DAYLIGHT,,,45736.4468,FALSE,226,Accepted,5,5,O,,FAILED TO YIELD RIGHT OF WAY,
34533888,0870000,MONTGOMERY CTY SHERIFF DEPT,Accepted,MONTGOMERY,,,JAMIE RIDGE,DR,,,,,,,,38.07311438,-83.90012321,0.04,3/5/2025,1702,1,1,0,0,CLOUDY,WET,FALSE,COLLISION WITH FIXED OBJECT NON - INTERSECTION - FIRST EVENT COLLISION 09 - 32 EXCLUDING 16,SINGLE VEHICLE,CURVE & GRADE,DAYLIGHT,,,45736.44688,FALSE,226,Accepted,5,5,O,SLIPPERY SURFACE,NOT UNDER PROPER CONTROL,
34533970,0870000,MONTGOMERY CTY SHERIFF DEPT,Accepted,MONTGOMERY,US0060,,WINCHESTER,RD,,,,,,,,38.0531272,-83.96304803,3.948,3/6/2025,1700,2,2,0,1,CLOUDY,DRY,FALSE,1 VEHICLE ENTERING/LEAVING ENTRANCE,ANGLE,STRAIGHT & GRADE,DAYLIGHT,,,45736.44864,FALSE,228,Accepted,5,4,C,,FAILED TO YIELD RIGHT OF WAY,
34533971,0870000,MONTGOMERY CTY SHERIFF DEPT,Accepted,MONTGOMERY,,,SCIENCE RIDGE,RD,,,ADENA HILL,,,,,37.97625933,-83.81616945,0.659,3/10/2025,1633,2,2,0,0,CLEAR,DRY,FALSE,OPPOSITE DIRECTION - BOTH VEHICLES GOING STRAIGHT AHEAD,SIDESWIPE-OPPOSITE DIRECTION,CURVE & GRADE,DAYLIGHT,,,45736.44872,FALSE,228,Accepted,5,5,O,,,
34533973,0870000,MONTGOMERY CTY SHERIFF DEPT,Accepted,MONTGOMERY,KY0713,,GRASSY LICK,RD,,,,,,,,38.06654233,-83.97666733,4.479,3/11/2025,1045,1,1,0,0,CLEAR,DRY,FALSE,RAN OFF ROADWAY (1 VEHICLE WITH/EARTH EMBANKMENT/DITCH),SINGLE VEHICLE,STRAIGHT & LEVEL,DAYLIGHT,,,45736.44884,FALSE,228,Accepted,5,5,O,OTHER,,
34533974,0870000,MONTGOMERY CTY SHERIFF DEPT,Accepted,MONTGOMERY,,125,FOXGLOVE,DR,,,,,,,,38.06546802,-83.95616212,0.037,3/11/2025,1447,2,2,0,0,CLEAR,DRY,FALSE,REAR END IN TRAFFIC LANES BOTH VEHICLES MOVING,REAR END,STRAIGHT & LEVEL,DAYLIGHT,,,45736.44894,FALSE,228,Accepted,5,5,O,,,
34533976,0870000,MONTGOMERY CTY SHERIFF DEPT,Accepted,MONTGOMERY,US0460,,CAMARGO,RD,,,,,,,,37.9979262,-83.89606778,14.499,3/15/2025,1450,2,2,0,0,RAINING,WET,FALSE,VEHICLE BACKING NON INTERSECTION,BACKING,STRAIGHT & LEVEL,DAYLIGHT,,,45736.44901,FALSE,226,Accepted,5,5,O,"VIEW OBSTRUCTED, LIMITED DUE TO WEATHER CONDITIONS",FAILED TO YIELD RIGHT OF WAY,
34533977,0870000,MONTGOMERY CTY SHERIFF DEPT,Accepted,MONTGOMERY,,,STEPSTONE,RD,,,,,,,,38.0866811,-83.88123641,0.896,3/16/2025,730,1,1,0,1,CLOUDY,WATER (STANDING OR MOVING),FALSE,RAN OFF ROADWAY (1 VEHICLE WITH/EARTH EMBANKMENT/DITCH),SINGLE VEHICLE,CURVE & LEVEL,DAWN,,,45736.44911,FALSE,228,Accepted,4,4,C,WATER POOLING,,
34534089,0870000,MONTGOMERY CTY SHERIFF DEPT,Accepted,MONTGOMERY,KY1050,,KY1050,,,,,,,,,37.95981675,-83.82887068,6.5,3/7/2025,1717,2,2,0,0,CLEAR,DRY,FALSE,SIDESWIPE COLLISION - OPPOSITE DIRECTION,SIDESWIPE-OPPOSITE DIRECTION,STRAIGHT & LEVEL,DAYLIGHT,,,45736.45128,FALSE,238,Accepted,5,5,O,,MISJUDGE CLEARANCE,
34534090,0870000,MONTGOMERY CTY SHERIFF DEPT,Accepted,MONTGOMERY,KY0686,,INDIAN MOUND,DR,,,,,,,,38.04480597,-83.95465734,2.311,3/17/2025,744,2,2,0,0,CLOUDY,DRY,FALSE,REAR END IN TRAFFIC LANES BOTH VEHICLES MOVING,REAR END,STRAIGHT & LEVEL,DAYLIGHT,,,45736.45135,FALSE,238,Accepted,5,5,O,,MISJUDGE CLEARANCE,
34534966,0870000,MONTGOMERY CTY SHERIFF DEPT,Accepted,MONTGOMERY,,,OLD OWINGSVILLE,RD,,,,,,,,38.06311241,-83.92957424,2.05,3/18/2025,210,1,1,0,0,CLEAR,DRY,FALSE,COLLISION WITH ANIMAL NON INTERSECTION,SINGLE VEHICLE,STRAIGHT & LEVEL,DARK-HWY LIGHTED/OFF,,,45736.59896,FALSE,248,Accepted,5,5,O,,,
34535790,0870100,MT. STERLING POLICE DEPARTMENT,Accepted,MONTGOMERY,KY0686,,INDIAN MOUND,DR,,,REESE,,,,,38.06729473,-83.95516608,0.724,3/19/2025,1215,2,2,0,0,CLEAR,DRY,FALSE,OPPOSING LEFT TURN,OPPOSING LEFT TURN,STRAIGHT & LEVEL,DAYLIGHT,,,45736.71367,FALSE,157,Accepted,5,5,O,,"DISREGARD TRAFFIC CONTROL, FAILED TO YIELD RIGHT OF WAY",
34539003,0870000,MONTGOMERY CTY SHERIFF DEPT,Accepted,MONTGOMERY,,,CAMARGO LEVEE,RD,,,,,,,,37.95939464,-83.89489567,2.377,3/1/2025,542,2,2,0,2,CLEAR,DRY,FALSE,HEAD-ON COLLISION,HEAD ON,CURVE & HILLCREST,DARK-HWY NOT LIGHTED,,,45737.46933,FALSE,284,Accepted,3,3,B,,TOO FAST FOR CONDITIONS,
34551541,0870100,MT. STERLING POLICE DEPARTMENT,Accepted,MONTGOMERY,,,TIGHLMAN,WAY,,,,,,,,38.04078583,-83.93887753,0.01,3/13/2025,2000,2,2,0,0,CLEAR,DRY,FALSE,VEHICLE BACKING NON INTERSECTION,BACKING,STRAIGHT & LEVEL,DARK-HWY LIGHTED/ON,,,45740.7486,FALSE,164,Accepted,5,5,O,,,
34551542,0870100,MT. STERLING POLICE DEPARTMENT,Accepted,MONTGOMERY,KY0686,,INDIAN MOUND,DR,,,,,,,,38.0538261,-83.95622558,1.658,3/23/2025,1118,2,2,0,0,CLEAR,DRY,FALSE,OTHER ROADWAY OR MID-BLOCK COLLISION,OPPOSING LEFT TURN,STRAIGHT & LEVEL,DAYLIGHT,,,45740.74865,FALSE,167,Accepted,5,5,O,,INATTENTION,
34551543,0870100,MT. STERLING POLICE DEPARTMENT,Accepted,MONTGOMERY,KY0011,,LEVEE,RD,,,,,,,,38.03635382,-83.95003086,8.906,3/24/2025,641,2,2,0,0,CLEAR,DRY,FALSE,SIDESWIPE COLLISION - SAME DIRECTION,SIDESWIPE-SAME DIRECTION,STRAIGHT & LEVEL,DARK-HWY NOT LIGHTED,,,45740.74871,FALSE,167,Accepted,5,5,O,,INATTENTION,
34551545,0870100,MT. STERLING POLICE DEPARTMENT,Accepted,MONTGOMERY,KY0686,,INDIAN MOUND,DR,,,,,,,,38.05985388,-83.95564901,1.238,3/22/2025,1749,2,2,0,0,CLEAR,DRY,FALSE,OTHER ROADWAY OR MID-BLOCK COLLISION,OPPOSING LEFT TURN,STRAIGHT & LEVEL,DAYLIGHT,,,45740.74883,FALSE,166,Accepted,5,5,O,,INATTENTION,
34551547,0870100,MT. STERLING POLICE DEPARTMENT,Accepted,MONTGOMERY,KY0011,,LEVEE,RD,,US0460,APPERSON,,,,,38.04996753,-83.94168251,9.972,3/24/2025,1557,2,2,0,0,CLEAR,DRY,FALSE,OTHER INTERSECTION COLLISIONS,REAR END,STRAIGHT & LEVEL,DAYLIGHT,,,45740.74888,FALSE,166,Accepted,5,5,O,,,
34561794,0870100,MT. STERLING POLICE DEPARTMENT,Accepted,MONTGOMERY,KY0686,,INDIAN MOUND,DR,,,REESE,,,,,38.06754724,-83.95514979,0.706,3/26/2025,1700,2,2,0,0,CLEAR,DRY,FALSE,SIDESWIPE-SAME DIRECTION,SIDESWIPE-SAME DIRECTION,STRAIGHT & GRADE,DAYLIGHT,,,45742.98514,FALSE,108,Accepted,5,5,O,,INATTENTION,
34564364,0870000,MONTGOMERY CTY SHERIFF DEPT,Accepted,MONTGOMERY,,,HOLLY HILLS,DR,,,,,,,,38.04848373,-83.96837008,0.296,3/22/2025,1817,1,1,0,0,CLEAR,DRY,FALSE,COLLISION WITH FIXED OBJECT NON - INTERSECTION - FIRST EVENT COLLISION 09 - 32 EXCLUDING 16,SINGLE VEHICLE,STRAIGHT & GRADE,DAYLIGHT,,,45743.53263,FALSE,248,Accepted,5,5,O,,"INATTENTION, NOT UNDER PROPER CONTROL",
34564367,0870000,MONTGOMERY CTY SHERIFF DEPT,Accepted,MONTGOMERY,KY0011,,LEVEE,RD,,,,,,,,38.02340493,-83.94853002,8.04,3/14/2025,1551,2,2,0,0,CLEAR,DRY,FALSE,REAR END IN TRAFFIC LANES BOTH VEHICLES MOVING,REAR END,STRAIGHT & LEVEL,DAYLIGHT,,,45743.53274,FALSE,226,Accepted,5,5,O,,FAILED TO YIELD RIGHT OF WAY,
34564371,0870000,MONTGOMERY CTY SHERIFF DEPT,Accepted,MONTGOMERY,,532,HIGHLAND,AVE,,,,,,,,38.069354,-83.91993356,0.119,3/24/2025,1328,2,2,0,0,CLOUDY,DRY,FALSE,VEHICLE BACKING NON INTERSECTION,BACKING,STRAIGHT & GRADE,DAYLIGHT,,,45743.53288,FALSE,228,Accepted,5,5,O,,FAILED TO YIELD RIGHT OF WAY,
34564569,0870100,MT. STERLING POLICE DEPARTMENT,Accepted,MONTGOMERY,US0460,,MAYSVILLE,ST,N,,CULPEPPER,,,,,38.07045123,-83.94687685,8.55,3/24/2025,1159,2,2,0,0,CLEAR,DRY,FALSE,OTHER INTERSECTION COLLISIONS,REAR END,STRAIGHT & LEVEL,DAYLIGHT,,,45743.55552,FALSE,121,Accepted,5,5,O,,INATTENTION,