IncidentID,AgencyORI,AgencyName,IncidentStatusDesc,County,RdwyNumber,Street,RoadwayName,StreetSfx,StreetDir,IntersectionRdwy,IntersectionRdwyName,BetweenStRdwy1,BetweenStRdwyName1,BetweenStRdwy2,BetweenStRdwyName2,Latitude,Longitude,Milepoint,CollisionDate,CollisionTime,UnitsInvolved,MotorVehiclesInvolved,NumberKilled,NumberInjured,Weather,RdwyConditionCode,HitandRun,DirAnalysisCode,MannerofCollision,RdwyCharacter,LightCondition,RampFromRdwyId,RampToRdwyId,AcceptedDate,IsSecondaryCollision,OwnerBadge,IncidentStatus,InjurySeverityCde,KABCO Code,KABCO,Environmental_Factors,Human_Factors,Vehicular_Factors
34693677,0870000,MONTGOMERY CTY SHERIFF DEPT,Accepted,MONTGOMERY,KY0713,,SPENCER,PIKE,,,,,,,,38.04579353,-83.90131717,8.873,4/27/2025,2332,1,1,0,0,CLEAR,DRY,FALSE,COLLISION WITH FIXED OBJECT NON - INTERSECTION - FIRST EVENT COLLISION 09 - 32 EXCLUDING 16,SINGLE VEHICLE,STRAIGHT & LEVEL,DARK-HWY NOT LIGHTED,,,45775.64175,FALSE,284,Accepted,5,5,O,ANIMALS ACTION,,
34697248,0870000,MONTGOMERY CTY SHERIFF DEPT,Accepted,MONTGOMERY,,,HIGHLAND,AVE,,,,,,,,38.07001693,-83.92045209,0.066,4/28/2025,1734,2,2,0,0,CLEAR,DRY,FALSE,1 VEHICLE PARKED POSITION (NOT PARKING LOT/DRIVEWAY),BACKING,STRAIGHT & GRADE,DAYLIGHT,,,45776.44741,FALSE,248,Accepted,5,5,O,,MISJUDGE CLEARANCE,
34703556,0870000,MONTGOMERY CTY SHERIFF DEPT,Accepted,MONTGOMERY,US0460,,CAMARGO,RD,,,,,,,,38.01201415,-83.90706151,13.26,4/28/2025,1412,2,2,0,0,CLEAR,DRY,FALSE,OTHER ROADWAY OR MID-BLOCK COLLISION,REAR END,STRAIGHT & GRADE,DAYLIGHT,,,45777.67739,FALSE,238,Accepted,5,5,O,,INATTENTION,
34703557,0870000,MONTGOMERY CTY SHERIFF DEPT,Accepted,MONTGOMERY,US0460,,CAMARGO,RD,,,,,,,,38.00482412,-83.90282907,13.876,4/28/2025,1551,2,2,0,0,CLEAR,DRY,FALSE,REAR END IN TRAFFIC LANES BOTH VEHICLES MOVING,REAR END,STRAIGHT & LEVEL,DAYLIGHT,,,45777.67742,FALSE,238,Accepted,5,5,O,,DISTRACTION,
34708032,0870000,MONTGOMERY CTY SHERIFF DEPT,Accepted,MONTGOMERY,KY0213,990,BEDFORD,RD,,,,,,,,37.9857558,-83.84688216,6.019,4/30/2025,700,1,1,0,0,CLOUDY,DRY,FALSE,COLLISION WITH FIXED OBJECT NON - INTERSECTION - FIRST EVENT COLLISION 09 - 32 EXCLUDING 16,SINGLE VEHICLE,STRAIGHT & LEVEL,DAWN,,,45778.67556,FALSE,228,Accepted,5,5,O,,LOST CONSCIOUSNESS/FAINTED,
34708035,0870000,MONTGOMERY CTY SHERIFF DEPT,Accepted,MONTGOMERY,,,ALEXA,DR,,KY0686,INDIAN MOUND,,,,,38.06552398,-83.95520783,0.016,5/1/2025,1049,2,2,0,0,CLOUDY,DRY,FALSE,OTHER INTERSECTION COLLISIONS,REAR END,STRAIGHT & LEVEL,DAYLIGHT,,,45778.67564,FALSE,228,Accepted,5,5,O,,,
34708046,0870000,MONTGOMERY CTY SHERIFF DEPT,Accepted,MONTGOMERY,KY0965,,STULLTOWN,RD,,,,,,,,38.01579578,-83.77282107,0.004,4/29/2025,1526,2,2,0,0,CLEAR,DRY,FALSE,VEHICLE BACKING NON INTERSECTION,BACKING,STRAIGHT & LEVEL,DAYLIGHT,,,45778.67701,FALSE,227,Accepted,5,5,O,,MISJUDGE CLEARANCE,
34708067,0870100,MT. STERLING POLICE DEPARTMENT,Accepted,MONTGOMERY,US0460,,MAYSVILLE,ST,N,,,,WINN,,JOHNSON,38.0629838,-83.9443978,9.086,4/28/2025,1752,2,2,0,0,CLEAR,DRY,TRUE,SIDESWIPE COLLISION - OPPOSITE DIRECTION,SIDESWIPE-OPPOSITE DIRECTION,STRAIGHT & LEVEL,DAYLIGHT,,,45778.68012,FALSE,121,Accepted,5,5,O,,CELL PHONE,
34709251,0870100,MT. STERLING POLICE DEPARTMENT,Accepted,MONTGOMERY,,,HIGH,ST,W,,,,,,,38.05728846,-83.94377655,0.256,5/1/2025,1726,2,2,0,0,RAINING,WET,FALSE,1 VEHICLE ENTERING/LEAVING ENTRANCE,ANGLE,STRAIGHT & LEVEL,DAYLIGHT,,,45778.95374,FALSE,160,Accepted,5,5,O,,INATTENTION,
34713024,0870100,MT. STERLING POLICE DEPARTMENT,Accepted,MONTGOMERY,,513,ALEXA,DR,,,,,,,,38.06403879,-83.95184755,0.047,5/2/2025,1604,2,2,0,0,CLEAR,DRY,FALSE,1 VEHICLE PARKED POSITION (NOT PARKING LOT/DRIVEWAY),ANGLE,CURVE & LEVEL,DAYLIGHT,,,45779.89288,FALSE,160,Accepted,5,5,O,,MISJUDGE CLEARANCE,
34717513,0870100,MT. STERLING POLICE DEPARTMENT,Accepted,MONTGOMERY,KY0686,,INDIAN MOUND,DR,,,,,,,,38.06178705,-83.95548285,1.113,5/4/2025,1400,2,2,0,0,CLEAR,DRY,FALSE,1 VEHICLE ENTERING/LEAVING ENTRANCE,ANGLE,STRAIGHT & LEVEL,DAYLIGHT,,,45781.6659,FALSE,157,Accepted,5,5,O,,DISREGARD TRAFFIC CONTROL,
34722558,0870000,MONTGOMERY CTY SHERIFF DEPT,Accepted,MONTGOMERY,,500,BURLEY,DR,,,,,,,,38.03924012,-83.9439792,0.112,5/4/2025,844,1,1,0,0,CLEAR,WET,TRUE,COLLISION WITH FIXED OBJECT NON - INTERSECTION - FIRST EVENT COLLISION 09 - 32 EXCLUDING 16,SINGLE VEHICLE,STRAIGHT & HILLCREST,DAYLIGHT,,,45782.51339,FALSE,227,Accepted,5,5,O,,"ALCOHOL INVOLVEMENT, EMOTIONAL, NOT UNDER PROPER CONTROL",
34723795,0870100,MT. STERLING POLICE DEPARTMENT,Accepted,MONTGOMERY,KY0686,,INDIAN MOUND,DR,,US0460,MAYSVILLE,,,,,38.073982,-83.94843744,0.011,4/28/2025,1300,2,2,0,0,CLEAR,DRY,FALSE,OTHER INTERSECTION COLLISIONS,REAR END,STRAIGHT & LEVEL,DAYLIGHT,,,45782.67815,FALSE,120,Accepted,5,5,O,,INATTENTION,
34723798,0870100,MT. STERLING POLICE DEPARTMENT,Accepted,MONTGOMERY,US0060,,MAIN,ST,W,,,,,,,38.05581888,-83.94488506,4.959,4/29/2025,1500,2,2,0,0,CLEAR,DRY,FALSE,REAR END IN TRAFFIC LANES BOTH VEHICLES MOVING,REAR END,STRAIGHT & LEVEL,DAYLIGHT,,,45782.67818,FALSE,120,Accepted,5,5,O,,INATTENTION,
34724631,0870100,MT. STERLING POLICE DEPARTMENT,Accepted,MONTGOMERY,KY0686,,INDIAN MOUND,DR,,,REESE,,,,,38.06735166,-83.95515397,0.707,5/1/2025,1745,4,4,0,0,RAINING,WET,FALSE,ANGLE COLLISION - OTHER,ANGLE,STRAIGHT & LEVEL,DAYLIGHT,,,45782.8667,FALSE,144,Accepted,5,5,O,"VIEW OBSTRUCTED, LIMITED DUE TO WEATHER CONDITIONS",INATTENTION,
34724632,0870100,MT. STERLING POLICE DEPARTMENT,Accepted,MONTGOMERY,KY0686,,INDIAN MOUND,DR,,,COMMONWEALTH,,,,,38.06734046,-83.95542473,0.721,4/27/2025,1535,2,2,0,0,CLEAR,DRY,FALSE,OPPOSITE DIRECTION - BOTH VEHICLES GOING STRAIGHT AHEAD,SIDESWIPE-OPPOSITE DIRECTION,STRAIGHT & LEVEL,DAYLIGHT,,,45782.86674,FALSE,166,Accepted,5,5,O,,INATTENTION,
34724633,0870100,MT. STERLING POLICE DEPARTMENT,Accepted,MONTGOMERY,US0460,,MAYSVILLE,ST,N,KY1991,HINKSTON,,,,,38.06540294,-83.94519258,8.909,5/1/2025,1840,3,3,0,0,CLOUDY,WET,FALSE,OPPOSITE DIRECTION - BOTH VEHICLES GOING STRAIGHT AHEAD,SIDESWIPE-OPPOSITE DIRECTION,STRAIGHT & LEVEL,DAYLIGHT,,,45782.86677,FALSE,166,Accepted,5,5,O,,INATTENTION,
34741639,0870000,MONTGOMERY CTY SHERIFF DEPT,Accepted,MONTGOMERY,KY0686,,INDIAN MOUND,DR,,,,,,,,38.05468915,-83.95686131,1.658,4/30/2025,1216,2,2,0,0,CLEAR,DRY,FALSE,VEHICLE BACKING NON INTERSECTION,BACKING,STRAIGHT & LEVEL,DAYLIGHT,,,45785.64206,FALSE,226,Accepted,5,5,O,,FAILED TO YIELD RIGHT OF WAY,
34741643,0870000,MONTGOMERY CTY SHERIFF DEPT,Accepted,MONTGOMERY,,,MCDONALD,RD,,,,,,,,37.98768334,-83.97541228,0.126,5/5/2025,1622,1,1,0,0,RAINING,WET,FALSE,RAN OFF ROADWAY (1 VEHICLE WITH/EARTH EMBANKMENT/DITCH),SINGLE VEHICLE,STRAIGHT & LEVEL,DAYLIGHT,,,45785.64216,FALSE,226,Accepted,5,5,O,SHOULDERS DEFECTIVE/DROP-OFF,,
34741644,0870000,MONTGOMERY CTY SHERIFF DEPT,Accepted,MONTGOMERY,US0460,,MAIN,ST,,KY0213,KY213,,,,,37.97639494,-83.85103695,17.412,5/6/2025,2002,2,2,0,0,CLEAR,DRY,FALSE,COLLISION WITH FIXED OBJECT IN INTERSECTION - FIRST EVENT COLLISION 09 - 32,REAR END,STRAIGHT & LEVEL,DAYLIGHT,,,45785.6422,FALSE,298,Accepted,5,5,O,GLARE (SUN),MISJUDGE CLEARANCE,
34756895,0870100,MT. STERLING POLICE DEPARTMENT,Accepted,MONTGOMERY,US0460,,MAYSVILLE,ST,N,,,,,,,38.0739128,-83.94830423,8.284,5/11/2025,1215,2,2,0,0,CLEAR,DRY,FALSE,OTHER ROADWAY OR MID-BLOCK COLLISION,REAR END,STRAIGHT & LEVEL,DAYLIGHT,,,45788.65274,FALSE,157,Accepted,5,5,O,,INATTENTION,
34759519,KSP0800,"KY STATE POLICE, POST 08",Accepted,MONTGOMERY,US0460,,MAYSVILLE,ST,N,,,,,,,38.06547393,-83.94521638,8.904,5/1/2025,1544,2,1,0,0,CLOUDY,DRY,FALSE,REAR END IN TRAFFIC LANES BOTH VEHICLES MOVING,REAR END,STRAIGHT & GRADE,DAYLIGHT,,,45789.12627,FALSE,240,Accepted,5,5,O,,INATTENTION,
34763512,0870000,MONTGOMERY CTY SHERIFF DEPT,Accepted,MONTGOMERY,US0460,,CAMARGO,RD,,,,,,,,38.00430933,-83.90256462,13.915,5/9/2025,1523,3,3,0,0,CLEAR,DRY,FALSE,REAR END IN TRAFFIC LANES BOTH VEHICLES MOVING,REAR END,STRAIGHT & LEVEL,DAYLIGHT,,,45789.70859,FALSE,228,Accepted,5,5,O,,,
34763521,0870000,MONTGOMERY CTY SHERIFF DEPT,Accepted,MONTGOMERY,,,TRAVIS,LN,,,,,,,,37.97506415,-83.84624101,0.011,5/9/2025,1649,2,2,0,0,CLEAR,DRY,FALSE,REAR END IN TRAFFIC LANES BOTH VEHICLES MOVING,REAR END,STRAIGHT & LEVEL,DAYLIGHT,,,45789.70876,FALSE,226,Accepted,5,5,O,,FAILED TO YIELD RIGHT OF WAY,
34763523,0870000,MONTGOMERY CTY SHERIFF DEPT,Accepted,MONTGOMERY,US0060,,OWINGSVILLE,RD,,,,,,,,38.0851602,-83.90001477,8.419,5/12/2025,738,2,2,0,0,CLOUDY,DRY,FALSE,SIDESWIPE COLLISION - SAME DIRECTION,SIDESWIPE-SAME DIRECTION,STRAIGHT & GRADE,DAYLIGHT,,,45789.70883,FALSE,227,Accepted,5,5,O,,"FAILED TO YIELD RIGHT OF WAY, INATTENTION",
34773573,0870100,MT. STERLING POLICE DEPARTMENT,Accepted,MONTGOMERY,US0460,440,MAYSVILLE,ST,N,,,,,,,38.06659325,-83.94559425,8.825,5/12/2025,1411,2,1,0,1,CLEAR,WET,FALSE,COLLISION WITH PEDESTRIAN NON - INTERSECTION,SINGLE VEHICLE,STRAIGHT & LEVEL,DAYLIGHT,,,45791.87437,FALSE,165,Accepted,5,4,C,,,
34787514,0870100,MT. STERLING POLICE DEPARTMENT,Accepted,MONTGOMERY,,,NORTHVIEW,DR,,,,,,,,38.07556351,-83.94917202,0.038,5/17/2025,1029,2,2,0,2,CLEAR,DRY,FALSE,1 VEHICLE ENTERING/LEAVING ENTRANCE,ANGLE,STRAIGHT & LEVEL,DAYLIGHT,,,45795.7421,FALSE,167,Accepted,5,4,C,VIEW OBSTRUCTED/LIMITED DUE TO RDWY,,
34790292,0870000,MONTGOMERY CTY SHERIFF DEPT,Accepted,MONTGOMERY,US0460,,PARIS,RD,,,,,,,,38.12075982,-84.05469617,0.877,5/8/2025,59,2,2,0,0,CLEAR,DRY,FALSE,SIDESWIPE COLLISION - SAME DIRECTION,SIDESWIPE-SAME DIRECTION,STRAIGHT & LEVEL,DARK-HWY NOT LIGHTED,,,45796.42446,FALSE,248,Accepted,5,5,O,,TURNING IMPROPERLY,OTHER LIGHTING DEFECTIVE
34790294,0870000,MONTGOMERY CTY SHERIFF DEPT,Accepted,MONTGOMERY,US0060,,WINCHESTER,RD,,,,,,,,38.03357416,-84.01947152,0.427,5/12/2025,1953,1,1,0,0,CLEAR,WET,FALSE,OTHER COLLISIONS ON SHOULDER,SINGLE VEHICLE,STRAIGHT & HILLCREST,DAYLIGHT,,,45796.42454,FALSE,255,Accepted,5,5,O,,,
34790298,0870000,MONTGOMERY CTY SHERIFF DEPT,Accepted,MONTGOMERY,,4755,CAMARGO LEVEE,RD,,,,,,,,37.99035384,-83.88347296,0.264,5/13/2025,1200,1,1,0,0,RAINING,WET,TRUE,OTHER ROADWAY OR MID-BLOCK COLLISION,SINGLE VEHICLE,STRAIGHT & LEVEL,DAYLIGHT,,,45796.42465,FALSE,252,Accepted,5,5,O,,,
34790301,0870000,MONTGOMERY CTY SHERIFF DEPT,Accepted,MONTGOMERY,US0460,,CAMARGO,RD,,,,,,,,38.00467406,-83.90283014,13.885,5/10/2025,1704,2,2,0,1,CLEAR,DRY,FALSE,REAR END IN TRAFFIC LANES BOTH VEHICLES MOVING,REAR END,STRAIGHT & GRADE,DAYLIGHT,,,45796.42474,FALSE,226,Accepted,5,4,C,,FAILED TO YIELD RIGHT OF WAY,
34790302,0870000,MONTGOMERY CTY SHERIFF DEPT,Accepted,MONTGOMERY,US0460,,MAIN,ST,,,,,,,,37.9764449,-83.85116703,17.444,5/14/2025,1150,2,2,0,0,CLEAR,DRY,FALSE,SIDESWIPE COLLISION - SAME DIRECTION,SIDESWIPE-SAME DIRECTION,STRAIGHT & LEVEL,DAYLIGHT,,,45796.42478,FALSE,226,Accepted,5,5,O,,FAILED TO YIELD RIGHT OF WAY,
34792148,0870000,MONTGOMERY CTY SHERIFF DEPT,Accepted,MONTGOMERY,KY0713,4523,SPENCER,PIKE,,,,,,,,38.047189,-83.90327223,8.725,5/15/2025,1515,2,2,0,0,CLEAR,DRY,FALSE,SIDESWIPE COLLISION - SAME DIRECTION,SIDESWIPE-SAME DIRECTION,STRAIGHT & LEVEL,DAYLIGHT,,,45796.69862,FALSE,252,Accepted,5,5,O,,OTHER,
34792171,0870000,MONTGOMERY CTY SHERIFF DEPT,Accepted,MONTGOMERY,,,CLARENCE,DR,,,,,,,,38.09258125,-83.8977893,0.007,5/15/2025,1705,2,2,0,0,CLEAR,DRY,FALSE,REAR END IN TRAFFIC LANES BOTH VEHICLES MOVING,REAR END,STRAIGHT & LEVEL,DAYLIGHT,,,45796.69924,FALSE,226,Accepted,5,5,O,,FAILED TO YIELD RIGHT OF WAY,
34792291,0870100,MT. STERLING POLICE DEPARTMENT,Accepted,MONTGOMERY,US0460,,MAYSVILLE,ST,N,,EVANS,,,,,38.07555034,-83.94884914,8.18,5/15/2025,832,2,2,0,0,CLEAR,DRY,FALSE,OPPOSING LEFT TURN,OPPOSING LEFT TURN,STRAIGHT & LEVEL,DAYLIGHT,,,45796.71558,FALSE,165,Accepted,5,5,O,,"FAILED TO YIELD RIGHT OF WAY, INATTENTION",
34805007,0870100,MT. STERLING POLICE DEPARTMENT,Accepted,MONTGOMERY,US0060,,MAIN,ST,W,,,,,,,38.05442504,-83.95081758,4.627,5/21/2025,2050,2,2,0,0,CLOUDY,DRY,FALSE,COLLISION WITH FIXED OBJECT NON - INTERSECTION - FIRST EVENT COLLISION 09 - 32 EXCLUDING 16,SIDESWIPE-OPPOSITE DIRECTION,STRAIGHT & LEVEL,DUSK,,,45799.66056,FALSE,159,Accepted,5,5,O,,MISJUDGE CLEARANCE,
34805010,0870100,MT. STERLING POLICE DEPARTMENT,Accepted,MONTGOMERY,US0460,,BANK,ST,S,,,,,,,38.05573439,-83.94314307,9.578,5/16/2025,1110,2,1,0,1,RAINING,WET,FALSE,COLLISION WITH PEDESTRIAN NON - INTERSECTION,SINGLE VEHICLE,STRAIGHT & LEVEL,DAYLIGHT,,,45799.66061,FALSE,149,Accepted,4,4,C,,INATTENTION,
34806783,0870100,MT. STERLING POLICE DEPARTMENT,Accepted,MONTGOMERY,,,HOLT,AVE,,,,,,,,38.06002307,-83.94776045,0.071,5/22/2025,1955,2,2,0,0,CLOUDY,DRY,FALSE,SIDESWIPE COLLISION - OPPOSITE DIRECTION,SIDESWIPE-OPPOSITE DIRECTION,STRAIGHT & LEVEL,DUSK,,,45799.99161,FALSE,129,Accepted,5,5,O,,FAILED TO YIELD RIGHT OF WAY,
34813773,0870100,MT. STERLING POLICE DEPARTMENT,Accepted,MONTGOMERY,KY0686,,INDIAN MOUND,DR,,,,,,,,38.05385512,-83.9564901,1.644,5/23/2025,1346,2,2,0,0,CLEAR,DRY,FALSE,OTHER ROADWAY OR MID-BLOCK COLLISION,OPPOSING LEFT TURN,STRAIGHT & LEVEL,DAYLIGHT,,,45802.0054,FALSE,167,Accepted,5,5,O,,INATTENTION,
34813774,0870100,MT. STERLING POLICE DEPARTMENT,Accepted,MONTGOMERY,US0460,,MAYSVILLE,ST,N,,FALCON,,,,,38.07557199,-83.94868387,,5/23/2025,1425,2,2,0,1,CLEAR,DRY,FALSE,ANGLE COLLISION - OTHER,ANGLE,STRAIGHT & LEVEL,DAYLIGHT,,,45802.00546,FALSE,128,Accepted,5,3,B,,OTHER,STEERING FAILURE
34813776,0870100,MT. STERLING POLICE DEPARTMENT,Accepted,MONTGOMERY,US0060,,MAIN,ST,E,,,,,,,38.05709949,-83.93913227,5.295,5/23/2025,1751,2,2,0,0,CLEAR,DRY,FALSE,SIDESWIPE COLLISION - SAME DIRECTION,SIDESWIPE-SAME DIRECTION,STRAIGHT & LEVEL,DAYLIGHT,,,45802.0055,FALSE,160,Accepted,5,5,O,,FAILED TO KEEP PROPER LANE,
34818385,0870000,MONTGOMERY CTY SHERIFF DEPT,Accepted,MONTGOMERY,KY0686,,INDIAN MOUND,DR,,,,,,,,38.04481886,-83.95467944,2.309,5/2/2025,1402,3,3,0,0,CLOUDY,DRY,FALSE,REAR END IN TRAFFIC LANES BOTH VEHICLES MOVING,REAR END,CURVE & LEVEL,DAYLIGHT,,,45803.49039,FALSE,227,Accepted,5,5,O,,NOT UNDER PROPER CONTROL,
34818392,0870000,MONTGOMERY CTY SHERIFF DEPT,Accepted,MONTGOMERY,,,TOWN BRANCH,RD,,,,,,,,38.00435794,-83.81325361,1.079,5/18/2025,1917,1,1,0,0,CLOUDY,DRY,FALSE,COLLISION WITH FIXED OBJECT NON - INTERSECTION - FIRST EVENT COLLISION 09 - 32 EXCLUDING 16,SINGLE VEHICLE,STRAIGHT & LEVEL,DAYLIGHT,,,45803.49055,FALSE,248,Accepted,5,5,O,,ALCOHOL INVOLVEMENT,
34822550,0870000,MONTGOMERY CTY SHERIFF DEPT,Accepted,MONTGOMERY,KY0011,,MAYSVILLE,RD,,,,,,,,38.14527377,-83.9576801,14.092,5/20/2025,1601,1,1,0,0,CLOUDY,WET,FALSE,OCCUPANT FELL FROM MOVING VEHICLE,SINGLE VEHICLE,CURVE & LEVEL,DAYLIGHT,,,45804.44866,FALSE,226,Accepted,5,5,O,,,
34822705,0870000,MONTGOMERY CTY SHERIFF DEPT,Accepted,MONTGOMERY,,1090,FOGG,PIKE,,,,,,,,38.03660108,-83.97020379,1.35,5/26/2025,1108,1,1,0,0,CLEAR,DRY,TRUE,COLLISION WITH FIXED OBJECT NON - INTERSECTION - FIRST EVENT COLLISION 09 - 32 EXCLUDING 16,SINGLE VEHICLE,STRAIGHT & HILLCREST,DAYLIGHT,,,45804.4741,FALSE,227,Accepted,5,5,O,,"FAILED TO KEEP PROPER LANE, INATTENTION, NOT UNDER PROPER CONTROL",
34822706,0870000,MONTGOMERY CTY SHERIFF DEPT,Accepted,MONTGOMERY,KY0011,4759,LEVEE,RD,,,,,,,,37.97421084,-83.93665958,4.346,5/26/2025,1335,2,2,0,1,CLEAR,DRY,FALSE,SIDESWIPE COLLISION - SAME DIRECTION,SIDESWIPE-SAME DIRECTION,STRAIGHT & LEVEL,DAYLIGHT,,,45804.47416,FALSE,227,Accepted,5,4,C,,"FAILED TO YIELD RIGHT OF WAY, MISJUDGE CLEARANCE, NOT UNDER PROPER CONTROL",
34833687,0870000,MONTGOMERY CTY SHERIFF DEPT,Accepted,MONTGOMERY,US0460,,PARIS,RD,,,,,,,,38.09883342,-83.99812445,4.459,5/28/2025,1030,1,1,0,1,CLOUDY,WET,FALSE,RAN OFF ROADWAY (1 VEHICLE WITH/EARTH EMBANKMENT/DITCH),SINGLE VEHICLE,CURVE & GRADE,DAYLIGHT,,,45806.70517,FALSE,228,Accepted,3,3,B,SLIPPERY SURFACE,,
34833688,0870000,MONTGOMERY CTY SHERIFF DEPT,Accepted,MONTGOMERY,US0460,,CAMARGO,RD,,,WOODFORD,,,,,38.04462812,-83.93506699,10.505,5/28/2025,1556,2,2,0,0,CLOUDY,DRY,FALSE,ANGLE COLLISION - OTHER,ANGLE,STRAIGHT & LEVEL,DAYLIGHT,,,45806.7052,FALSE,228,Accepted,5,5,O,,FAILED TO YIELD RIGHT OF WAY,
34839441,0870100,MT. STERLING POLICE DEPARTMENT,Accepted,MONTGOMERY,,,BANK,ST,N,,,,,,,38.05627806,-83.94339974,0.011,5/29/2025,1839,2,2,0,0,CLEAR,DRY,FALSE,1 VEHICLE ENTERING/LEAVING ENTRANCE,ANGLE,STRAIGHT & HILLCREST,DAYLIGHT,,,45808.0897,FALSE,160,Accepted,5,5,O,,INATTENTION,
34839442,0870100,MT. STERLING POLICE DEPARTMENT,Accepted,MONTGOMERY,US0460,,CAMARGO,RD,,,,,,,,38.03366779,-83.92921289,11.352,5/29/2025,1308,3,3,0,2,CLEAR,DRY,FALSE,REAR END IN TRAFFIC LANES BOTH VEHICLES MOVING,REAR END,STRAIGHT & LEVEL,DAYLIGHT,,,45808.08974,FALSE,167,Accepted,4,4,C,,INATTENTION,
34842828,0870000,MONTGOMERY CTY SHERIFF DEPT,Accepted,MONTGOMERY,US0460,4106,CAMARGO,RD,,,,,,,,37.99529019,-83.89095928,14.813,5/27/2025,1742,2,2,0,1,CLOUDY,WET,FALSE,REAR END IN TRAFFIC LANES BOTH VEHICLES MOVING,REAR END,STRAIGHT & LEVEL,DAYLIGHT,,,45809.30843,FALSE,227,Accepted,5,4,C,SLIPPERY SURFACE,"INATTENTION, NOT UNDER PROPER CONTROL",
34846890,KSP0800,"KY STATE POLICE, POST 08",Accepted,MONTGOMERY,KY0686,,INDIAN MOUND,DR,,,,,,,,38.07113,-83.91658541,6.051,5/27/2025,1629,3,3,0,0,RAINING,WET,FALSE,OTHER ROADWAY OR MID-BLOCK COLLISION,REAR END,STRAIGHT & LEVEL,DAYLIGHT,,,45810.41031,FALSE,436,Accepted,5,5,O,SLIPPERY SURFACE,NOT UNDER PROPER CONTROL,
34848907,0870100,MT. STERLING POLICE DEPARTMENT,Accepted,MONTGOMERY,US0460,,MAYSVILLE,ST,N,,MT AYR,,,,,38.07413621,-83.94818994,8.281,6/2/2025,1228,2,2,0,0,CLEAR,DRY,FALSE,ANGLE COLLISION - OTHER,ANGLE,STRAIGHT & LEVEL,DAYLIGHT,,,45810.73,FALSE,165,Accepted,5,5,O,,FAILED TO YIELD RIGHT OF WAY,
34853500,0870100,MT. STERLING POLICE DEPARTMENT,Accepted,MONTGOMERY,US0460,,APPERSON,HTS,,,,,,,,38.05134576,-83.9422652,9.886,6/3/2025,1051,2,2,0,0,CLEAR,DRY,FALSE,1 VEHICLE ENTERING/LEAVING ENTRANCE,ANGLE,STRAIGHT & GRADE,DAYLIGHT,,,45811.72995,FALSE,128,Accepted,5,5,O,,INATTENTION,
34862424,0870100,MT. STERLING POLICE DEPARTMENT,Accepted,MONTGOMERY,KY0686,,INDIAN MOUND,DR,,,,,,,,38.06179547,-83.95548504,1.104,6/4/2025,1342,2,2,0,4,CLEAR,DRY,FALSE,OTHER ROADWAY OR MID-BLOCK COLLISION,OPPOSING LEFT TURN,STRAIGHT & LEVEL,DAYLIGHT,,,45813.67521,FALSE,167,Accepted,5,4,C,,INATTENTION,
34862426,0870100,MT. STERLING POLICE DEPARTMENT,Accepted,MONTGOMERY,,,SCOTT,ST,,,,,,,,38.05514676,-83.93590442,0.045,6/5/2025,703,2,2,0,0,CLEAR,DRY,FALSE,1 VEHICLE ENTERING/LEAVING ENTRANCE,ANGLE,STRAIGHT & GRADE,DAYLIGHT,,,45813.67525,FALSE,139,Accepted,5,5,O,,INATTENTION,
34874391,0870000,MONTGOMERY CTY SHERIFF DEPT,Accepted,MONTGOMERY,KY0686,,INDIAN MOUND,DR,,,,,,,,38.05524059,-83.95635386,1.569,5/27/2025,1715,2,1,0,0,CLOUDY,WET,FALSE,1 VEHICLE ENTERING/LEAVING ENTRANCE,ANGLE,STRAIGHT & LEVEL,DAYLIGHT,,,45817.12616,FALSE,232,Accepted,5,5,O,,MISJUDGE CLEARANCE,
34877299,0870100,MT. STERLING POLICE DEPARTMENT,Accepted,MONTGOMERY,,,VANCE,DR,,,,,,,,38.07516026,-83.95149214,0.109,6/8/2025,1100,1,1,0,0,CLOUDY,WET,FALSE,COLLISION WITH FIXED OBJECT NON - INTERSECTION - FIRST EVENT COLLISION 09 - 32 EXCLUDING 16,SINGLE VEHICLE,STRAIGHT & LEVEL,DAYLIGHT,,,45817.67986,FALSE,120,Accepted,5,5,O,,"NOT UNDER PROPER CONTROL, OVERCORRECTING/OVERSTEERING",
34884520,0870000,MONTGOMERY CTY SHERIFF DEPT,Accepted,MONTGOMERY,KY0537,,BUNKER HILL,RD,,,,,,,,38.13460535,-83.98505614,2.632,6/2/2025,1418,1,1,0,1,CLEAR,DRY,FALSE,COLLISION WITH FIXED OBJECT NON - INTERSECTION - FIRST EVENT COLLISION 09 - 32 EXCLUDING 16,SINGLE VEHICLE,CURVE & GRADE,DAYLIGHT,,,45819.32973,FALSE,228,Accepted,5,3,B,,"ALCOHOL INVOLVEMENT, DRUG INVOLVEMENT",