IncidentID,AgencyORI,AgencyName,IncidentStatusDesc,County,RdwyNumber,Street,RoadwayName,StreetSfx,StreetDir,IntersectionRdwy,IntersectionRdwyName,BetweenStRdwy1,BetweenStRdwyName1,BetweenStRdwy2,BetweenStRdwyName2,Latitude,Longitude,Milepoint,CollisionDate,CollisionTime,UnitsInvolved,MotorVehiclesInvolved,NumberKilled,NumberInjured,Weather,RdwyConditionCode,HitandRun,DirAnalysisCode,MannerofCollision,RdwyCharacter,LightCondition,RampFromRdwyId,RampToRdwyId,AcceptedDate,IsSecondaryCollision,OwnerBadge,IncidentStatus,InjurySeverityCde,KABCO Code,KABCO,Environmental_Factors,Human_Factors,Vehicular_Factors
34884525,0870000,MONTGOMERY CTY SHERIFF DEPT,Accepted,MONTGOMERY,US0460,,MAYSVILLE,ST,N,,,,,,,38.0573919,-83.94251835,9.476,6/4/2025,910,2,2,0,0,CLEAR,DRY,FALSE,1 VEHICLE PARKED POSITION (NOT PARKING LOT/DRIVEWAY),BACKING,STRAIGHT & LEVEL,DAYLIGHT,,,45819.32983,FALSE,238,Accepted,5,5,O,,MISJUDGE CLEARANCE,
34884526,0870000,MONTGOMERY CTY SHERIFF DEPT,Accepted,MONTGOMERY,US0060,4980,OWINGSVILLE,RD,,,,,,,,38.12882082,-83.87613519,11.89,6/4/2025,1608,1,1,0,1,CLEAR,DRY,FALSE,RAN OFF ROADWAY (1 VEHICLE WITH/EARTH EMBANKMENT/DITCH),SINGLE VEHICLE,CURVE & GRADE,DAYLIGHT,,,45819.32986,FALSE,238,Accepted,5,4,C,,LOST CONSCIOUSNESS/FAINTED,
34884527,0870000,MONTGOMERY CTY SHERIFF DEPT,Accepted,MONTGOMERY,US0460,,MAIN,ST,,,,,,,,37.97716033,-83.85337607,17.295,6/5/2025,938,3,3,0,2,CLEAR,DRY,FALSE,1 VEHICLE ENTERING/LEAVING ENTRANCE,ANGLE,STRAIGHT & LEVEL,DAYLIGHT,,,45819.32989,FALSE,238,Accepted,5,4,C,,LOST CONSCIOUSNESS/FAINTED,
34884528,0870000,MONTGOMERY CTY SHERIFF DEPT,Accepted,MONTGOMERY,KY0011,3670,LEVEE,RD,,,,,,,,38.00564241,-83.94420077,6.651,6/5/2025,1642,1,1,0,1,CLEAR,DRY,FALSE,RAN OFF ROADWAY (1 VEHICLE WITH/EARTH EMBANKMENT/DITCH),SINGLE VEHICLE,STRAIGHT & LEVEL,DAYLIGHT,,,45819.32993,FALSE,238,Accepted,4,4,C,,IMPROPER PASSING,
34884561,0870000,MONTGOMERY CTY SHERIFF DEPT,Accepted,MONTGOMERY,US0060,,OWINGSVILLE,RD,,KY0686,INDIAN MOUND,,,,,38.07495399,-83.91850078,7.2,6/5/2025,1818,2,2,0,2,CLEAR,DRY,FALSE,OTHER INTERSECTION COLLISIONS,REAR END,STRAIGHT & LEVEL,DAYLIGHT,,,45819.33441,FALSE,248,Accepted,4,3,B,,NOT UNDER PROPER CONTROL,
34884562,0870000,MONTGOMERY CTY SHERIFF DEPT,Accepted,MONTGOMERY,KY0011,,LEVEE,RD,,,,,,,,37.95610786,-83.93857346,3.014,6/9/2025,2153,1,1,0,2,CLOUDY,DRY,FALSE,COLLISION WITH ANIMAL NON INTERSECTION,SINGLE VEHICLE,CURVE & LEVEL,DARK-HWY NOT LIGHTED,,,45819.33444,FALSE,248,Accepted,5,4,C,ANIMALS ACTION,,
34884563,0870000,MONTGOMERY CTY SHERIFF DEPT,Accepted,MONTGOMERY,KY1331,,HOWARDS MILL,RD,,,,,,,,38.06687373,-83.86395859,2.53,6/9/2025,1736,1,1,0,0,CLEAR,DRY,FALSE,COLLISION WITH FIXED OBJECT NON - INTERSECTION - FIRST EVENT COLLISION 09 - 32 EXCLUDING 16,SINGLE VEHICLE,CURVE & LEVEL,DAYLIGHT,,,45819.33448,FALSE,248,Accepted,5,5,O,,"DRUG INVOLVEMENT, NOT UNDER PROPER CONTROL",
34885784,0870100,MT. STERLING POLICE DEPARTMENT,Accepted,MONTGOMERY,,29,HIGH,ST,E,,,,,,,38.05784355,-83.94183997,0.039,6/9/2025,1930,1,1,0,0,CLEAR,DRY,TRUE,COLLISION WITH FIXED OBJECT NON - INTERSECTION - FIRST EVENT COLLISION 09 - 32 EXCLUDING 16,SINGLE VEHICLE,STRAIGHT & LEVEL,DAYLIGHT,,,45819.60661,FALSE,144,Accepted,5,5,O,,,
34885787,0870100,MT. STERLING POLICE DEPARTMENT,Accepted,MONTGOMERY,US0460,,MAYSVILLE,ST,N,,,,,,,38.06540616,-83.94521106,8.908,6/10/2025,1224,2,2,0,0,CLEAR,DRY,FALSE,REAR END IN TRAFFIC LANES BOTH VEHICLES MOVING,REAR END,STRAIGHT & LEVEL,DAYLIGHT,,,45819.60664,FALSE,139,Accepted,5,5,O,,INATTENTION,
34889187,KSP0800,"KY STATE POLICE, POST 08",Accepted,MONTGOMERY,US0460,,MAIN,ST,,,,,,,,37.96312781,-83.80132274,20.292,6/11/2025,1140,1,1,0,1,CLEAR,DRY,FALSE,OTHER ROADWAY OR MID-BLOCK COLLISION,SINGLE VEHICLE,STRAIGHT & GRADE,DAYLIGHT,,,45820.38281,FALSE,370,Accepted,3,3,B,,DISTRACTION,
34894524,0870100,MT. STERLING POLICE DEPARTMENT,Accepted,MONTGOMERY,,209,ANTWERP,AVE,,,,,,,,38.05911633,-83.9505479,0.122,6/10/2025,1429,2,2,0,0,CLEAR,DRY,FALSE,1 VEHICLE PARKED POSITION (NOT PARKING LOT/DRIVEWAY),BACKING,STRAIGHT & LEVEL,DAYLIGHT,,,45821.5669,FALSE,128,Accepted,5,5,O,,MISJUDGE CLEARANCE,
34894525,0870100,MT. STERLING POLICE DEPARTMENT,Accepted,MONTGOMERY,,37,MAYSVILLE,ST,S,,,,,,,38.0556794,-83.94179628,0.052,6/11/2025,1205,2,2,0,0,CLEAR,DRY,FALSE,1 VEHICLE PARKED POSITION (NOT PARKING LOT/DRIVEWAY),ANGLE,STRAIGHT & GRADE,DAYLIGHT,,,45821.56694,FALSE,128,Accepted,5,5,O,,MISJUDGE CLEARANCE,
34894526,0870100,MT. STERLING POLICE DEPARTMENT,Accepted,MONTGOMERY,KY0686,,INDIAN MOUND,DR,,,,,,,,38.06734782,-83.95540615,0.72,6/11/2025,1625,2,2,0,2,CLEAR,DRY,FALSE,1 VEHICLE ENTERING/LEAVING ENTRANCE,ANGLE,STRAIGHT & LEVEL,DAYLIGHT,,,45821.56698,FALSE,160,Accepted,5,2,A,,FAILED TO YIELD RIGHT OF WAY,
34898169,0870100,MT. STERLING POLICE DEPARTMENT,Accepted,MONTGOMERY,,,FALCON,DR,,,WINGTIP,,,,,38.07575948,-83.94816547,0.017,6/13/2025,1848,2,2,0,0,CLOUDY,WET,FALSE,ANGLE COLLISION - OTHER,ANGLE,STRAIGHT & LEVEL,DAYLIGHT,,,45822.76662,FALSE,121,Accepted,5,5,O,,INATTENTION,
34898170,0870100,MT. STERLING POLICE DEPARTMENT,Accepted,MONTGOMERY,,109,QUEEN,ST,S,,,,,,,38.05140269,-83.93707846,0.324,6/13/2025,1734,1,1,0,0,RAINING,WET,FALSE,OTHER ROADWAY OR MID-BLOCK COLLISION,SINGLE VEHICLE,STRAIGHT & LEVEL,DAYLIGHT,,,45822.76666,FALSE,165,Accepted,5,5,O,,INATTENTION,
34899292,0870000,MONTGOMERY CTY SHERIFF DEPT,Accepted,MONTGOMERY,US0060,,OWINGSVILLE,RD,,,,,,,,38.08337601,-83.90108458,8.283,6/2/2025,1545,2,1,0,0,CLEAR,DRY,FALSE,SIDESWIPE COLLISION - SAME DIRECTION,SIDESWIPE-SAME DIRECTION,STRAIGHT & GRADE,DAYLIGHT,,,45823.12793,FALSE,232,Accepted,5,5,O,,FAILED TO YIELD RIGHT OF WAY,
34902011,0870100,MT. STERLING POLICE DEPARTMENT,Accepted,MONTGOMERY,KY0686,,INDIAN MOUND,DR,,,COMMONWEALTH,,,,,38.06734073,-83.95541818,0.721,5/28/2025,1700,2,2,0,2,CLEAR,DRY,FALSE,OPPOSITE DIRECTION - BOTH VEHICLES GOING STRAIGHT AHEAD,SIDESWIPE-OPPOSITE DIRECTION,STRAIGHT & LEVEL,DAYLIGHT,,,45824.22613,FALSE,166,Accepted,4,4,C,,INATTENTION,
34917697,0870100,MT. STERLING POLICE DEPARTMENT,Accepted,MONTGOMERY,KY0686,,INDIAN MOUND,DR,,,PATSY,,,,,38.07098079,-83.95498722,0.457,6/19/2025,1215,2,2,0,0,CLOUDY,DRY,FALSE,ANGLE COLLISION - OTHER,ANGLE,STRAIGHT & LEVEL,DAYLIGHT,,,45827.62037,FALSE,157,Accepted,5,5,O,,FAILED TO YIELD RIGHT OF WAY,
34918832,0870100,MT. STERLING POLICE DEPARTMENT,Accepted,MONTGOMERY,,,NORTHVIEW,DR,,,,,,,,38.07570077,-83.94922223,0.028,6/17/2025,1230,2,2,0,0,CLEAR,DRY,FALSE,VEHICLE BACKING NON INTERSECTION,BACKING,STRAIGHT & LEVEL,DAYLIGHT,,,45827.86721,FALSE,120,Accepted,5,5,O,,"IMPROPER BACKING, INATTENTION",
34918835,0870100,MT. STERLING POLICE DEPARTMENT,Accepted,MONTGOMERY,US0460,,MAYSVILLE,RD,,,,,,,,38.07886953,-83.94947886,7.97,6/18/2025,1751,2,2,0,0,CLEAR,DRY,FALSE,OTHER ROADWAY OR MID-BLOCK COLLISION,OPPOSING LEFT TURN,STRAIGHT & LEVEL,DAYLIGHT,,,45827.86732,FALSE,165,Accepted,5,5,O,,DISTRACTION,
34920474,0870000,MONTGOMERY CTY SHERIFF DEPT,Accepted,MONTGOMERY,,1880,WELCH,RD,,,,,,,,37.96926131,-83.85897912,0.084,6/11/2025,1941,1,1,0,1,CLEAR,DRY,FALSE,OTHER ROADWAY OR MID-BLOCK COLLISION,SINGLE VEHICLE,CURVE & LEVEL,DAYLIGHT,,,45828.3385,FALSE,298,Accepted,5,4,C,,"INATTENTION, NOT UNDER PROPER CONTROL",
34920475,0870000,MONTGOMERY CTY SHERIFF DEPT,Accepted,MONTGOMERY,KY0213,,KY213,,S,KY0646,WILLOUGHBY TOWN,,,,,37.94404286,-83.86424532,2.886,6/12/2025,532,1,1,0,1,CLEAR,DRY,FALSE,OTHER INTERSECTION COLLISIONS,SINGLE VEHICLE,CURVE & LEVEL,DARK-HWY NOT LIGHTED,,,45828.33853,FALSE,298,Accepted,3,3,B,,,
34920476,0870000,MONTGOMERY CTY SHERIFF DEPT,Accepted,MONTGOMERY,US0060,,WINCHESTER,RD,,,SHERRY,,,,,38.05319852,-83.96288654,3.955,6/8/2025,1416,2,2,0,1,CLEAR,WET,FALSE,ANGLE COLLISION - OTHER,ANGLE,STRAIGHT & LEVEL,DAYLIGHT,,,45828.33855,FALSE,252,Accepted,5,3,B,,"MISJUDGE CLEARANCE, TURNING IMPROPERLY",
34920483,0870000,MONTGOMERY CTY SHERIFF DEPT,Accepted,MONTGOMERY,US0060,,MAIN,ST,E,,,,,,,38.06202502,-83.93142325,5.871,6/16/2025,1818,2,2,0,0,CLEAR,DRY,FALSE,REAR END IN TRAFFIC LANES BOTH VEHICLES MOVING,REAR END,STRAIGHT & LEVEL,DAYLIGHT,,,45828.33866,FALSE,284,Accepted,5,5,O,,INATTENTION,
34920486,0870000,MONTGOMERY CTY SHERIFF DEPT,Accepted,MONTGOMERY,US0460,,MAIN,ST,,,,,,,,37.95110577,-83.77820393,21.839,6/17/2025,2333,1,1,0,1,CLOUDY,WET,FALSE,COLLISION WITH FIXED OBJECT NON - INTERSECTION - FIRST EVENT COLLISION 09 - 32 EXCLUDING 16,SINGLE VEHICLE,CURVE & LEVEL,DARK-HWY NOT LIGHTED,,,45828.33872,FALSE,284,Accepted,5,3,B,,,
34920488,0870000,MONTGOMERY CTY SHERIFF DEPT,Accepted,MONTGOMERY,KY0011,,LEVEE,RD,,,,,,,,37.96713888,-83.93913001,3.785,6/10/2025,432,1,1,0,0,CLEAR,WET,FALSE,COLLISION WITH ANIMAL NON INTERSECTION,SINGLE VEHICLE,CURVE & LEVEL,DARK-HWY NOT LIGHTED,,,45828.33876,FALSE,255,Accepted,5,5,O,ANIMALS ACTION,,
34920489,0870000,MONTGOMERY CTY SHERIFF DEPT,Accepted,MONTGOMERY,,,CHENAULT,LN,,KY0686,INDIAN MOUND,,,,,38.04770155,-83.95619662,0.416,6/13/2025,2153,2,2,0,0,CLEAR,DRY,FALSE,OTHER INTERSECTION COLLISIONS,REAR END,STRAIGHT & LEVEL,DARK-HWY NOT LIGHTED,,,45828.33879,FALSE,255,Accepted,5,5,O,,DISTRACTION,
34920491,0870000,MONTGOMERY CTY SHERIFF DEPT,Accepted,MONTGOMERY,KY0213,,KY213,,,,,,,,,37.95332312,-83.86205173,3.575,6/15/2025,2017,1,1,0,0,CLEAR,DRY,FALSE,COLLISION WITH ANIMAL NON INTERSECTION,SINGLE VEHICLE,STRAIGHT & LEVEL,DAYLIGHT,,,45828.33884,FALSE,248,Accepted,5,5,O,ANIMALS ACTION,,
34922180,0870000,MONTGOMERY CTY SHERIFF DEPT,Accepted,MONTGOMERY,KY0213,,BEDFORD,RD,,,TABOR,,,,,37.98317947,-83.84814947,5.826,6/19/2025,1448,2,2,0,0,CLOUDY,WET,FALSE,OPPOSITE DIRECTION - BOTH VEHICLES GOING STRAIGHT AHEAD,SIDESWIPE-OPPOSITE DIRECTION,STRAIGHT & LEVEL,DAYLIGHT,,,45828.68413,FALSE,227,Accepted,5,5,O,,"DISTRACTION, INATTENTION",
34922182,0870000,MONTGOMERY CTY SHERIFF DEPT,Accepted,MONTGOMERY,,5355,STEPSTONE,RD,,,,,,,,38.08977816,-83.83452268,3.712,6/18/2025,1347,1,1,0,0,CLEAR,DRY,FALSE,COLLISION WITH FIXED OBJECT NON - INTERSECTION - FIRST EVENT COLLISION 09 - 32 EXCLUDING 16,SINGLE VEHICLE,STRAIGHT & LEVEL,DAYLIGHT,,,45828.68422,FALSE,238,Accepted,5,5,O,,,STEERING FAILURE
34922183,0870000,MONTGOMERY CTY SHERIFF DEPT,Accepted,MONTGOMERY,KY1050,,KY1050,,,,,,,,,37.95446882,-83.82383702,6.034,6/18/2025,1749,1,1,0,0,CLEAR,DRY,FALSE,RAN OFF ROADWAY (1 VEHICLE WITH/EARTH EMBANKMENT/DITCH),SINGLE VEHICLE,STRAIGHT & LEVEL,DAYLIGHT,,,45828.68427,FALSE,238,Accepted,5,5,O,,DISTRACTION,
34922186,0870000,MONTGOMERY CTY SHERIFF DEPT,Accepted,MONTGOMERY,,1955,FOGG,PIKE,,,,,,,,38.03156602,-83.97774485,1.975,6/14/2025,1019,1,1,0,0,CLOUDY,WET,FALSE,COLLISION WITH FIXED OBJECT NON - INTERSECTION - FIRST EVENT COLLISION 09 - 32 EXCLUDING 16,SINGLE VEHICLE,STRAIGHT & LEVEL,DAYLIGHT,,,45828.68432,FALSE,238,Accepted,5,5,O,,OVERCORRECTING/OVERSTEERING,
34922188,0870000,MONTGOMERY CTY SHERIFF DEPT,Accepted,MONTGOMERY,,,MCCORMICK,RD,,,,,,,,37.99574112,-83.88729473,0.114,6/12/2025,931,2,2,0,0,CLEAR,DRY,FALSE,VEHICLE BACKING NON INTERSECTION,BACKING,STRAIGHT & LEVEL,DAYLIGHT,,,45828.68437,FALSE,228,Accepted,5,5,O,,,
34922189,0870000,MONTGOMERY CTY SHERIFF DEPT,Accepted,MONTGOMERY,,,MIDLAND,TRL,,,,,,,,38.07785719,-83.9230563,0.363,6/17/2025,843,2,2,0,0,CLOUDY,WET,FALSE,VEHICLE BACKING NON INTERSECTION,BACKING,STRAIGHT & LEVEL,DAYLIGHT,,,45828.6844,FALSE,228,Accepted,5,5,O,,,
34929550,0870100,MT. STERLING POLICE DEPARTMENT,Accepted,MONTGOMERY,KY0686,,INDIAN MOUND,DR,,,COMMONWEALTH,,,,,38.06741316,-83.95547224,0.715,6/14/2025,1551,2,2,0,0,RAINING,WET,FALSE,OTHER INTERSECTION COLLISIONS,REAR TO REAR,STRAIGHT & LEVEL,DAYLIGHT,,,45831.08165,FALSE,154,Accepted,5,5,O,,INATTENTION,
34929551,0870100,MT. STERLING POLICE DEPARTMENT,Accepted,MONTGOMERY,US0460,,MAYSVILLE,ST,N,,,,,,,38.07535681,-83.9488051,8.196,6/20/2025,1713,2,2,0,0,CLEAR,DRY,FALSE,REAR END IN TRAFFIC LANES BOTH VEHICLES MOVING,REAR END,STRAIGHT & LEVEL,DAYLIGHT,,,45831.08168,FALSE,160,Accepted,5,5,O,,MISJUDGE CLEARANCE,
34949592,0870000,MONTGOMERY CTY SHERIFF DEPT,Accepted,MONTGOMERY,KY0686,,INDIAN MOUND,DR,,,,,,,,38.04231743,-83.95065415,2.602,6/22/2025,1834,2,2,0,1,CLEAR,DRY,FALSE,1 VEHICLE ENTERING/LEAVING ENTRANCE,ANGLE,CURVE & LEVEL,DAYLIGHT,,,45835.6081,FALSE,284,Accepted,5,3,B,,INATTENTION,
34971062,0870100,MT. STERLING POLICE DEPARTMENT,Accepted,MONTGOMERY,US0460,,MAYSVILLE,ST,N,,,,,,,38.05644328,-83.94203599,9.547,6/26/2025,1706,2,2,0,0,CLEAR,DRY,FALSE,1 VEHICLE ENTERING/LEAVING ENTRANCE,ANGLE,STRAIGHT & LEVEL,DAYLIGHT,,,45841.0139,FALSE,160,Accepted,5,5,O,,DISREGARD TRAFFIC CONTROL,
34971065,0870100,MT. STERLING POLICE DEPARTMENT,Accepted,MONTGOMERY,KY0686,,INDIAN MOUND,DR,,,,,,,,38.0540272,-83.95622998,1.644,6/27/2025,943,2,2,0,0,CLEAR,DRY,FALSE,1 VEHICLE ENTERING/LEAVING ENTRANCE,ANGLE,STRAIGHT & LEVEL,DAYLIGHT,,,45841.01398,FALSE,167,Accepted,5,5,O,,,
34971066,0870100,MT. STERLING POLICE DEPARTMENT,Accepted,MONTGOMERY,KY0686,,INDIAN MOUND,DR,,,REESE,,,,,38.06733982,-83.95518414,0.708,6/25/2025,1410,2,2,0,1,CLEAR,DRY,FALSE,ANGLE COLLISION - OTHER,ANGLE,STRAIGHT & LEVEL,DAYLIGHT,,,45841.01406,FALSE,157,Accepted,5,4,C,,"FAILED TO KEEP PROPER LANE, FAILED TO YIELD RIGHT OF WAY, TURNING IMPROPERLY",
34971068,0870100,MT. STERLING POLICE DEPARTMENT,Accepted,MONTGOMERY,KY0686,,INDIAN MOUND,DR,,,,,,,,38.06066028,-83.95412522,,6/27/2025,1542,2,2,0,0,RAINING,WET,FALSE,1 VEHICLE PARKED POSITION (NOT PARKING LOT/DRIVEWAY),SIDESWIPE-OPPOSITE DIRECTION,STRAIGHT & LEVEL,DAYLIGHT,,,45841.01413,FALSE,166,Accepted,5,5,O,,,
34971069,0870100,MT. STERLING POLICE DEPARTMENT,Accepted,MONTGOMERY,US0060,,WINCHESTER,RD,,KY0686,INDIAN MOUND,,,,,38.05384722,-83.95640505,4.316,6/27/2025,1840,2,2,0,0,CLEAR,DRY,FALSE,HEAD-ON COLLISION,HEAD ON,STRAIGHT & LEVEL,DAYLIGHT,,,45841.01417,FALSE,166,Accepted,5,5,O,,INATTENTION,
34971071,0870100,MT. STERLING POLICE DEPARTMENT,Accepted,MONTGOMERY,KY0686,500,INDIAN MOUND,DR,,,,,,,,38.06916497,-83.95510727,0.594,6/30/2025,1511,1,1,0,0,CLEAR,DRY,FALSE,COLLISION WITH FIXED OBJECT NON - INTERSECTION - FIRST EVENT COLLISION 09 - 32 EXCLUDING 16,SINGLE VEHICLE,STRAIGHT & LEVEL,DAYLIGHT,,,45841.01421,FALSE,165,Accepted,5,5,O,,LOST CONSCIOUSNESS/FAINTED,
34978069,0870100,MT. STERLING POLICE DEPARTMENT,Accepted,MONTGOMERY,KY0686,,INDIAN MOUND,DR,,US0060,MAIN,,,,,38.05378806,-83.95624645,1.66,7/2/2025,2159,2,2,0,1,CLEAR,DRY,FALSE,ANGLE COLLISION - OTHER,ANGLE,STRAIGHT & LEVEL,DARK-HWY LIGHTED/ON,,,45842.73674,FALSE,155,Accepted,5,3,B,,INATTENTION,
34978070,0870100,MT. STERLING POLICE DEPARTMENT,Accepted,MONTGOMERY,US0460,,MAYSVILLE,ST,N,,,,,,,38.07565609,-83.94893991,8.171,7/1/2025,1643,2,2,0,0,CLEAR,DRY,FALSE,1 VEHICLE ENTERING/LEAVING ENTRANCE,ANGLE,STRAIGHT & LEVEL,DAYLIGHT,,,45842.73678,FALSE,160,Accepted,5,5,O,,FAILED TO YIELD RIGHT OF WAY,
34978071,0870100,MT. STERLING POLICE DEPARTMENT,Accepted,MONTGOMERY,KY0686,,INDIAN MOUND,DR,,,,,,,,38.07353066,-83.95117318,0.165,7/3/2025,920,2,2,0,0,CLEAR,DRY,FALSE,SIDESWIPE COLLISION - OPPOSITE DIRECTION,SIDESWIPE-OPPOSITE DIRECTION,STRAIGHT & LEVEL,DAYLIGHT,,,45842.73682,FALSE,167,Accepted,5,5,O,,INATTENTION,
34978072,0870100,MT. STERLING POLICE DEPARTMENT,Accepted,MONTGOMERY,,,VANCE,DR,,,YOUNG,,,,,38.07436979,-83.95147325,0.054,7/3/2025,1304,2,2,0,0,CLEAR,DRY,FALSE,ANGLE COLLISION - OTHER,ANGLE,STRAIGHT & LEVEL,DAYLIGHT,,,45842.73685,FALSE,128,Accepted,5,5,O,,DISREGARD TRAFFIC CONTROL,
34980678,0870100,MT. STERLING POLICE DEPARTMENT,Accepted,MONTGOMERY,KY0686,,INDIAN MOUND,DR,,,,,,,,38.07406382,-83.9483764,0.004,7/5/2025,1423,2,2,0,0,CLEAR,DRY,FALSE,REAR END IN TRAFFIC LANES BOTH VEHICLES MOVING,REAR END,STRAIGHT & LEVEL,DAYLIGHT,,,45843.66868,FALSE,165,Accepted,5,5,O,,INATTENTION,
34984996,0870100,MT. STERLING POLICE DEPARTMENT,Accepted,MONTGOMERY,US0060,,MAIN,ST,W,,,,,,,38.05614691,-83.94326364,5.058,7/6/2025,1857,2,2,0,0,CLEAR,DRY,FALSE,SIDESWIPE COLLISION - SAME DIRECTION,SIDESWIPE-SAME DIRECTION,STRAIGHT & LEVEL,DAYLIGHT,,,45845.06818,FALSE,165,Accepted,5,5,O,,CELL PHONE,
34987977,0870100,MT. STERLING POLICE DEPARTMENT,Accepted,MONTGOMERY,KY0686,,INDIAN MOUND,DR,,,KROGER CENTER,,,,,38.05984385,-83.95567172,,7/4/2025,1620,2,2,0,0,CLEAR,DRY,FALSE,ANGLE COLLISION - OTHER,ANGLE,STRAIGHT & LEVEL,DAYLIGHT,,,45845.68129,FALSE,121,Accepted,5,5,O,,INATTENTION,
34994354,0870100,MT. STERLING POLICE DEPARTMENT,Accepted,MONTGOMERY,KY0686,,INDIAN MOUND,DR,,US0460,MAYSVILLE,,,,,38.0739643,-83.94871288,0.025,7/7/2025,934,2,2,0,0,CLEAR,DRY,FALSE,OTHER INTERSECTION COLLISIONS,REAR END,STRAIGHT & LEVEL,DAYLIGHT,,,45846.9345,FALSE,128,Accepted,5,5,O,,INATTENTION,
34994357,0870100,MT. STERLING POLICE DEPARTMENT,Accepted,MONTGOMERY,,,WALMART,DR,,,,,,,,38.06780679,-83.95591155,0.031,7/8/2025,1345,2,2,0,0,CLOUDY,WET,FALSE,1 VEHICLE ENTERING/LEAVING ENTRANCE,ANGLE,STRAIGHT & LEVEL,DAYLIGHT,,,45846.93454,FALSE,167,Accepted,5,5,O,,INATTENTION,
34997475,0870100,MT. STERLING POLICE DEPARTMENT,Accepted,MONTGOMERY,,,HIGH,ST,W,,,,,,,38.05727863,-83.94378965,0.258,7/4/2025,1002,2,2,0,1,CLEAR,DRY,FALSE,1 VEHICLE ENTERING/LEAVING ENTRANCE,ANGLE,STRAIGHT & HILLCREST,DAYLIGHT,,,45847.67727,FALSE,149,Accepted,5,3,B,,INATTENTION,
34997476,0870100,MT. STERLING POLICE DEPARTMENT,Accepted,MONTGOMERY,,,VANCE,DR,,,,,,,,38.07537254,-83.9514987,0.124,7/9/2025,1041,2,2,0,0,CLOUDY,WET,FALSE,REAR END IN TRAFFIC LANES BOTH VEHICLES MOVING,REAR END,STRAIGHT & LEVEL,DAYLIGHT,,,45847.67733,FALSE,149,Accepted,5,5,O,WATER POOLING,INATTENTION,BRAKES DEFECTIVE
35003360,0870100,MT. STERLING POLICE DEPARTMENT,Accepted,MONTGOMERY,US0060,,MAIN,ST,E,,,,,,,38.0573534,-83.93783964,5.366,7/7/2025,1800,2,2,0,0,CLEAR,DRY,FALSE,1 VEHICLE ENTERING/LEAVING ENTRANCE,ANGLE,STRAIGHT & LEVEL,DAYLIGHT,,,45848.95726,FALSE,144,Accepted,5,5,O,,INATTENTION,
35009639,0870100,MT. STERLING POLICE DEPARTMENT,Accepted,MONTGOMERY,KY0686,,INDIAN MOUND,DR,,KY0011,LEVEE,,,,,38.04106757,-83.94806612,2.745,7/11/2025,1846,2,2,0,0,CLEAR,DRY,FALSE,VEHICLE BACKING IN INTERSECTION,BACKING,STRAIGHT & LEVEL,DAYLIGHT,,,45850.72368,FALSE,165,Accepted,5,5,O,,MISJUDGE CLEARANCE,
35017105,0870000,MONTGOMERY CTY SHERIFF DEPT,Accepted,MONTGOMERY,US0460,,CAMARGO,RD,,,,,,,,38.00207657,-83.90026813,14.074,6/18/2025,2326,2,2,0,1,CLEAR,DRY,FALSE,SIDESWIPE COLLISION - OPPOSITE DIRECTION,SIDESWIPE-OPPOSITE DIRECTION,STRAIGHT & HILLCREST,DARK-HWY LIGHTED/ON,,,45852.67266,FALSE,255,Accepted,5,4,C,,"ALCOHOL INVOLVEMENT, FAILED TO KEEP PROPER LANE",
35027287,0870100,MT. STERLING POLICE DEPARTMENT,Accepted,MONTGOMERY,KY0686,,INDIAN MOUND,DR,,,,,,,,38.052623,-83.95657522,1.739,6/29/2025,1025,2,2,0,0,CLEAR,DRY,FALSE,SIDESWIPE COLLISION - SAME DIRECTION,SIDESWIPE-SAME DIRECTION,STRAIGHT & LEVEL,DAYLIGHT,,,45855.01808,FALSE,157,Accepted,5,5,O,,FAILED TO YIELD RIGHT OF WAY,
35029222,0870100,MT. STERLING POLICE DEPARTMENT,Accepted,MONTGOMERY,US0060,,MAIN,ST,E,,,,,,,38.05740071,-83.93770952,5.377,7/13/2025,1814,2,2,0,0,CLEAR,DRY,FALSE,1 VEHICLE ENTERING/LEAVING ENTRANCE,ANGLE,STRAIGHT & LEVEL,DAYLIGHT,,,45855.54896,FALSE,166,Accepted,5,5,O,,INATTENTION,
35029995,0870100,MT. STERLING POLICE DEPARTMENT,Accepted,MONTGOMERY,KY0686,,INDIAN MOUND,DR,,,,,,,,38.05988882,-83.9558917,1.238,7/17/2025,552,2,2,0,2,CLEAR,DRY,FALSE,1 VEHICLE ENTERING/LEAVING ENTRANCE,ANGLE,STRAIGHT & LEVEL,DARK-HWY LIGHTED/OFF,,,45855.67019,FALSE,120,Accepted,4,4,C,,"INATTENTION, OTHER",
35032869,0870000,MONTGOMERY CTY SHERIFF DEPT,Accepted,MONTGOMERY,US0460,,MAIN,ST,,,,,,,,37.97588368,-83.84907984,17.493,7/17/2025,811,2,2,0,0,CLEAR,DRY,FALSE,1 VEHICLE ENTERING/LEAVING ENTRANCE,ANGLE,STRAIGHT & LEVEL,DAYLIGHT,,,45856.36814,FALSE,227,Accepted,5,5,O,,"INATTENTION, NOT UNDER PROPER CONTROL",