IncidentID,AgencyORI,AgencyName,IncidentStatusDesc,County,RdwyNumber,Street,RoadwayName,StreetSfx,StreetDir,IntersectionRdwy,IntersectionRdwyName,BetweenStRdwy1,BetweenStRdwyName1,BetweenStRdwy2,BetweenStRdwyName2,Latitude,Longitude,Milepoint,CollisionDate,CollisionTime,UnitsInvolved,MotorVehiclesInvolved,NumberKilled,NumberInjured,Weather,RdwyConditionCode,HitandRun,DirAnalysisCode,MannerofCollision,RdwyCharacter,LightCondition,RampFromRdwyId,RampToRdwyId,AcceptedDate,IsSecondaryCollision,OwnerBadge,IncidentStatus,InjurySeverityCde,KABCO Code,KABCO,Environmental_Factors,Human_Factors,Vehicular_Factors
35042351,0870100,MT. STERLING POLICE DEPARTMENT,Accepted,MONTGOMERY,,,COMMONWEALTH,DR,,,,,,,,38.06737168,-83.95608852,0.036,7/19/2025,1849,2,2,0,0,CLOUDY,DRY,FALSE,1 VEHICLE PARKED POSITION (NOT PARKING LOT/DRIVEWAY),BACKING,STRAIGHT & LEVEL,DAYLIGHT,,,45859.37971,FALSE,166,Accepted,5,5,O,,INATTENTION,
35042353,0870100,MT. STERLING POLICE DEPARTMENT,Accepted,MONTGOMERY,US0460,,MAYSVILLE,RD,,,,,,,,38.08027204,-83.94965337,7.847,7/13/2025,1308,2,2,0,0,CLEAR,DRY,TRUE,1 VEHICLE ENTERING/LEAVING ENTRANCE,ANGLE,STRAIGHT & GRADE,DAYLIGHT,,,45859.37979,FALSE,139,Accepted,5,5,O,,INATTENTION,
35049675,0870100,MT. STERLING POLICE DEPARTMENT,Accepted,MONTGOMERY,US0460,,MAYSVILLE,ST,N,,,,,,,38.05774856,-83.94250639,9.467,7/17/2025,805,1,1,0,1,CLEAR,DRY,FALSE,OTHER ROADWAY OR MID-BLOCK COLLISION,SINGLE VEHICLE,STRAIGHT & LEVEL,DAYLIGHT,,,45860.90859,FALSE,157,Accepted,5,4,C,,FELL ASLEEP,
35054495,0870100,MT. STERLING POLICE DEPARTMENT,Accepted,MONTGOMERY,US0460,,MAYSVILLE,RD,,,,,,,,38.08257284,-83.94962372,7.637,7/23/2025,1637,2,2,0,0,CLEAR,DRY,TRUE,SIDESWIPE COLLISION - SAME DIRECTION,SIDESWIPE-SAME DIRECTION,STRAIGHT & HILLCREST,DAYLIGHT,,,45861.98749,FALSE,163,Accepted,5,5,O,,,
35059691,0870100,MT. STERLING POLICE DEPARTMENT,Accepted,MONTGOMERY,,,RICHMOND,AVE,,,ESTILL TERACE,,,,,38.04818389,-83.94842887,0.462,7/17/2025,1123,2,2,0,0,CLOUDY,DRY,FALSE,ANGLE COLLISION - ONE VEHICLE TURNING LEFT,ANGLE,STRAIGHT & LEVEL,DAYLIGHT,,,45863.18867,FALSE,121,Accepted,5,5,O,,INATTENTION,
35067647,0870100,MT. STERLING POLICE DEPARTMENT,Accepted,MONTGOMERY,,,FALCON,DR,,,,,,,,38.07558112,-83.9482403,0.012,7/24/2025,1437,2,2,0,0,CLEAR,DRY,FALSE,REAR END IN TRAFFIC LANES BOTH VEHICLES MOVING,REAR END,STRAIGHT & LEVEL,DAYLIGHT,,,45865.45303,FALSE,139,Accepted,5,5,O,,NOT UNDER PROPER CONTROL,
35067648,0870100,MT. STERLING POLICE DEPARTMENT,Accepted,MONTGOMERY,KY0686,,INDIAN MOUND,DR,,,REESE,,,,,38.06734434,-83.9551342,0.719,7/24/2025,1336,3,3,0,1,CLEAR,DRY,FALSE,ANGLE COLLISION - ONE VEHICLE TURNING LEFT,ANGLE,STRAIGHT & LEVEL,DAYLIGHT,,,45865.45307,FALSE,128,Accepted,5,3,B,,OTHER,
35073738,0870100,MT. STERLING POLICE DEPARTMENT,Accepted,MONTGOMERY,,,GENBEACH,PL,,,REESE,,,,,38.06725155,-83.95399994,,7/26/2025,1338,2,2,0,0,CLEAR,DRY,FALSE,ANGLE COLLISION - OTHER,ANGLE,STRAIGHT & LEVEL,DAYLIGHT,,,45866.81062,FALSE,120,Accepted,5,5,O,,"DISREGARD TRAFFIC CONTROL, INATTENTION",
35085746,0870000,MONTGOMERY CTY SHERIFF DEPT,Accepted,MONTGOMERY,,,STEPSTONE,RD,,,,,,,,38.08757423,-83.82894588,4.053,6/29/2025,1259,2,2,0,0,CLEAR,DRY,FALSE,1 VEHICLE ENTERING/LEAVING ENTRANCE,ANGLE,CURVE & LEVEL,DAYLIGHT,,,45869.6449,FALSE,238,Accepted,5,5,O,,"INATTENTION, MISJUDGE CLEARANCE",
35085750,0870000,MONTGOMERY CTY SHERIFF DEPT,Accepted,MONTGOMERY,KY0011,,LEVEE,RD,,,,,,,,37.93303704,-83.92084781,1.11,6/30/2025,2134,1,1,0,0,CLEAR,WET,FALSE,COLLISION WITH FIXED OBJECT NON - INTERSECTION - FIRST EVENT COLLISION 09 - 32 EXCLUDING 16,SINGLE VEHICLE,STRAIGHT & LEVEL,DARK-HWY NOT LIGHTED,,,45869.64502,FALSE,284,Accepted,5,5,O,,INATTENTION,
35085752,0870000,MONTGOMERY CTY SHERIFF DEPT,Accepted,MONTGOMERY,KY0213,,KY213,,,,,,,,,37.92660496,-83.86339849,1.639,7/1/2025,1533,2,2,0,0,CLOUDY,DRY,FALSE,SIDESWIPE COLLISION - OPPOSITE DIRECTION,SIDESWIPE-OPPOSITE DIRECTION,CURVE & LEVEL,DAYLIGHT,,,45869.64507,FALSE,228,Accepted,5,5,O,,,
35085760,0870000,MONTGOMERY CTY SHERIFF DEPT,Accepted,MONTGOMERY,US0060,,WINCHESTER,RD,,,,,,,,38.04657657,-83.98686322,2.534,7/2/2025,1513,2,2,0,0,CLEAR,DRY,TRUE,SIDESWIPE COLLISION - OPPOSITE DIRECTION,SIDESWIPE-OPPOSITE DIRECTION,CURVE & GRADE,DAYLIGHT,,,45869.6453,FALSE,238,Accepted,5,5,O,,MISJUDGE CLEARANCE,
35085767,0870000,MONTGOMERY CTY SHERIFF DEPT,Accepted,MONTGOMERY,KY0213,,KY213,,,,,,,,,37.94267593,-83.86371721,2.812,6/19/2025,1953,1,1,0,0,CLEAR,DRY,FALSE,RAN OFF ROADWAY (1 VEHICLE WITH/EARTH EMBANKMENT/DITCH),SINGLE VEHICLE,CURVE & LEVEL,DAYLIGHT,,,45869.64543,FALSE,248,Accepted,5,5,O,,NOT UNDER PROPER CONTROL,
35085768,0870000,MONTGOMERY CTY SHERIFF DEPT,Accepted,MONTGOMERY,US0460,,CAMARGO,RD,,,,,,,,38.00941993,-83.90567234,13.491,7/7/2025,1140,2,2,0,0,CLEAR,DRY,FALSE,REAR END IN TRAFFIC LANES BOTH VEHICLES MOVING,REAR END,STRAIGHT & HILLCREST,DAYLIGHT,,,45869.64547,FALSE,227,Accepted,5,5,O,,"MISJUDGE CLEARANCE, NOT UNDER PROPER CONTROL",
35085771,0870000,MONTGOMERY CTY SHERIFF DEPT,Accepted,MONTGOMERY,US0060,3418,WINCHESTER,RD,,,,,,,,38.04543846,-83.98882802,2.397,7/8/2025,845,1,1,0,0,CLOUDY,DRY,FALSE,COLLISION WITH FIXED OBJECT NON - INTERSECTION - FIRST EVENT COLLISION 09 - 32 EXCLUDING 16,SINGLE VEHICLE,CURVE & HILLCREST,DAYLIGHT,,,45869.64554,FALSE,227,Accepted,5,5,O,,"FELL ASLEEP, NOT UNDER PROPER CONTROL",
35085776,0870000,MONTGOMERY CTY SHERIFF DEPT,Accepted,MONTGOMERY,US0060,,OWINGSVILLE,RD,,,,,,,,38.08603899,-83.89754485,,7/8/2025,2109,2,2,0,0,CLEAR,DRY,TRUE,1 VEHICLE PARKED POSITION (NOT PARKING LOT/DRIVEWAY),BACKING,STRAIGHT & LEVEL,DUSK,,,45869.64568,FALSE,282,Accepted,5,5,O,,,
35085784,0870000,MONTGOMERY CTY SHERIFF DEPT,Accepted,MONTGOMERY,KY0686,,INDIAN MOUND,DR,,,,,,,,38.0678071,-83.91475269,5.8,7/3/2025,1805,2,2,1,1,CLEAR,DRY,FALSE,HEAD-ON COLLISION,HEAD ON,STRAIGHT & LEVEL,DAYLIGHT,,,45869.64578,FALSE,249,Accepted,5,1,K,,"CELL PHONE, DRUG INVOLVEMENT",
35085785,0870000,MONTGOMERY CTY SHERIFF DEPT,Accepted,MONTGOMERY,US0460,,MAIN,ST,,,,KY1050,KY1050,,SCIENCE RIDGE,37.96830629,-83.82436513,18.945,6/26/2025,309,1,1,0,0,CLEAR,DRY,FALSE,COLLISION WITH ANIMAL NON INTERSECTION,SINGLE VEHICLE,STRAIGHT & LEVEL,DARK (UNKNOWN ROADWAY LIGHTING),,,45869.64581,FALSE,298,Accepted,5,5,O,ANIMALS ACTION,,
35085786,0870000,MONTGOMERY CTY SHERIFF DEPT,Accepted,MONTGOMERY,KY1331,4246,HOWARDS MILL,RD,,,,,,,,38.06389849,-83.84710016,3.512,7/14/2025,1420,1,1,0,0,CLOUDY,DRY,FALSE,COLLISION WITH FIXED OBJECT NON - INTERSECTION - FIRST EVENT COLLISION 09 - 32 EXCLUDING 16,SINGLE VEHICLE,CURVE & GRADE,DAYLIGHT,,,45869.64584,FALSE,252,Accepted,5,5,O,,MISJUDGE CLEARANCE,
35085790,0870000,MONTGOMERY CTY SHERIFF DEPT,Accepted,MONTGOMERY,,503,CUNNINGHAM,RD,,,,,,,,37.9435986,-83.83586199,0.108,7/17/2025,1059,1,1,0,0,CLEAR,DRY,FALSE,COLLISION WITH FIXED OBJECT NON - INTERSECTION - FIRST EVENT COLLISION 09 - 32 EXCLUDING 16,SINGLE VEHICLE,STRAIGHT & LEVEL,DAYLIGHT,,,45869.64605,FALSE,227,Accepted,5,5,O,,NOT UNDER PROPER CONTROL,
35085791,0870000,MONTGOMERY CTY SHERIFF DEPT,Accepted,MONTGOMERY,KY0011,,LEVEE,RD,,,,,HIALEAH,KY0646,KIDDVILLE,38.01128306,-83.95057554,7.191,7/18/2025,718,1,1,0,0,CLOUDY,WET,FALSE,COLLISION WITH FIXED OBJECT NON - INTERSECTION - FIRST EVENT COLLISION 09 - 32 EXCLUDING 16,SINGLE VEHICLE,CURVE & GRADE,DAWN,,,45869.64608,FALSE,252,Accepted,5,5,O,SLIPPERY SURFACE,TOO FAST FOR CONDITIONS,
35085794,0870000,MONTGOMERY CTY SHERIFF DEPT,Accepted,MONTGOMERY,KY0646,1220,WILLOUGHBY TOWN,RD,,,,,,,,37.94626632,-83.88268184,1.092,7/18/2025,1819,2,2,0,0,RAINING,WET,FALSE,1 VEHICLE PARKED POSITION (NOT PARKING LOT/DRIVEWAY),BACKING,STRAIGHT & LEVEL,DAYLIGHT,,,45869.64619,FALSE,298,Accepted,5,5,O,,INATTENTION,
35085795,0870000,MONTGOMERY CTY SHERIFF DEPT,Accepted,MONTGOMERY,,260,BURLEY,WAY,,,,,,,,38.03891267,-83.94477122,0.322,7/19/2025,0,2,2,0,0,CLOUDY,DRY,TRUE,1 VEHICLE PARKED POSITION (NOT PARKING LOT/DRIVEWAY),HEAD ON,STRAIGHT & LEVEL,DARK-HWY NOT LIGHTED,,,45869.64622,FALSE,228,Accepted,5,5,O,,INATTENTION,
35085799,0870000,MONTGOMERY CTY SHERIFF DEPT,Accepted,MONTGOMERY,KY0713,,GRASSY LICK,RD,,,,,,,,38.05808727,-83.9562749,5.78,7/21/2025,744,2,2,0,0,CLEAR,DRY,FALSE,OTHER ROADWAY OR MID-BLOCK COLLISION,REAR END,STRAIGHT & LEVEL,DAYLIGHT,,,45869.64629,FALSE,238,Accepted,5,5,O,,INATTENTION,
35089672,0870000,MONTGOMERY CTY SHERIFF DEPT,Accepted,MONTGOMERY,US0060,701,WINCHESTER,RD,,,,,,,,38.05258698,-83.9688474,3.63,7/24/2025,1626,2,2,0,1,CLEAR,DRY,FALSE,OTHER ROADWAY OR MID-BLOCK COLLISION,REAR END,STRAIGHT & HILLCREST,DAYLIGHT,,,45870.59589,FALSE,252,Accepted,3,3,B,,DISTRACTION,
35089674,0870000,MONTGOMERY CTY SHERIFF DEPT,Accepted,MONTGOMERY,KY0646,,WILLOUGHBY TOWN,RD,,,,,,,,37.94916809,-83.8852882,1.337,7/25/2025,1736,2,2,0,0,CLEAR,DRY,FALSE,SIDESWIPE COLLISION - SAME DIRECTION,SIDESWIPE-SAME DIRECTION,STRAIGHT & HILLCREST,DAYLIGHT,,,45870.59594,FALSE,227,Accepted,5,5,O,,INATTENTION,
35089693,0870000,MONTGOMERY CTY SHERIFF DEPT,Accepted,MONTGOMERY,US0460,,CAMARGO,RD,,,,,,,,38.00594481,-83.90355152,13.787,7/28/2025,1433,2,2,0,0,CLEAR,DRY,FALSE,OTHER ROADWAY OR MID-BLOCK COLLISION,OPPOSING LEFT TURN,STRAIGHT & LEVEL,DAYLIGHT,,,45870.59623,FALSE,228,Accepted,5,5,O,GLARE (SUN),FAILED TO YIELD RIGHT OF WAY,
35093356,0870100,MT. STERLING POLICE DEPARTMENT,Accepted,MONTGOMERY,US0460,,MAYSVILLE,RD,,US0460,PARIS,,,,,38.08804608,-83.95014426,7.332,7/30/2025,1745,2,2,0,0,CLEAR,DRY,FALSE,OTHER INTERSECTION COLLISIONS,REAR END,STRAIGHT & LEVEL,DAYLIGHT,,,45871.7347,FALSE,144,Accepted,5,5,O,,INATTENTION,
35100562,0870000,MONTGOMERY CTY SHERIFF DEPT,Accepted,MONTGOMERY,KY0011,,LEVEE,RD,,,WADE,,,,,38.03314057,-83.94990391,8.72,7/10/2025,1953,2,2,0,0,CLEAR,DRY,TRUE,ANGLE COLLISION - ONE VEHICLE TURNING LEFT,ANGLE,STRAIGHT & LEVEL,DAYLIGHT,,,45873.66401,FALSE,255,Accepted,5,5,O,,"ALCOHOL INVOLVEMENT, IMPROPER PASSING, NOT UNDER PROPER CONTROL",OTHER
35103054,0870100,MT. STERLING POLICE DEPARTMENT,Accepted,MONTGOMERY,US0460,,MAYSVILLE,ST,N,,,,,,,38.07405091,-83.94831603,8.273,8/4/2025,1710,3,3,0,0,CLEAR,DRY,FALSE,OTHER ROADWAY OR MID-BLOCK COLLISION,REAR END,STRAIGHT & LEVEL,DAYLIGHT,,,45874.33046,FALSE,144,Accepted,5,5,O,,INATTENTION,
35103057,0870100,MT. STERLING POLICE DEPARTMENT,Accepted,MONTGOMERY,,,WALMART,DR,,,,,,,,38.06833565,-83.95586945,0.068,8/4/2025,1553,2,2,0,0,CLOUDY,DRY,FALSE,VEHICLE BACKING NON INTERSECTION,BACKING,STRAIGHT & LEVEL,DAYLIGHT,,,45874.3305,FALSE,166,Accepted,5,5,O,,INATTENTION,
35103858,0870000,MONTGOMERY CTY SHERIFF DEPT,Accepted,MONTGOMERY,KY0011,,LEVEE,RD,,,,,,,,37.97123936,-83.93522402,4.149,7/8/2025,1849,2,2,0,2,CLEAR,DRY,FALSE,1 VEHICLE ENTERING/LEAVING ENTRANCE,ANGLE,CURVE & LEVEL,DAYLIGHT,,,45874.46291,FALSE,282,Accepted,3,3,B,,,
35103860,0870000,MONTGOMERY CTY SHERIFF DEPT,Accepted,MONTGOMERY,KY0686,,INDIAN MOUND,DR,,,,,,,,38.0547438,-83.95644113,1.593,8/2/2025,1350,2,2,0,0,CLEAR,DRY,FALSE,OTHER ROADWAY OR MID-BLOCK COLLISION,REAR END,STRAIGHT & LEVEL,DAYLIGHT,,,45874.46299,FALSE,249,Accepted,5,5,O,,INATTENTION,
35103861,0870000,MONTGOMERY CTY SHERIFF DEPT,Accepted,MONTGOMERY,US0460,,MAIN,ST,,,,,,,,37.95242154,-83.78246459,21.57,7/30/2025,504,1,1,0,0,CLEAR,DRY,FALSE,COLLISION WITH FIXED OBJECT NON - INTERSECTION - FIRST EVENT COLLISION 09 - 32 EXCLUDING 16,SINGLE VEHICLE,CURVE & LEVEL,DARK-HWY LIGHTED/OFF,,,45874.46303,FALSE,298,Accepted,5,5,O,"NON-HIGHWAY WORK: WORK ZONE (Utility, Tree, etc.)",,
35103864,0870000,MONTGOMERY CTY SHERIFF DEPT,Accepted,MONTGOMERY,,,PREWITT GRASSY LICK,RD,,,,,,,,38.03974791,-84.01278938,0.288,7/27/2025,2149,1,1,0,1,RAINING,WET,FALSE,OTHER COLLISIONS ON SHOULDER,SINGLE VEHICLE,CURVE & GRADE,DARK-HWY NOT LIGHTED,,,45874.46311,FALSE,255,Accepted,5,4,C,OTHER,OTHER,
35103898,0870000,MONTGOMERY CTY SHERIFF DEPT,Accepted,MONTGOMERY,,,OSBORNE,RD,,,OLD OWINGSVILLE,,,,,38.07227231,-83.91484634,2.446,7/27/2025,1547,2,2,0,1,CLEAR,DRY,FALSE,ANGLE COLLISION - OTHER,ANGLE,STRAIGHT & LEVEL,DAYLIGHT,,,45874.46832,FALSE,238,Accepted,5,4,C,,"FAILED TO YIELD RIGHT OF WAY, INATTENTION",
35110495,0870100,MT. STERLING POLICE DEPARTMENT,Accepted,MONTGOMERY,,,ACCESS,RD,,,REESE,,,,,38.06824839,-83.95376656,0.166,7/28/2025,1807,2,2,0,1,RAINING,WET,FALSE,SIDESWIPE-SAME DIRECTION,SIDESWIPE-SAME DIRECTION,STRAIGHT & LEVEL,DAYLIGHT,,,45875.79574,FALSE,121,Accepted,5,4,C,,INATTENTION,
35122718,0870100,MT. STERLING POLICE DEPARTMENT,Accepted,MONTGOMERY,US0060,,MAIN,ST,E,US0460,MAYSVILLE,,,,,38.05641983,-83.94210127,5.13,8/1/2025,2212,2,2,0,0,CLOUDY,DRY,TRUE,OPPOSITE DIRECTION - BOTH VEHICLES GOING STRAIGHT AHEAD,SIDESWIPE-OPPOSITE DIRECTION,STRAIGHT & LEVEL,DARK-HWY LIGHTED/ON,,,45878.82443,FALSE,121,Accepted,5,5,O,CONSTRUCTION WORK ZONE,INATTENTION,
35122719,0870100,MT. STERLING POLICE DEPARTMENT,Accepted,MONTGOMERY,US0460,,MAYSVILLE,ST,N,,,,,,,38.0749504,-83.94870373,8.237,8/6/2025,745,2,2,0,0,FOG,DRY,FALSE,REAR END IN TRAFFIC LANES BOTH VEHICLES MOVING,REAR END,STRAIGHT & LEVEL,DAYLIGHT,,,45878.82448,FALSE,157,Accepted,5,5,O,,INATTENTION,
35122720,0870100,MT. STERLING POLICE DEPARTMENT,Accepted,MONTGOMERY,KY0686,,INDIAN MOUND,DR,,,COMMONWEALTH,,,,,38.06738263,-83.95534247,0.716,8/7/2025,800,2,2,0,3,CLOUDY,DRY,FALSE,ANGLE COLLISION - ONE VEHICLE TURNING LEFT,ANGLE,STRAIGHT & LEVEL,DAYLIGHT,,,45878.82451,FALSE,157,Accepted,5,4,C,,"DISREGARD TRAFFIC CONTROL, INATTENTION",
35122721,0870100,MT. STERLING POLICE DEPARTMENT,Accepted,MONTGOMERY,US0060,,MAIN,ST,W,,BANK,,,,,38.05618778,-83.94376154,5.033,8/8/2025,1400,2,2,0,0,CLEAR,DRY,FALSE,OTHER INTERSECTION COLLISIONS,REAR END,STRAIGHT & LEVEL,DAYLIGHT,,,45878.82454,FALSE,157,Accepted,5,5,O,,INATTENTION,
35122724,0870100,MT. STERLING POLICE DEPARTMENT,Accepted,MONTGOMERY,KY0686,,INDIAN MOUND,DR,,,,,,,,38.05392597,-83.95648267,1.649,8/8/2025,1626,2,2,0,0,CLEAR,DRY,FALSE,OTHER ROADWAY OR MID-BLOCK COLLISION,REAR END,STRAIGHT & LEVEL,DAYLIGHT,,,45878.82459,FALSE,163,Accepted,5,5,O,,NOT UNDER PROPER CONTROL,
35127379,0870000,MONTGOMERY CTY SHERIFF DEPT,Accepted,MONTGOMERY,,,OLD OWINGSVILLE,RD,,KY1331,STEPSTONE,,,,,38.08167865,-83.90172578,0.006,7/30/2025,2038,2,2,0,0,CLEAR,DRY,FALSE,VEHICLE BACKING IN INTERSECTION,BACKING,STRAIGHT & LEVEL,DAYLIGHT,,,45880.32569,FALSE,248,Accepted,5,5,O,,NOT UNDER PROPER CONTROL,
35127380,0870000,MONTGOMERY CTY SHERIFF DEPT,Accepted,MONTGOMERY,KY0713,,GRASSY LICK,RD,,,,,,,,38.07775469,-84.0062922,2.549,7/31/2025,1943,1,1,0,1,CLOUDY,WET,FALSE,COLLISION WITH FIXED OBJECT NON - INTERSECTION - FIRST EVENT COLLISION 09 - 32 EXCLUDING 16,SINGLE VEHICLE,CURVE & GRADE,DAYLIGHT,,,45880.32572,FALSE,248,Accepted,4,4,C,SLIPPERY SURFACE,,
35127381,0870000,MONTGOMERY CTY SHERIFF DEPT,Accepted,MONTGOMERY,US0060,,WINCHESTER,RD,,,,,,,,38.04421874,-83.99189047,2.205,7/31/2025,2054,1,1,0,0,CLOUDY,WET,FALSE,COLLISION WITH ANIMAL NON INTERSECTION,SINGLE VEHICLE,CURVE & GRADE,DARK-HWY NOT LIGHTED,,,45880.32575,FALSE,248,Accepted,5,5,O,ANIMALS ACTION,,
35127382,0870000,MONTGOMERY CTY SHERIFF DEPT,Accepted,MONTGOMERY,,,ARLINGTON,AVE,,,,,,,,38.07410829,-83.9005836,0.405,8/5/2025,201,2,2,0,0,CLEAR,DRY,FALSE,1 VEHICLE PARKED POSITION (NOT PARKING LOT/DRIVEWAY),ANGLE,STRAIGHT & LEVEL,DARK-HWY NOT LIGHTED,,,45880.32578,FALSE,255,Accepted,5,5,O,,NOT UNDER PROPER CONTROL,
35127388,0870000,MONTGOMERY CTY SHERIFF DEPT,Accepted,MONTGOMERY,KY0713,,SPENCER,PIKE,,,,,,,,38.04625141,-83.9027813,,6/29/2025,2025,1,1,0,1,CLEAR,DRY,FALSE,OTHER ROADWAY OR MID-BLOCK COLLISION,SINGLE VEHICLE,STRAIGHT & HILLCREST,DAYLIGHT,,,45880.32591,FALSE,282,Accepted,4,4,C,,"ALCOHOL INVOLVEMENT, DRUG INVOLVEMENT",
35127715,0870000,MONTGOMERY CTY SHERIFF DEPT,Accepted,MONTGOMERY,,,PREWITT GRASSY LICK,RD,,,,,,,,38.0402564,-84.01358191,0.328,8/6/2025,1801,1,1,0,0,CLEAR,DRY,FALSE,OTHER COLLISIONS ON SHOULDER,SINGLE VEHICLE,CURVE & HILLCREST,DAYLIGHT,,,45880.38553,FALSE,282,Accepted,5,5,O,,EXCEEDED STATED SPEED LIMIT,
35127718,0870000,MONTGOMERY CTY SHERIFF DEPT,Accepted,MONTGOMERY,US0460,,MAIN,ST,,,,,,,,37.98279134,-83.86872395,16.425,8/9/2025,2127,2,2,0,2,CLEAR,DRY,FALSE,REAR END IN TRAFFIC LANES BOTH VEHICLES MOVING,REAR END,STRAIGHT & LEVEL,DARK-HWY LIGHTED/ON,,,45880.38561,FALSE,284,Accepted,3,3,B,,INATTENTION,
35127719,0870000,MONTGOMERY CTY SHERIFF DEPT,Accepted,MONTGOMERY,,,MCCORMICK,RD,,,,,,,,38.01073195,-83.87012111,0.435,8/9/2025,1935,1,1,0,0,CLEAR,DRY,FALSE,COLLISION WITH FIXED OBJECT NON - INTERSECTION - FIRST EVENT COLLISION 09 - 32 EXCLUDING 16,SINGLE VEHICLE,STRAIGHT & LEVEL,DAYLIGHT,,,45880.38565,FALSE,284,Accepted,5,5,O,,,
35127721,0870000,MONTGOMERY CTY SHERIFF DEPT,Accepted,MONTGOMERY,US0060,,WINCHESTER,RD,,,HOLLY HILLS,,,,,38.05274871,-83.96726615,3.707,8/10/2025,1510,2,2,0,2,CLEAR,DRY,FALSE,OPPOSITE DIRECTION - BOTH VEHICLES GOING STRAIGHT AHEAD,SIDESWIPE-OPPOSITE DIRECTION,STRAIGHT & LEVEL,DAYLIGHT,,,45880.38569,FALSE,252,Accepted,5,3,B,,TOO FAST FOR CONDITIONS,
35131970,0870100,MT. STERLING POLICE DEPARTMENT,Accepted,MONTGOMERY,KY0686,,INDIAN MOUND,DR,,,SPRING,,,,,38.05174899,-83.95651531,1.799,8/11/2025,1653,2,2,0,0,CLEAR,DRY,TRUE,SIDESWIPE-SAME DIRECTION,SIDESWIPE-SAME DIRECTION,STRAIGHT & LEVEL,DAYLIGHT,,,45881.2994,FALSE,121,Accepted,5,5,O,,INATTENTION,
35159817,0870100,MT. STERLING POLICE DEPARTMENT,Accepted,MONTGOMERY,,20,HIGH,ST,E,,,,,,,38.05767024,-83.94194122,0.03,8/15/2025,1755,1,1,0,0,CLEAR,DRY,TRUE,1 VEHICLE PARKED POSITION (NOT PARKING LOT/DRIVEWAY),SINGLE VEHICLE,STRAIGHT & LEVEL,DAYLIGHT,,,45887.75513,FALSE,166,Accepted,5,5,O,,,
35159819,0870100,MT. STERLING POLICE DEPARTMENT,Accepted,MONTGOMERY,US0060,,MAIN,ST,W,US0460,BANK,,,,,38.05613089,-83.94323762,5.047,8/15/2025,818,3,3,0,0,CLEAR,DRY,FALSE,OTHER INTERSECTION COLLISIONS,REAR END,STRAIGHT & LEVEL,DAYLIGHT,,,45887.7552,FALSE,128,Accepted,5,5,O,GLARE (SUN),OTHER,
35159824,0870100,MT. STERLING POLICE DEPARTMENT,Accepted,MONTGOMERY,,12,JOHNSON,AVE,,,,,,,,38.06292928,-83.94306422,0.069,8/6/2025,1130,2,2,0,0,CLEAR,DRY,FALSE,1 VEHICLE PARKED POSITION (NOT PARKING LOT/DRIVEWAY),BACKING,STRAIGHT & LEVEL,DAYLIGHT,,,45887.75528,FALSE,128,Accepted,5,5,O,IMPROPERLY PARKED VEHICLE(S),MISJUDGE CLEARANCE,
35159826,0870100,MT. STERLING POLICE DEPARTMENT,Accepted,MONTGOMERY,,,FALCON,DR,,,,,,,,38.07568635,-83.9484546,0.004,8/12/2025,1247,2,2,0,0,CLEAR,DRY,FALSE,1 VEHICLE ENTERING/LEAVING ENTRANCE,ANGLE,STRAIGHT & LEVEL,DAYLIGHT,,,45887.75533,FALSE,149,Accepted,5,5,O,VIEW OBSTRUCTED/LIMITED DUE TO RDWY,,
35159834,0870100,MT. STERLING POLICE DEPARTMENT,Accepted,MONTGOMERY,,,ASHLYN,DR,,,,,,,,38.06740721,-83.93781265,0.064,8/15/2025,2019,2,2,0,0,CLEAR,DRY,FALSE,1 VEHICLE PARKED POSITION (NOT PARKING LOT/DRIVEWAY),BACKING,STRAIGHT & LEVEL,DAYLIGHT,,,45887.75594,FALSE,154,Accepted,5,5,O,,INATTENTION,
35159837,0870100,MT. STERLING POLICE DEPARTMENT,Accepted,MONTGOMERY,KY0686,,INDIAN MOUND,DR,,,,,,,,38.05923559,-83.95601187,1.282,8/8/2025,1430,2,2,0,0,CLEAR,DRY,FALSE,REAR END IN TRAFFIC LANES BOTH VEHICLES MOVING,REAR END,STRAIGHT & LEVEL,DAYLIGHT,,,45887.75737,FALSE,120,Accepted,5,5,O,,INATTENTION,
35159838,0870100,MT. STERLING POLICE DEPARTMENT,Accepted,MONTGOMERY,US0460,,MAYSVILLE,RD,,I 0064,I64 E EXIT110 ON RAMP FROM US460,,,,,38.07801809,-83.94939488,8.003,8/12/2025,950,2,2,0,0,CLEAR,DRY,FALSE,ANGLE COLLISION - OTHER,ANGLE,STRAIGHT & LEVEL,DAYLIGHT,,,45887.75741,FALSE,120,Accepted,5,5,O,,INATTENTION,
35159839,0870100,MT. STERLING POLICE DEPARTMENT,Accepted,MONTGOMERY,US0460,,MAYSVILLE,ST,N,KY0686,INDIAN MOUND,,,,,38.07408999,-83.94832266,8.274,8/13/2025,2204,2,2,0,0,CLEAR,DRY,FALSE,SIDESWIPE-SAME DIRECTION,SIDESWIPE-SAME DIRECTION,STRAIGHT & LEVEL,DARK-HWY LIGHTED/ON,,,45887.75744,FALSE,165,Accepted,5,5,O,,INATTENTION,