IncidentID,AgencyORI,AgencyName,IncidentStatusDesc,County,RdwyNumber,Street,RoadwayName,StreetSfx,StreetDir,IntersectionRdwy,IntersectionRdwyName,BetweenStRdwy1,BetweenStRdwyName1,BetweenStRdwy2,BetweenStRdwyName2,Latitude,Longitude,Milepoint,CollisionDate,CollisionTime,UnitsInvolved,MotorVehiclesInvolved,NumberKilled,NumberInjured,Weather,RdwyConditionCode,HitandRun,DirAnalysisCode,MannerofCollision,RdwyCharacter,LightCondition,RampFromRdwyId,RampToRdwyId,AcceptedDate,IsSecondaryCollision,OwnerBadge,IncidentStatus,InjurySeverityCde,KABCO Code,KABCO,Environmental_Factors,Human_Factors,Vehicular_Factors
35174834,0870100,MT. STERLING POLICE DEPARTMENT,Accepted,MONTGOMERY,US0460,,MAYSVILLE,RD,,,INTERSTATE,,,,,38.0799447,-83.94972922,7.834,7/27/2025,1626,2,2,0,0,CLEAR,DRY,FALSE,OTHER INTERSECTION COLLISIONS,REAR END,STRAIGHT & LEVEL,DAYLIGHT,,,45890.93384,FALSE,162,Accepted,5,5,O,,INATTENTION,
35174835,0870100,MT. STERLING POLICE DEPARTMENT,Accepted,MONTGOMERY,,5,SYCAMORE,ST,S,,,,,,,38.05511475,-83.9448409,0.045,8/7/2025,1918,2,2,0,0,CLEAR,DRY,TRUE,1 VEHICLE PARKED POSITION (NOT PARKING LOT/DRIVEWAY),SIDESWIPE-SAME DIRECTION,STRAIGHT & LEVEL,DAYLIGHT,,,45890.93387,FALSE,162,Accepted,5,5,O,,INATTENTION,
35174837,0870100,MT. STERLING POLICE DEPARTMENT,Accepted,MONTGOMERY,KY0686,,INDIAN MOUND,DR,,,,,,,,38.0538388,-83.95634748,1.658,8/16/2025,1427,2,2,0,0,CLEAR,DRY,FALSE,REAR END IN TRAFFIC LANES BOTH VEHICLES MOVING,REAR END,STRAIGHT & LEVEL,DAYLIGHT,,,45890.93392,FALSE,139,Accepted,5,5,O,OTHER,INATTENTION,
35181090,0870100,MT. STERLING POLICE DEPARTMENT,Accepted,MONTGOMERY,US0060,,MAIN,ST,W,,,,,,,38.05658749,-83.94217752,5.118,8/11/2025,715,2,2,0,0,CLEAR,DRY,FALSE,REAR END IN TRAFFIC LANES BOTH VEHICLES MOVING,REAR END,STRAIGHT & LEVEL,DAYLIGHT,,,45892.64318,FALSE,157,Accepted,5,5,O,GLARE (SUN),,
35181091,0870100,MT. STERLING POLICE DEPARTMENT,Accepted,MONTGOMERY,,,QUEEN,ST,S,KY0713,LOCUST,,,,,38.05592501,-83.93874696,0.001,8/12/2025,745,2,2,0,3,CLEAR,DRY,FALSE,ANGLE COLLISION - OTHER,ANGLE,STRAIGHT & LEVEL,DAYLIGHT,,,45892.64321,FALSE,157,Accepted,5,4,C,,INATTENTION,
35191043,0870100,MT. STERLING POLICE DEPARTMENT,Accepted,MONTGOMERY,,,TENNEY,AVE,,,,,,,,38.05357377,-83.93633036,0.186,8/10/2025,1914,2,2,0,0,CLEAR,DRY,FALSE,1 VEHICLE PARKED POSITION (NOT PARKING LOT/DRIVEWAY),SIDESWIPE-SAME DIRECTION,STRAIGHT & HILLCREST,DAYLIGHT,,,45895.14613,FALSE,160,Accepted,5,5,O,,ALCOHOL INVOLVEMENT,
35202121,0870000,MONTGOMERY CTY SHERIFF DEPT,Accepted,MONTGOMERY,KY0686,,INDIAN MOUND,DR,,,,,,,,38.05793451,-83.95585867,1.37,7/16/2025,2130,2,2,0,2,RAINING,WET,FALSE,HEAD-ON COLLISION,HEAD ON,STRAIGHT & LEVEL,DARK-HWY LIGHTED/ON,,,45897.49831,FALSE,282,Accepted,5,4,C,,,
35202130,0870000,MONTGOMERY CTY SHERIFF DEPT,Accepted,MONTGOMERY,KY0713,5783,SPENCER,PIKE,,,,,,,,38.02966087,-83.84804219,12.273,8/11/2025,1908,2,2,0,0,CLEAR,DRY,TRUE,SIDESWIPE COLLISION - OPPOSITE DIRECTION,SIDESWIPE-OPPOSITE DIRECTION,CURVE & LEVEL,DAYLIGHT,,,45897.49853,FALSE,298,Accepted,5,5,O,GLARE (SUN),FAILED TO KEEP PROPER LANE,
35202131,0870000,MONTGOMERY CTY SHERIFF DEPT,Accepted,MONTGOMERY,US0060,3060,OWINGSVILLE,RD,,,,,,,,38.08579107,-83.89967265,,8/6/2025,500,2,2,0,0,CLOUDY,DRY,TRUE,1 VEHICLE PARKED POSITION (NOT PARKING LOT/DRIVEWAY),BACKING,STRAIGHT & LEVEL,DARK-HWY LIGHTED/ON,,,45897.49856,FALSE,221,Accepted,5,5,O,,,
35202136,0870000,MONTGOMERY CTY SHERIFF DEPT,Accepted,MONTGOMERY,,2161,PREWITT,PIKE,,,,,,,,38.02021923,-83.98852856,2.251,8/15/2025,1614,1,1,1,0,CLEAR,DRY,FALSE,COLLISION WITH FIXED OBJECT NON - INTERSECTION - FIRST EVENT COLLISION 09 - 32 EXCLUDING 16,SINGLE VEHICLE,CURVE & GRADE,DAYLIGHT,,,45897.49869,FALSE,249,Accepted,5,1,K,,OTHER,
35202137,0870000,MONTGOMERY CTY SHERIFF DEPT,Accepted,MONTGOMERY,,,OLD OWINGSVILLE,RD,,,,,,,,38.07131173,-83.91951481,1.245,8/16/2025,1458,1,1,0,0,CLEAR,DRY,FALSE,RAN OFF ROADWAY (1 VEHICLE WITH/EARTH EMBANKMENT/DITCH),SINGLE VEHICLE,CURVE & LEVEL,DAYLIGHT,,,45897.49872,FALSE,249,Accepted,5,5,O,,OTHER,
35202139,0870000,MONTGOMERY CTY SHERIFF DEPT,Accepted,MONTGOMERY,KY0646,,CREAM ALLEY,RD,,,,,,,,37.9693368,-83.92646932,4.067,8/16/2025,2346,1,1,0,0,CLEAR,DRY,FALSE,OTHER ROADWAY OR MID-BLOCK COLLISION,SINGLE VEHICLE,CURVE & LEVEL,DARK-HWY NOT LIGHTED,,,45897.49878,FALSE,227,Accepted,5,5,O,,"ALCOHOL INVOLVEMENT, NOT UNDER PROPER CONTROL",
35202146,0870000,MONTGOMERY CTY SHERIFF DEPT,Accepted,MONTGOMERY,KY0213,,KY213,,S,,,,CAITLYN,,AZEBERRYE,37.92928115,-83.86470463,1.84,8/15/2025,1728,2,2,0,6,CLEAR,DRY,FALSE,1 VEHICLE ENTERING/LEAVING ENTRANCE,ANGLE,STRAIGHT & LEVEL,DAYLIGHT,,,45897.49892,FALSE,298,Accepted,4,2,A,,"FAILED TO KEEP PROPER LANE, IMPROPER PASSING, NOT UNDER PROPER CONTROL",MIRRORS
35202147,0870000,MONTGOMERY CTY SHERIFF DEPT,Accepted,MONTGOMERY,KY0713,4200,GRASSY LICK,RD,,,,,,,,38.08057038,-84.01812523,1.809,8/16/2025,259,1,1,0,0,CLEAR,DRY,FALSE,OTHER ROADWAY OR MID-BLOCK COLLISION,SINGLE VEHICLE,CURVE & LEVEL,DARK-HWY LIGHTED/ON,,,45897.49895,FALSE,298,Accepted,5,5,O,,"ALCOHOL INVOLVEMENT, FAILED TO KEEP PROPER LANE, NOT UNDER PROPER CONTROL",
35202148,0870000,MONTGOMERY CTY SHERIFF DEPT,Accepted,MONTGOMERY,,243,MIDLAND,TRL,,,,,,,,38.078435,-83.92343992,0.405,8/14/2025,1021,1,1,0,0,CLEAR,DRY,FALSE,RAN OFF ROADWAY (1 VEHICLE WITH/EARTH EMBANKMENT/DITCH),SINGLE VEHICLE,CURVE & LEVEL,DAYLIGHT,,,45897.49898,FALSE,238,Accepted,5,5,O,,OVERCORRECTING/OVERSTEERING,TIRE FAILURE
35202151,0870000,MONTGOMERY CTY SHERIFF DEPT,Accepted,MONTGOMERY,US0060,,WINCHESTER,RD,,,HARVEST,,,,,38.0466475,-83.9866741,2.546,8/19/2025,807,2,2,0,0,CLEAR,DRY,FALSE,SIDESWIPE-SAME DIRECTION,SIDESWIPE-SAME DIRECTION,CURVE & GRADE,DAYLIGHT,,,45897.49905,FALSE,238,Accepted,5,5,O,,IMPROPER PASSING,
35202152,0870000,MONTGOMERY CTY SHERIFF DEPT,Accepted,MONTGOMERY,US0060,1801,WINCHESTER,RD,,,,,,,,38.0510884,-83.97446546,3.303,8/20/2025,636,1,1,0,0,CLEAR,DRY,FALSE,COLLISION WITH ANIMAL NON INTERSECTION,SINGLE VEHICLE,STRAIGHT & LEVEL,DARK-HWY LIGHTED/ON,,,45897.49911,FALSE,252,Accepted,5,5,O,ANIMALS ACTION,OTHER,
35209387,0870100,MT. STERLING POLICE DEPARTMENT,Accepted,MONTGOMERY,,,FOX,ST,,,,,,,,38.05681148,-83.93490064,0.002,8/22/2025,1519,2,2,0,0,CLEAR,DRY,FALSE,1 VEHICLE ENTERING/LEAVING ENTRANCE,ANGLE,STRAIGHT & GRADE,DAYLIGHT,,,45898.87791,FALSE,160,Accepted,5,5,O,,MISJUDGE CLEARANCE,
35209388,0870100,MT. STERLING POLICE DEPARTMENT,Accepted,MONTGOMERY,KY0011,,LEVEE,RD,,,,,,,,38.04400646,-83.94579226,9.471,8/17/2025,1630,1,1,0,0,CLEAR,DRY,FALSE,COLLISION WITH ANIMAL NON INTERSECTION,SINGLE VEHICLE,STRAIGHT & LEVEL,DAYLIGHT,,,45898.87794,FALSE,166,Accepted,5,5,O,ANIMALS ACTION,,
35229039,0870100,MT. STERLING POLICE DEPARTMENT,Accepted,MONTGOMERY,,,COMMONWEALTH,DR,,,,,,,,38.06734901,-83.9555536,0.007,9/2/2025,1444,2,2,0,0,CLEAR,DRY,FALSE,REAR END IN TRAFFIC LANES BOTH VEHICLES MOVING,REAR END,STRAIGHT & LEVEL,DAYLIGHT,,,45903.7475,FALSE,167,Accepted,5,5,O,,NOT UNDER PROPER CONTROL,
35232803,0870100,MT. STERLING POLICE DEPARTMENT,Accepted,MONTGOMERY,KY0686,,INDIAN MOUND,DR,,,,,,,,38.06732935,-83.95512484,0.724,9/2/2025,1607,2,2,0,2,CLEAR,DRY,FALSE,OTHER ROADWAY OR MID-BLOCK COLLISION,OPPOSING LEFT TURN,STRAIGHT & LEVEL,DAYLIGHT,,,45904.49124,FALSE,160,Accepted,5,2,A,,FAILED TO YIELD RIGHT OF WAY,
35244066,0870000,MONTGOMERY CTY SHERIFF DEPT,Accepted,MONTGOMERY,US0060,,OWINGSVILLE,RD,,KY0686,INDIAN MOUND,,,,,38.07474818,-83.9186646,7.184,8/20/2025,1751,2,2,0,0,CLEAR,DRY,FALSE,ANGLE COLLISION - OTHER,ANGLE,STRAIGHT & LEVEL,DAYLIGHT,,,45907.31963,FALSE,298,Accepted,5,5,O,,"DISREGARD TRAFFIC CONTROL, FAILED TO YIELD RIGHT OF WAY",
35244083,0870000,MONTGOMERY CTY SHERIFF DEPT,Accepted,MONTGOMERY,KY0713,11383,HOPE MEANS,RD,,,,,,,,37.98563934,-83.76603318,19.233,8/22/2025,4,2,2,0,0,CLEAR,DRY,TRUE,1 VEHICLE PARKED POSITION (NOT PARKING LOT/DRIVEWAY),REAR END,STRAIGHT & LEVEL,DARK-HWY NOT LIGHTED,,,45907.31999,FALSE,282,Accepted,5,5,O,,"ALCOHOL INVOLVEMENT, EMOTIONAL",
35244088,0870000,MONTGOMERY CTY SHERIFF DEPT,Accepted,MONTGOMERY,KY0713,,GRASSY LICK,RD,,,,,,,,38.05995069,-83.965742,5.249,8/23/2025,1349,1,1,0,0,CLEAR,DRY,FALSE,COLLISION WITH ANIMAL NON INTERSECTION,SINGLE VEHICLE,CURVE & GRADE,DAYLIGHT,,,45907.32007,FALSE,238,Accepted,5,5,O,ANIMALS ACTION,,
35244089,0870000,MONTGOMERY CTY SHERIFF DEPT,Accepted,MONTGOMERY,US0460,3817,CAMARGO,RD,,,,,,,,38.00676358,-83.9040784,13.723,8/25/2025,1631,2,2,0,0,CLEAR,DRY,FALSE,SIDESWIPE COLLISION - SAME DIRECTION,SIDESWIPE-SAME DIRECTION,STRAIGHT & HILLCREST,DAYLIGHT,,,45907.32011,FALSE,238,Accepted,5,5,O,,"IMPROPER PASSING, NOT UNDER PROPER CONTROL",
35244092,0870000,MONTGOMERY CTY SHERIFF DEPT,Accepted,MONTGOMERY,US0460,,MAIN,ST,,,,,,,,37.95441431,-83.7854564,21.361,8/27/2025,1009,2,2,0,0,CLEAR,DRY,FALSE,SIDESWIPE COLLISION - OPPOSITE DIRECTION,SIDESWIPE-OPPOSITE DIRECTION,STRAIGHT & LEVEL,DAYLIGHT,,,45907.32018,FALSE,227,Accepted,5,5,O,,DISTRACTION,
35244094,0870000,MONTGOMERY CTY SHERIFF DEPT,Accepted,MONTGOMERY,,55,CHURCH,RD,,,,,,,,37.95542261,-83.84439379,0.005,8/27/2025,926,1,1,0,0,CLEAR,DRY,FALSE,OTHER ROADWAY OR MID-BLOCK COLLISION,SINGLE VEHICLE,STRAIGHT & GRADE,DAYLIGHT,,,45907.32022,FALSE,238,Accepted,5,5,O,,MISJUDGE CLEARANCE,
35246408,0870000,MONTGOMERY CTY SHERIFF DEPT,Accepted,MONTGOMERY,KY0213,,BEDFORD,RD,,,,,,,,37.99929515,-83.83651552,7.169,8/21/2025,1710,1,1,0,0,CLEAR,DRY,FALSE,RAN OFF ROADWAY (1 VEHICLE WITH/EARTH EMBANKMENT/DITCH),SINGLE VEHICLE,STRAIGHT & GRADE,DAYLIGHT,,,45908.12667,FALSE,232,Accepted,5,5,O,,,STEERING FAILURE
35249727,0870100,MT. STERLING POLICE DEPARTMENT,Accepted,MONTGOMERY,US0460,,MAYSVILLE,ST,N,,CULPEPPER,,,,,38.07065313,-83.94694448,8.544,9/2/2025,1248,2,2,0,0,CLEAR,DRY,FALSE,ANGLE COLLISION - ONE VEHICLE TURNING LEFT,ANGLE,STRAIGHT & GRADE,DAYLIGHT,,,45908.66241,FALSE,128,Accepted,5,5,O,,INATTENTION,
35254695,0870100,MT. STERLING POLICE DEPARTMENT,Accepted,MONTGOMERY,,,BROOKS,AVE,,,,,,,,38.04681809,-83.95351072,0.038,9/3/2025,750,2,2,0,0,CLEAR,DRY,FALSE,SIDESWIPE COLLISION - SAME DIRECTION,SIDESWIPE-SAME DIRECTION,CURVE & LEVEL,DAYLIGHT,,,45909.66831,FALSE,120,Accepted,5,5,O,GLARE (SUN),INATTENTION,
35261033,0870100,MT. STERLING POLICE DEPARTMENT,Accepted,MONTGOMERY,,217,STERLING,AVE,,,,,,,,38.06119222,-83.95180065,0.361,9/8/2025,1841,2,2,0,0,CLEAR,DRY,FALSE,1 VEHICLE PARKED POSITION (NOT PARKING LOT/DRIVEWAY),BACKING,STRAIGHT & LEVEL,DAYLIGHT,,,45910.90509,FALSE,154,Accepted,5,5,O,GLARE (SUN),,
35263828,0870100,MT. STERLING POLICE DEPARTMENT,Accepted,MONTGOMERY,,,WALMART,DR,,,,,,,,38.071098,-83.95542514,0.256,8/30/2025,1445,2,2,0,0,CLEAR,DRY,FALSE,1 VEHICLE ENTERING/LEAVING ENTRANCE,ANGLE,STRAIGHT & GRADE,DAYLIGHT,,,45911.62333,FALSE,157,Accepted,5,5,O,,FAILED TO YIELD RIGHT OF WAY,
35265191,0870100,MT. STERLING POLICE DEPARTMENT,Accepted,MONTGOMERY,KY0686,,INDIAN MOUND,DR,,US0460,MAYSVILLE,,,,,38.07399214,-83.94839321,0.009,9/11/2025,1247,2,2,0,0,CLEAR,DRY,FALSE,REAR END - ONE VEHICLE TURNING RIGHT,REAR END,STRAIGHT & LEVEL,DAYLIGHT,,,45911.80875,FALSE,120,Accepted,5,5,O,,INATTENTION,
35280889,0870100,MT. STERLING POLICE DEPARTMENT,Accepted,MONTGOMERY,KY0686,810,INDIAN MOUND,DR,,,,,,,,38.06219897,-83.95490123,1.065,9/12/2025,1700,2,2,0,0,CLEAR,DRY,FALSE,OTHER ROADWAY OR MID-BLOCK COLLISION,REAR TO REAR,STRAIGHT & LEVEL,DAYLIGHT,,,45915.96877,FALSE,144,Accepted,5,5,O,,INATTENTION,
35280890,0870100,MT. STERLING POLICE DEPARTMENT,Accepted,MONTGOMERY,US0460,,MAYSVILLE,ST,N,,CULPEPPER,,,,,38.07054093,-83.94689935,8.544,9/12/2025,1515,2,2,0,0,CLEAR,DRY,FALSE,OTHER INTERSECTION COLLISIONS,REAR END,STRAIGHT & GRADE,DAYLIGHT,,,45915.9688,FALSE,166,Accepted,5,5,O,,INATTENTION,
35280891,0870100,MT. STERLING POLICE DEPARTMENT,Accepted,MONTGOMERY,US0460,,MAYSVILLE,ST,N,,,,,,,38.07673191,-83.94907679,8.116,9/12/2025,1502,2,2,0,3,CLEAR,DRY,FALSE,OTHER ROADWAY OR MID-BLOCK COLLISION,OPPOSING LEFT TURN,STRAIGHT & LEVEL,DAYLIGHT,,,45915.96883,FALSE,167,Accepted,5,4,C,,INATTENTION,
35280892,0870100,MT. STERLING POLICE DEPARTMENT,Accepted,MONTGOMERY,,,CHAMPION,WAY,,KY0686,INDIAN MOUND,,,,,38.04097643,-83.94116649,0.455,9/12/2025,835,2,2,0,0,CLEAR,DRY,FALSE,OTHER INTERSECTION COLLISIONS,REAR END,STRAIGHT & GRADE,DAYLIGHT,,,45915.96887,FALSE,128,Accepted,5,5,O,GLARE (SUN),OTHER,
35280893,0870100,MT. STERLING POLICE DEPARTMENT,Accepted,MONTGOMERY,US0460,,CAMARGO,RD,,KY0686,INDIAN MOUND,,,,,38.04192405,-83.9342075,10.698,9/13/2025,1239,2,2,0,0,CLEAR,DRY,FALSE,OTHER INTERSECTION COLLISIONS,REAR END,STRAIGHT & LEVEL,DAYLIGHT,,,45915.9689,FALSE,128,Accepted,5,5,O,,INATTENTION,
35281542,0870100,MT. STERLING POLICE DEPARTMENT,Accepted,MONTGOMERY,KY0686,550,INDIAN MOUND,DR,,,,,,,,38.06731012,-83.95515088,0.723,9/13/2025,1039,2,2,0,0,CLEAR,DRY,FALSE,OTHER ROADWAY OR MID-BLOCK COLLISION,OPPOSING LEFT TURN,STRAIGHT & LEVEL,DAYLIGHT,,,45916.12373,FALSE,167,Accepted,5,5,O,,INATTENTION,
35281543,0870100,MT. STERLING POLICE DEPARTMENT,Accepted,MONTGOMERY,,,SPRING,ST,,KY0686,INDIAN MOUND,,,,,38.05154071,-83.9562615,0.021,9/14/2025,1355,2,2,0,0,CLEAR,DRY,FALSE,OTHER INTERSECTION COLLISIONS,REAR END,STRAIGHT & GRADE,DAYLIGHT,,,45916.12377,FALSE,128,Accepted,5,5,O,,DISTRACTION,
35281545,0870100,MT. STERLING POLICE DEPARTMENT,Accepted,MONTGOMERY,US0060,,MAIN,ST,E,,MARTIN LUTHER KING,,,,,38.05737994,-83.93785883,5.367,9/15/2025,1611,2,2,0,0,CLEAR,DRY,FALSE,ANGLE COLLISION - OTHER,ANGLE,STRAIGHT & GRADE,DAYLIGHT,,,45916.12382,FALSE,108,Accepted,5,5,O,,"FAILED TO YIELD RIGHT OF WAY, INATTENTION",
35282669,0870000,MONTGOMERY CTY SHERIFF DEPT,Accepted,MONTGOMERY,US0060,,OWINGSVILLE,RD,,KY0686,INDIAN MOUND,,,,,38.07480003,-83.91866456,7.182,8/28/2025,1637,2,2,0,4,CLEAR,DRY,FALSE,HEAD-ON COLLISION,HEAD ON,STRAIGHT & LEVEL,DAYLIGHT,,,45916.40904,FALSE,227,Accepted,3,3,B,,"FAILED TO YIELD RIGHT OF WAY, INATTENTION",
35282672,0870000,MONTGOMERY CTY SHERIFF DEPT,Accepted,MONTGOMERY,US0460,5498,PARIS,RD,,,,,,,,38.09947309,-84.00591967,4.028,8/17/2025,646,1,1,0,0,CLEAR,DRY,FALSE,OTHER ROADWAY OR MID-BLOCK COLLISION,SINGLE VEHICLE,CURVE & LEVEL,DAYLIGHT,,,45916.40913,FALSE,252,Accepted,5,5,O,,"ALCOHOL INVOLVEMENT, INATTENTION, TOO FAST FOR CONDITIONS",
35282675,0870000,MONTGOMERY CTY SHERIFF DEPT,Accepted,MONTGOMERY,,,OLDHAM,RD,,,,,,,,37.99814098,-83.9214681,0.558,8/31/2025,2032,1,1,0,0,CLEAR,DRY,FALSE,COLLISION WITH ANIMAL NON INTERSECTION,SINGLE VEHICLE,CURVE & LEVEL,DARK (UNKNOWN ROADWAY LIGHTING),,,45916.4092,FALSE,284,Accepted,5,5,O,,,
35282676,0870000,MONTGOMERY CTY SHERIFF DEPT,Accepted,MONTGOMERY,US0460,,CAMARGO,RD,,,,,,,,37.99485578,-83.88971562,14.876,8/31/2025,2314,2,2,0,0,CLEAR,DRY,TRUE,SIDESWIPE COLLISION - SAME DIRECTION,SIDESWIPE-SAME DIRECTION,STRAIGHT & LEVEL,DARK-HWY LIGHTED/ON,,,45916.40924,FALSE,298,Accepted,5,5,O,,"DISTRACTION, IMPROPER PASSING, INATTENTION",
35282678,0870000,MONTGOMERY CTY SHERIFF DEPT,Accepted,MONTGOMERY,KY0713,,SPENCER,PIKE,,,,,,,,38.0307416,-83.87793072,10.56,8/23/2025,2024,2,2,0,0,CLEAR,DRY,FALSE,SIDESWIPE COLLISION - OPPOSITE DIRECTION,SIDESWIPE-OPPOSITE DIRECTION,STRAIGHT & LEVEL,DAYLIGHT,,,45916.40928,FALSE,255,Accepted,5,5,O,,,
35282679,0870000,MONTGOMERY CTY SHERIFF DEPT,Accepted,MONTGOMERY,US0060,,OWINGSVILLE,RD,,,,,,,,38.11610276,-83.88612473,10.817,8/17/2025,1927,1,1,0,1,CLEAR,DRY,FALSE,OTHER ROADWAY OR MID-BLOCK COLLISION,SINGLE VEHICLE,CURVE & GRADE,DAYLIGHT,,,45916.40932,FALSE,255,Accepted,5,3,B,OTHER,"EMOTIONAL, EXCEEDED STATED SPEED LIMIT, OTHER",
35282681,0870000,MONTGOMERY CTY SHERIFF DEPT,Accepted,MONTGOMERY,KY1331,,HOWARDS MILL,RD,,,,,,,,38.06369389,-83.83741106,4.059,9/1/2025,1725,2,2,0,0,CLEAR,DRY,FALSE,SIDESWIPE COLLISION - OPPOSITE DIRECTION,SIDESWIPE-OPPOSITE DIRECTION,CURVE & HILLCREST,DAYLIGHT,,,45916.40937,FALSE,227,Accepted,5,5,O,,FAILED TO KEEP PROPER LANE,
35282682,0870000,MONTGOMERY CTY SHERIFF DEPT,Accepted,MONTGOMERY,KY0011,1426,LEVEE,RD,,,,,,,,38.03464619,-83.95010461,8.825,8/24/2025,1125,2,2,1,0,CLEAR,DRY,FALSE,1 VEHICLE ENTERING/LEAVING ENTRANCE,ANGLE,STRAIGHT & LEVEL,DAYLIGHT,,,45916.40941,FALSE,249,Accepted,1,1,K,,OTHER,
35282683,0870000,MONTGOMERY CTY SHERIFF DEPT,Accepted,MONTGOMERY,US0460,,MAIN,ST,,,LOVELY,,,,,37.96342625,-83.80278739,20.201,8/31/2025,1309,1,1,0,0,CLEAR,DRY,FALSE,COLLISION WITH FIXED OBJECT IN INTERSECTION - FIRST EVENT COLLISION 09 - 32,SINGLE VEHICLE,CURVE & LEVEL,DAYLIGHT,,,45916.40945,FALSE,252,Accepted,5,5,O,,INATTENTION,
35282684,0870000,MONTGOMERY CTY SHERIFF DEPT,Accepted,MONTGOMERY,KY0213,4250,KY213,,,,,,,,,37.92028415,-83.86562671,1.055,8/31/2025,1612,2,2,0,0,CLEAR,DRY,FALSE,1 VEHICLE ENTERING/LEAVING ENTRANCE,ANGLE,STRAIGHT & LEVEL,DAYLIGHT,,,45916.4095,FALSE,252,Accepted,5,5,O,,INATTENTION,
35282685,0870000,MONTGOMERY CTY SHERIFF DEPT,Accepted,MONTGOMERY,US0060,,OWINGSVILLE,RD,,,,,,,,38.11213555,-83.89130408,10.411,8/28/2025,1516,2,2,0,0,CLEAR,DRY,FALSE,SIDESWIPE COLLISION - SAME DIRECTION,SIDESWIPE-SAME DIRECTION,STRAIGHT & LEVEL,DAYLIGHT,,,45916.40954,FALSE,238,Accepted,5,5,O,,IMPROPER PASSING,
35287394,0870000,MONTGOMERY CTY SHERIFF DEPT,Accepted,MONTGOMERY,US0460,1225,CAMARGO,RD,,,,,,,,38.03005087,-83.9242028,11.727,9/4/2025,1554,2,2,0,0,CLEAR,DRY,FALSE,REAR END IN TRAFFIC LANES BOTH VEHICLES MOVING,REAR END,STRAIGHT & LEVEL,DAYLIGHT,,,45917.37768,FALSE,252,Accepted,5,5,O,,INATTENTION,
35287396,0870000,MONTGOMERY CTY SHERIFF DEPT,Accepted,MONTGOMERY,US0460,,PARIS,RD,,,,,,,,38.09958719,-84.00449019,4.106,9/4/2025,1733,1,1,0,0,CLEAR,DRY,FALSE,COLLISION WITH ANIMAL NON INTERSECTION,SINGLE VEHICLE,STRAIGHT & LEVEL,DAYLIGHT,,,45917.37777,FALSE,249,Accepted,5,5,O,,,
35287397,0870000,MONTGOMERY CTY SHERIFF DEPT,Accepted,MONTGOMERY,,2826,OLD OWINGSVILLE,RD,,,,,,,,38.07570213,-83.90793851,0.53,9/4/2025,1243,1,1,0,0,CLOUDY,WET,FALSE,RAN OFF ROADWAY (1 VEHICLE WITH/EARTH EMBANKMENT/DITCH),SINGLE VEHICLE,CURVE & LEVEL,DAYLIGHT,,,45917.3778,FALSE,249,Accepted,5,5,O,"SLIPPERY SURFACE, WATER POOLING",,
35287400,0870000,MONTGOMERY CTY SHERIFF DEPT,Accepted,MONTGOMERY,US0060,,OWINGSVILLE,RD,,,,,,,,38.0910079,-83.89781818,8.843,9/3/2025,2321,2,2,0,0,CLEAR,DRY,FALSE,HEAD-ON COLLISION,HEAD ON,CURVE & LEVEL,DARK-HWY LIGHTED/ON,,,45917.37787,FALSE,284,Accepted,5,5,O,,INATTENTION,
35287403,0870000,MONTGOMERY CTY SHERIFF DEPT,Accepted,MONTGOMERY,,,CLARENCE,DR,,,,,,,,38.09263283,-83.89945885,0.098,9/5/2025,1601,2,2,0,0,CLEAR,DRY,FALSE,1 VEHICLE ENTERING/LEAVING ENTRANCE,ANGLE,STRAIGHT & LEVEL,DAYLIGHT,,,45917.37797,FALSE,238,Accepted,5,5,O,,MISJUDGE CLEARANCE,
35287404,0870000,MONTGOMERY CTY SHERIFF DEPT,Accepted,MONTGOMERY,KY0011,,MAYSVILLE,RD,,,,,,,,38.09671322,-83.95228402,10.645,9/6/2025,1222,2,2,0,0,CLOUDY,DRY,FALSE,REAR END IN TRAFFIC LANES BOTH VEHICLES MOVING,REAR END,STRAIGHT & LEVEL,DAYLIGHT,,,45917.37801,FALSE,238,Accepted,5,5,O,,INATTENTION,
35287408,0870000,MONTGOMERY CTY SHERIFF DEPT,Accepted,MONTGOMERY,US0460,,MAIN,ST,,,,,,,,37.97243547,-83.83886804,18.103,9/13/2025,1300,2,2,0,0,CLEAR,DRY,FALSE,REAR END IN TRAFFIC LANES BOTH VEHICLES MOVING,REAR END,STRAIGHT & LEVEL,DAYLIGHT,,,45917.37812,FALSE,227,Accepted,5,5,O,,MISJUDGE CLEARANCE,
35287409,0870000,MONTGOMERY CTY SHERIFF DEPT,Accepted,MONTGOMERY,,,RUSS WILLOUGHBY,RD,,,,,,,,37.96276937,-83.93485421,0.279,9/13/2025,1231,2,2,0,0,CLEAR,DRY,FALSE,VEHICLE BACKING NON INTERSECTION,BACKING,STRAIGHT & LEVEL,DAYLIGHT,,,45917.37816,FALSE,238,Accepted,5,5,O,,INATTENTION,
35287410,0870000,MONTGOMERY CTY SHERIFF DEPT,Accepted,MONTGOMERY,US0460,11045,MAIN,ST,,,,,,,,37.96139192,-83.79851606,20.492,9/15/2025,1047,2,2,0,0,CLEAR,DRY,FALSE,1 VEHICLE ENTERING/LEAVING ENTRANCE,ANGLE,STRAIGHT & LEVEL,DAYLIGHT,,,45917.37819,FALSE,238,Accepted,5,5,O,,"MISJUDGE CLEARANCE, INATTENTION",