IncidentID,AgencyORI,AgencyName,IncidentStatusDesc,County,RdwyNumber,Street,RoadwayName,StreetSfx,StreetDir,IntersectionRdwy,IntersectionRdwyName,BetweenStRdwy1,BetweenStRdwyName1,BetweenStRdwy2,BetweenStRdwyName2,Latitude,Longitude,Milepoint,CollisionDate,CollisionTime,UnitsInvolved,MotorVehiclesInvolved,NumberKilled,NumberInjured,Weather,RdwyConditionCode,HitandRun,DirAnalysisCode,MannerofCollision,RdwyCharacter,LightCondition,RampFromRdwyId,RampToRdwyId,AcceptedDate,IsSecondaryCollision,OwnerBadge,IncidentStatus,InjurySeverityCde,KABCO Code,KABCO,Environmental_Factors,Human_Factors,Vehicular_Factors
35291440,0870000,MONTGOMERY CTY SHERIFF DEPT,Accepted,MONTGOMERY,US0060,,OWINGSVILLE,RD,,KY1331,OLD OWINGSVILLE,,,,,38.08297762,-83.90145249,8.249,8/30/2025,1408,2,1,0,0,CLEAR,DRY,FALSE,ANGLE COLLISION - OTHER,ANGLE,CURVE & LEVEL,DAYLIGHT,,,45918.12629,FALSE,232,Accepted,5,5,O,,OTHER,
35300152,0870100,MT. STERLING POLICE DEPARTMENT,Accepted,MONTGOMERY,KY0686,804,INDIAN MOUND,DR,,,,,,,,38.06347413,-83.95533334,0.989,9/18/2025,1138,2,2,0,1,CLEAR,DRY,FALSE,OTHER ROADWAY OR MID-BLOCK COLLISION,OPPOSING LEFT TURN,STRAIGHT & LEVEL,DAYLIGHT,,,45920.11412,FALSE,167,Accepted,5,4,C,,INATTENTION,
35300155,0870100,MT. STERLING POLICE DEPARTMENT,Accepted,MONTGOMERY,,204,WILLOW,ST,,,,,,,,38.06146686,-83.93786056,0.273,9/19/2025,2331,2,2,0,0,CLEAR,DRY,TRUE,1 VEHICLE PARKED POSITION (NOT PARKING LOT/DRIVEWAY),SIDESWIPE-SAME DIRECTION,,DARK-HWY LIGHTED/ON,,,45920.11419,FALSE,160,Accepted,5,5,O,,,
35309230,0870100,MT. STERLING POLICE DEPARTMENT,Accepted,MONTGOMERY,,,TROJAN,AVE,,,,,,,,38.06059854,-83.94201295,0.08,9/20/2025,700,1,1,0,0,CLEAR,DRY,FALSE,OTHER ROADWAY OR MID-BLOCK COLLISION,SINGLE VEHICLE,STRAIGHT & LEVEL,DAWN,,,45922.87437,FALSE,157,Accepted,5,5,O,,PHYSICAL DISABILITY,
35309232,0870100,MT. STERLING POLICE DEPARTMENT,Accepted,MONTGOMERY,KY0686,,INDIAN MOUND,DR,,,,,,,,38.05403112,-83.95649548,1.638,9/20/2025,1430,2,2,0,0,CLEAR,DRY,FALSE,REAR END IN TRAFFIC LANES BOTH VEHICLES MOVING,REAR END,STRAIGHT & LEVEL,DAYLIGHT,,,45922.87443,FALSE,157,Accepted,5,5,O,,INATTENTION,
35309234,0870100,MT. STERLING POLICE DEPARTMENT,Accepted,MONTGOMERY,KY0686,,INDIAN MOUND,DR,,KY0011,LEVEE,,,,,38.04100618,-83.94789434,2.749,9/22/2025,800,2,2,0,0,CLOUDY,DRY,FALSE,OTHER INTERSECTION COLLISIONS,REAR END,STRAIGHT & LEVEL,DAYLIGHT,,,45922.87447,FALSE,157,Accepted,5,5,O,,"DRUG INVOLVEMENT, INATTENTION",
35319315,0870100,MT. STERLING POLICE DEPARTMENT,Accepted,MONTGOMERY,,115,RONAMEKI,DR,,,,,,,,38.05509856,-83.95483356,0.082,9/21/2025,33,2,2,0,0,CLEAR,DRY,FALSE,1 VEHICLE PARKED POSITION (NOT PARKING LOT/DRIVEWAY),HEAD ON,STRAIGHT & HILLCREST,DARK-HWY NOT LIGHTED,,,45925.20155,FALSE,163,Accepted,5,5,O,,NOT UNDER PROPER CONTROL,
35319316,0870100,MT. STERLING POLICE DEPARTMENT,Accepted,MONTGOMERY,KY0686,,INDIAN MOUND,DR,,,REESE,,,,,38.06738224,-83.95542623,0.718,9/23/2025,1227,3,3,0,0,CLEAR,DRY,FALSE,OTHER INTERSECTION COLLISIONS,REAR END,STRAIGHT & LEVEL,DAYLIGHT,,,45925.20159,FALSE,139,Accepted,5,5,O,,INATTENTION,
35319320,0870100,MT. STERLING POLICE DEPARTMENT,Accepted,MONTGOMERY,,146,RICHMOND,AVE,,,,,,,,38.05157742,-83.94804941,0.228,9/23/2025,1401,2,2,0,0,CLEAR,DRY,TRUE,1 VEHICLE PARKED POSITION (NOT PARKING LOT/DRIVEWAY),SIDESWIPE-OPPOSITE DIRECTION,STRAIGHT & HILLCREST,DAYLIGHT,,,45925.20168,FALSE,160,Accepted,5,5,O,,OTHER,
35336702,0870000,MONTGOMERY CTY SHERIFF DEPT,Accepted,MONTGOMERY,KY0646,,TONKIN,RD,,,,,,,,38.01959185,-83.92144847,13.35,9/9/2025,2239,1,1,0,1,CLEAR,WET,FALSE,COLLISION WITH FIXED OBJECT NON - INTERSECTION - FIRST EVENT COLLISION 09 - 32 EXCLUDING 16,SINGLE VEHICLE,STRAIGHT & LEVEL,DARK-HWY NOT LIGHTED,,,45929.64588,FALSE,255,Accepted,3,3,B,,,
35336704,0870000,MONTGOMERY CTY SHERIFF DEPT,Accepted,MONTGOMERY,US0460,,MAIN,ST,,,,,,,,37.98183501,-83.86625478,16.521,9/5/2025,2153,3,3,0,2,RAINING,WET,FALSE,REAR END IN TRAFFIC LANES BOTH VEHICLES MOVING,REAR END,STRAIGHT & LEVEL,DARK-HWY NOT LIGHTED,,,45929.64593,FALSE,248,Accepted,5,4,C,SLIPPERY SURFACE,"FOLLOWING TOO CLOSE, INATTENTION, NOT UNDER PROPER CONTROL",
35371318,0870100,MT. STERLING POLICE DEPARTMENT,Accepted,MONTGOMERY,US0460,,MAYSVILLE,ST,N,,,,,,,38.06374061,-83.94469111,9.026,9/26/2025,2135,2,2,0,2,CLEAR,DRY,FALSE,1 VEHICLE ENTERING/LEAVING ENTRANCE,ANGLE,STRAIGHT & LEVEL,DARK-HWY LIGHTED/ON,,,45937.79236,FALSE,159,Accepted,4,3,B,,ALCOHOL INVOLVEMENT,
35371782,0870100,MT. STERLING POLICE DEPARTMENT,Accepted,MONTGOMERY,US0460,,MAYSVILLE,ST,N,,,,,,,38.06542398,-83.94519755,8.918,10/5/2025,1909,2,2,0,0,CLEAR,DRY,TRUE,SIDESWIPE COLLISION - OPPOSITE DIRECTION,SIDESWIPE-OPPOSITE DIRECTION,,DAWN,,,45937.93426,FALSE,167,Accepted,5,5,O,,MISJUDGE CLEARANCE,
35380271,0870100,MT. STERLING POLICE DEPARTMENT,Accepted,MONTGOMERY,KY0686,892,INDIAN MOUND,DR,,,,,,,,38.06170479,-83.95404558,1.056,10/2/2025,1045,2,2,0,0,CLEAR,DRY,FALSE,1 VEHICLE ENTERING/LEAVING ENTRANCE,ANGLE,STRAIGHT & LEVEL,DAYLIGHT,,,45939.87895,FALSE,162,Accepted,5,5,O,OTHER,"FAILED TO YIELD RIGHT OF WAY, INATTENTION",
35380304,0870100,MT. STERLING POLICE DEPARTMENT,Accepted,MONTGOMERY,KY0686,,INDIAN MOUND,DR,,,,,,,,38.05595872,-83.95626659,1.509,10/7/2025,1544,2,2,0,0,RAINING,WET,FALSE,OTHER ROADWAY OR MID-BLOCK COLLISION,REAR END,STRAIGHT & LEVEL,DAYLIGHT,,,45939.89042,FALSE,154,Accepted,5,5,O,,,
35380305,0870100,MT. STERLING POLICE DEPARTMENT,Accepted,MONTGOMERY,KY0686,,INDIAN MOUND,DR,,,PATSY,,,,,38.0709648,-83.95487463,0.464,10/7/2025,1121,2,2,0,1,RAINING,WET,FALSE,ANGLE COLLISION - OTHER,ANGLE,CURVE & GRADE,DAYLIGHT,,,45939.89048,FALSE,163,Accepted,5,3,B,"VIEW OBSTRUCTED, LIMITED DUE TO WEATHER CONDITIONS","FAILED TO YIELD RIGHT OF WAY, INATTENTION, TURNING IMPROPERLY",
35380306,0870100,MT. STERLING POLICE DEPARTMENT,Accepted,MONTGOMERY,,,COBBLER,LN,E,,,,,,,38.03892216,-83.93749793,0.153,10/8/2025,1054,2,2,0,0,CLEAR,DRY,FALSE,1 VEHICLE PARKED POSITION (NOT PARKING LOT/DRIVEWAY),BACKING,STRAIGHT & LEVEL,DAYLIGHT,,,45939.8906,FALSE,163,Accepted,5,5,O,,MISJUDGE CLEARANCE,
35380308,0870100,MT. STERLING POLICE DEPARTMENT,Accepted,MONTGOMERY,,,HIGH,ST,W,,,,,,,38.05753294,-83.94251167,0.328,10/8/2025,951,2,2,0,0,CLEAR,DRY,FALSE,SIDESWIPE COLLISION - SAME DIRECTION,SIDESWIPE-SAME DIRECTION,STRAIGHT & GRADE,DAYLIGHT,,,45939.89067,FALSE,149,Accepted,5,5,O,,INATTENTION,
35387770,0870100,MT. STERLING POLICE DEPARTMENT,Accepted,MONTGOMERY,,,EVANS,AVE,,,NORTHVIEW,,,,,38.07550092,-83.94921376,0.038,10/8/2025,1752,2,2,0,0,CLEAR,DRY,FALSE,OTHER INTERSECTION COLLISIONS,REAR END,STRAIGHT & LEVEL,DAYLIGHT,,,45941.88438,FALSE,154,Accepted,5,5,O,,INATTENTION,
35395102,0870000,MONTGOMERY CTY SHERIFF DEPT,Accepted,MONTGOMERY,US0460,4220,CAMARGO,RD,,,,,,,,37.99486279,-83.88983272,14.906,9/12/2025,800,2,2,0,1,CLEAR,DRY,FALSE,OTHER ROADWAY OR MID-BLOCK COLLISION,OPPOSING LEFT TURN,STRAIGHT & LEVEL,DAYLIGHT,,,45943.7029,FALSE,252,Accepted,5,4,C,,,
35395103,0870000,MONTGOMERY CTY SHERIFF DEPT,Accepted,MONTGOMERY,KY0713,,SPENCER,PIKE,,KY0213,BEDFORD,,,,,38.02324223,-83.82425002,13.735,9/17/2025,1511,2,2,0,0,CLEAR,DRY,FALSE,OPPOSING LEFT TURN,OPPOSING LEFT TURN,STRAIGHT & LEVEL,DAYLIGHT,,,45943.70293,FALSE,252,Accepted,5,5,O,,INATTENTION,
35395108,0870000,MONTGOMERY CTY SHERIFF DEPT,Accepted,MONTGOMERY,US0460,,MAIN,ST,,,PARK,,,,,37.97585663,-83.84941692,17.522,9/21/2025,119,2,2,0,3,CLEAR,DRY,FALSE,HEAD-ON COLLISION,HEAD ON,STRAIGHT & LEVEL,DARK-HWY LIGHTED/ON,,,45943.70302,FALSE,282,Accepted,5,3,B,,,
35395113,0870000,MONTGOMERY CTY SHERIFF DEPT,Accepted,MONTGOMERY,US0460,,MAIN,ST,,,ROCKY BRANCH,,,,,37.96310037,-83.80088792,20.298,9/22/2025,1840,2,2,0,0,RAINING,WET,FALSE,OTHER INTERSECTION COLLISIONS,REAR END,CURVE & LEVEL,DAYLIGHT,,,45943.70314,FALSE,298,Accepted,5,5,O,,,
35395115,0870000,MONTGOMERY CTY SHERIFF DEPT,Accepted,MONTGOMERY,KY0686,,INDIAN MOUND,DR,,,OLD OWINGSVILLE,,,,,38.07153366,-83.91678403,6.081,9/20/2025,1348,2,2,0,1,CLEAR,DRY,FALSE,ANGLE COLLISION - OTHER,ANGLE,STRAIGHT & LEVEL,DAYLIGHT,,,45943.70318,FALSE,249,Accepted,5,3,B,,"ALCOHOL INVOLVEMENT, DISREGARD TRAFFIC CONTROL",
35395119,0870000,MONTGOMERY CTY SHERIFF DEPT,Accepted,MONTGOMERY,,,MIDLAND,TRL,,,,,,,,38.08064358,-83.92305396,0.553,9/23/2025,541,2,2,0,0,CLEAR,WET,FALSE,SIDESWIPE COLLISION - OPPOSITE DIRECTION,SIDESWIPE-OPPOSITE DIRECTION,STRAIGHT & LEVEL,DARK-HWY NOT LIGHTED,,,45943.70326,FALSE,284,Accepted,5,5,O,,DISTRACTION,
35395125,0870000,MONTGOMERY CTY SHERIFF DEPT,Accepted,MONTGOMERY,US0460,,CAMARGO,RD,,,,,,,,38.02074625,-83.91514297,12.545,9/24/2025,2222,1,1,0,0,RAINING,WET,FALSE,OTHER COLLISIONS ON SHOULDER,SINGLE VEHICLE,STRAIGHT & HILLCREST,DARK-HWY NOT LIGHTED,,,45943.70338,FALSE,282,Accepted,5,5,O,,FELL ASLEEP,
35395127,0870000,MONTGOMERY CTY SHERIFF DEPT,Accepted,MONTGOMERY,KY0646,,WILLOUGHBY TOWN,RD,,KY0213,KY213,,,,,37.94381313,-83.86424983,0.005,9/26/2025,0,1,1,0,0,CLEAR,DRY,TRUE,OTHER INTERSECTION COLLISIONS,SINGLE VEHICLE,CURVE & LEVEL,DARK-HWY NOT LIGHTED,,,45943.70342,FALSE,282,Accepted,5,5,O,,ALCOHOL INVOLVEMENT,
35395135,0870000,MONTGOMERY CTY SHERIFF DEPT,Accepted,MONTGOMERY,KY0646,460,NEST EGG,RD,,,,,,,,37.96719607,-83.94582586,5.085,9/28/2025,1409,2,2,0,0,CLEAR,FLOODED,FALSE,SIDESWIPE COLLISION - OPPOSITE DIRECTION,SIDESWIPE-OPPOSITE DIRECTION,CURVE & LEVEL,DAYLIGHT,,,45943.70355,FALSE,252,Accepted,5,5,O,,INATTENTION,
35401062,0870100,MT. STERLING POLICE DEPARTMENT,Accepted,MONTGOMERY,,,EVANS,AVE,,,,,,,,38.07544243,-83.95146247,0.166,10/11/2025,1142,2,2,0,0,CLEAR,DRY,FALSE,1 VEHICLE ENTERING/LEAVING ENTRANCE,ANGLE,STRAIGHT & LEVEL,DAYLIGHT,,,45944.87221,FALSE,139,Accepted,5,5,O,,INATTENTION,
35401066,0870100,MT. STERLING POLICE DEPARTMENT,Accepted,MONTGOMERY,,,SPRING,ST,,,,,,,,38.05146587,-83.9559896,0.03,10/8/2025,1650,2,2,0,0,CLEAR,DRY,FALSE,SIDESWIPE COLLISION - SAME DIRECTION,SIDESWIPE-SAME DIRECTION,STRAIGHT & LEVEL,DAYLIGHT,,,45944.8723,FALSE,163,Accepted,5,5,O,,IMPROPER PASSING,
35401069,0870100,MT. STERLING POLICE DEPARTMENT,Accepted,MONTGOMERY,,,WINGTIP,WAY,,,,,,,,38.07593715,-83.94849069,0.125,10/14/2025,1240,2,2,0,0,CLEAR,DRY,FALSE,VEHICLE BACKING NON INTERSECTION,BACKING,STRAIGHT & LEVEL,DAYLIGHT,,,45944.87242,FALSE,157,Accepted,5,5,O,,INATTENTION,MIRRORS
35413323,0870000,MONTGOMERY CTY SHERIFF DEPT,Accepted,MONTGOMERY,US0060,,OWINGSVILLE,RD,,,,,,,,38.08387598,-83.90057447,8.327,9/20/2025,1023,2,2,0,3,CLEAR,DRY,FALSE,HEAD-ON COLLISION,HEAD ON,STRAIGHT & LEVEL,DAYLIGHT,,,45947.50201,FALSE,249,Accepted,5,2,A,,"DRUG INVOLVEMENT, NOT UNDER PROPER CONTROL",
35413324,0870000,MONTGOMERY CTY SHERIFF DEPT,Accepted,MONTGOMERY,KY1991,,HINKSTON,PIKE,,,,,,,,38.10496504,-83.91959264,3.511,9/27/2025,2318,1,1,0,1,CLEAR,DRY,FALSE,COLLISION WITH FIXED OBJECT NON - INTERSECTION - FIRST EVENT COLLISION 09 - 32 EXCLUDING 16,SINGLE VEHICLE,CURVE & GRADE,DARK-HWY NOT LIGHTED,,,45947.50205,FALSE,248,Accepted,5,4,C,,NOT UNDER PROPER CONTROL,BRAKES DEFECTIVE
35413326,0870000,MONTGOMERY CTY SHERIFF DEPT,Accepted,MONTGOMERY,,2,DOUGLAS,ST,,,,,,,,38.06078793,-83.93007413,0.006,9/29/2025,1735,2,2,0,0,CLEAR,DRY,FALSE,1 VEHICLE PARKED POSITION (NOT PARKING LOT/DRIVEWAY),BACKING,STRAIGHT & LEVEL,DAYLIGHT,,,45947.50212,FALSE,252,Accepted,5,5,O,,ALCOHOL INVOLVEMENT,
35413327,0870000,MONTGOMERY CTY SHERIFF DEPT,Accepted,MONTGOMERY,US0060,3060,OWINGSVILLE,RD,,,,,,,,38.08572736,-83.8989611,8.531,10/1/2025,2358,2,2,0,0,CLEAR,DRY,FALSE,1 VEHICLE PARKED POSITION (NOT PARKING LOT/DRIVEWAY),REAR END,STRAIGHT & LEVEL,OTHER,,,45947.50215,FALSE,298,Accepted,5,5,O,,"IMPROPER BACKING, INATTENTION, MISJUDGE CLEARANCE",
35413329,0870000,MONTGOMERY CTY SHERIFF DEPT,Accepted,MONTGOMERY,KY0011,4670,LEVEE,RD,,,,,,,,37.97718359,-83.93829132,4.571,9/29/2025,1557,1,1,0,0,CLEAR,DRY,TRUE,COLLISION WITH FIXED OBJECT NON - INTERSECTION - FIRST EVENT COLLISION 09 - 32 EXCLUDING 16,SINGLE VEHICLE,STRAIGHT & LEVEL,DAYLIGHT,,,45947.5022,FALSE,227,Accepted,5,5,O,,,
35413332,0870000,MONTGOMERY CTY SHERIFF DEPT,Accepted,MONTGOMERY,KY0599,,KY599,,,US0460,MAIN,,,,,37.97230217,-83.83852047,6.023,10/3/2025,739,2,2,0,0,CLEAR,DRY,TRUE,SIDESWIPE-SAME DIRECTION,SIDESWIPE-SAME DIRECTION,STRAIGHT & LEVEL,DAYLIGHT,,,45947.50229,FALSE,282,Accepted,5,5,O,,,
35413337,0870000,MONTGOMERY CTY SHERIFF DEPT,Accepted,MONTGOMERY,,6616,CAMARGO LEVEE,RD,,,,,,,,37.96776584,-83.88645258,1.512,9/25/2025,1606,1,1,0,0,CLEAR,DRY,FALSE,COLLISION WITH FIXED OBJECT NON - INTERSECTION - FIRST EVENT COLLISION 09 - 32 EXCLUDING 16,SINGLE VEHICLE,CURVE & LEVEL,DAYLIGHT,,,45947.50241,FALSE,238,Accepted,5,5,O,OTHER,,
35413340,0870000,MONTGOMERY CTY SHERIFF DEPT,Accepted,MONTGOMERY,,1311,OLD OWINGSVILLE,RD,,,,,,,,38.06787275,-83.92474461,1.625,10/6/2025,1427,2,2,0,0,CLOUDY,DRY,FALSE,VEHICLE BACKING NON INTERSECTION,BACKING,STRAIGHT & HILLCREST,DAYLIGHT,,,45947.50247,FALSE,252,Accepted,5,5,O,,IMPROPER BACKING,
35413343,0870000,MONTGOMERY CTY SHERIFF DEPT,Accepted,MONTGOMERY,US0460,4683,CAMARGO,RD,,,,,,,,37.98918324,-83.87796543,15.654,10/4/2025,1421,2,2,0,0,CLEAR,DRY,FALSE,REAR END IN TRAFFIC LANES BOTH VEHICLES MOVING,REAR END,CURVE & GRADE,DAYLIGHT,,,45947.50255,FALSE,227,Accepted,5,5,O,,NOT UNDER PROPER CONTROL,
35413345,0870000,MONTGOMERY CTY SHERIFF DEPT,Accepted,MONTGOMERY,,,STEPSTONE,RD,,,,,,,,38.08462499,-83.88961794,0.414,10/9/2025,818,2,2,0,0,CLEAR,DRY,TRUE,SIDESWIPE COLLISION - OPPOSITE DIRECTION,SIDESWIPE-OPPOSITE DIRECTION,STRAIGHT & HILLCREST,DAYLIGHT,,,45947.50261,FALSE,227,Accepted,5,5,O,,"MISJUDGE CLEARANCE, NOT UNDER PROPER CONTROL",
35413346,0870000,MONTGOMERY CTY SHERIFF DEPT,Accepted,MONTGOMERY,KY0011,,LEVEE,RD,,,,,,,,37.96202997,-83.93897352,3.428,10/9/2025,1144,2,2,0,0,CLEAR,DRY,TRUE,SIDESWIPE COLLISION - OPPOSITE DIRECTION,SIDESWIPE-OPPOSITE DIRECTION,STRAIGHT & LEVEL,DAYLIGHT,,,45947.50263,FALSE,227,Accepted,5,5,O,,"MISJUDGE CLEARANCE, NOT UNDER PROPER CONTROL",
35413347,0870000,MONTGOMERY CTY SHERIFF DEPT,Accepted,MONTGOMERY,KY0713,,SPENCER,PIKE,,,,,TAPP,,BEDFORD JOHNSON,38.02593301,-83.8083074,14.7,10/10/2025,745,1,1,0,0,CLOUDY,DRY,FALSE,COLLISION WITH ANIMAL NON INTERSECTION,SINGLE VEHICLE,CURVE & LEVEL,DAWN,,,45947.50267,FALSE,252,Accepted,5,5,O,ANIMALS ACTION,,
35413348,0870000,MONTGOMERY CTY SHERIFF DEPT,Accepted,MONTGOMERY,US0460,,CAMARGO,RD,,,,,,,,38.0011891,-83.89921478,14.175,10/2/2025,1738,3,3,0,0,CLEAR,DRY,FALSE,REAR END IN TRAFFIC LANES BOTH VEHICLES MOVING,REAR END,STRAIGHT & LEVEL,DAYLIGHT,,,45947.50274,FALSE,298,Accepted,5,5,O,,"NOT UNDER PROPER CONTROL, EMOTIONAL",
35413349,0870000,MONTGOMERY CTY SHERIFF DEPT,Accepted,MONTGOMERY,US0460,,MAYSVILLE,ST,N,KY0686,INDIAN MOUND,,,,,38.07393721,-83.94845355,8.287,10/7/2025,2136,2,2,0,0,CLEAR,WET,FALSE,REAR END - ONE VEHICLE TURNING RIGHT,REAR END,STRAIGHT & LEVEL,DARK-HWY LIGHTED/ON,,,45947.5028,FALSE,298,Accepted,5,5,O,,NOT UNDER PROPER CONTROL,
35413350,0870000,MONTGOMERY CTY SHERIFF DEPT,Accepted,MONTGOMERY,,1575,FOGG,PIKE,,,HELENA,,,,,38.03563642,-83.97082924,1.426,10/11/2025,23,1,1,0,0,CLEAR,DRY,FALSE,COLLISION WITH ANIMAL IN INTERSECTION,SINGLE VEHICLE,CURVE & HILLCREST,DARK-HWY LIGHTED/ON,,,45947.50283,FALSE,298,Accepted,5,5,O,ANIMALS ACTION,,
35413383,0870000,MONTGOMERY CTY SHERIFF DEPT,Accepted,MONTGOMERY,US0060,,WINCHESTER,RD,,,,,,,,38.05217198,-83.97138062,3.49,10/8/2025,1828,3,3,0,0,CLEAR,DRY,FALSE,OTHER ROADWAY OR MID-BLOCK COLLISION,REAR END,STRAIGHT & LEVEL,DAYLIGHT,,,45947.51915,FALSE,255,Accepted,5,5,O,GLARE (SUN),,
35413386,0870000,MONTGOMERY CTY SHERIFF DEPT,Accepted,MONTGOMERY,,2716,NEW CUT,RD,,,,,,,,37.99069048,-83.80825682,2.714,10/11/2025,1835,2,2,0,0,CLEAR,DRY,FALSE,SIDESWIPE COLLISION - SAME DIRECTION,SIDESWIPE-SAME DIRECTION,STRAIGHT & LEVEL,DAYLIGHT,,,45947.51921,FALSE,298,Accepted,5,5,O,SHOULDERS DEFECTIVE/DROP-OFF,,
35413390,0870000,MONTGOMERY CTY SHERIFF DEPT,Accepted,MONTGOMERY,US0460,,MAIN,ST,,,,,,,,37.9623783,-83.79964133,20.401,10/6/2025,1228,2,2,0,0,CLEAR,DRY,FALSE,1 VEHICLE ENTERING/LEAVING ENTRANCE,ANGLE,STRAIGHT & LEVEL,DAYLIGHT,,,45947.51928,FALSE,257,Accepted,5,5,O,,INATTENTION,
35413392,0870000,MONTGOMERY CTY SHERIFF DEPT,Accepted,MONTGOMERY,KY0599,,KY599,,,,,,,,,37.91956302,-83.81343126,1.227,10/15/2025,1800,1,1,0,1,CLEAR,DRY,FALSE,COLLISION WITH FIXED OBJECT NON - INTERSECTION - FIRST EVENT COLLISION 09 - 32 EXCLUDING 16,SINGLE VEHICLE,CURVE & HILLCREST,DUSK,,,45947.51932,FALSE,227,Accepted,4,4,C,,"CELL PHONE, DISTRACTION, NOT UNDER PROPER CONTROL",
35425729,0870100,MT. STERLING POLICE DEPARTMENT,Accepted,MONTGOMERY,US0460,,MAYSVILLE,ST,N,KY1991,HINKSTON,,,,,38.06535553,-83.94520591,8.923,10/17/2025,900,2,2,0,0,CLEAR,DRY,FALSE,ANGLE COLLISION - OTHER,ANGLE,STRAIGHT & LEVEL,DAYLIGHT,,,45950.81046,FALSE,157,Accepted,5,5,O,,FAILED TO YIELD RIGHT OF WAY,
35433061,0870200,MONTGOMERY CO SCHOOL DIST PD,Accepted,MONTGOMERY,,,NORTHVIEW,DR,,,,,,,,38.0759404,-83.94930393,0.01,9/11/2025,1500,2,2,0,0,CLEAR,DRY,FALSE,OTHER ROADWAY OR MID-BLOCK COLLISION,REAR END,STRAIGHT & HILLCREST,DAYLIGHT,,,45952.50343,FALSE,707,Accepted,5,5,O,,INATTENTION,
35435236,0870100,MT. STERLING POLICE DEPARTMENT,Accepted,MONTGOMERY,KY0686,,INDIAN MOUND,DR,,US0060,WINCHESTER,,,,,38.05383928,-83.95650015,1.644,10/22/2025,1115,2,2,0,0,CLEAR,DRY,FALSE,ANGLE COLLISION - ONE VEHICLE TURNING LEFT,ANGLE,STRAIGHT & LEVEL,DAYLIGHT,,,45952.80654,FALSE,157,Accepted,5,5,O,,DISREGARD TRAFFIC CONTROL,
35450687,0870100,MT. STERLING POLICE DEPARTMENT,Accepted,MONTGOMERY,KY0686,520,INDIAN MOUND,DR,,,,,,,,38.06770898,-83.95516062,0.692,10/16/2025,1228,2,2,0,0,CLEAR,DRY,FALSE,OTHER ROADWAY OR MID-BLOCK COLLISION,OPPOSING LEFT TURN,STRAIGHT & LEVEL,DAYLIGHT,,,45956.91096,FALSE,162,Accepted,5,5,O,,"INATTENTION, TURNING IMPROPERLY",
35463671,0870100,MT. STERLING POLICE DEPARTMENT,Accepted,MONTGOMERY,KY0686,,INDIAN MOUND,DR,,US0060,WINCHESTER,,,,,38.05385891,-83.95645749,1.653,10/27/2025,614,2,2,0,1,CLOUDY,DRY,FALSE,ANGLE COLLISION - ONE VEHICLE TURNING LEFT,ANGLE,STRAIGHT & LEVEL,DARK-HWY LIGHTED/ON,,,45959.67767,FALSE,128,Accepted,5,4,C,,DISREGARD TRAFFIC CONTROL,
35463674,0870100,MT. STERLING POLICE DEPARTMENT,Accepted,MONTGOMERY,KY0686,,INDIAN MOUND,DR,,,REESE,,,,,38.06732236,-83.95519263,0.72,10/28/2025,1025,2,2,0,0,CLOUDY,DRY,FALSE,ANGLE COLLISION - OTHER,ANGLE,STRAIGHT & LEVEL,DAYLIGHT,,,45959.67771,FALSE,128,Accepted,5,5,O,,INATTENTION,
35463677,0870100,MT. STERLING POLICE DEPARTMENT,Accepted,MONTGOMERY,US0460,,MAYSVILLE,ST,N,,EVANS,,,,,38.07557677,-83.94868963,8.196,10/28/2025,1117,3,3,0,0,CLOUDY,DRY,FALSE,OTHER INTERSECTION COLLISIONS,REAR END,STRAIGHT & LEVEL,DAYLIGHT,,,45959.67774,FALSE,128,Accepted,5,5,O,,OTHER,BRAKES DEFECTIVE
35467820,0870100,MT. STERLING POLICE DEPARTMENT,Accepted,MONTGOMERY,KY0713,,QUEEN,ST,S,,,,,,,38.05599889,-83.93872967,6.456,10/19/2025,1246,2,2,0,0,RAINING,WET,FALSE,1 VEHICLE PARKED POSITION (NOT PARKING LOT/DRIVEWAY),SIDESWIPE-SAME DIRECTION,STRAIGHT & LEVEL,DAYLIGHT,,,45960.68525,FALSE,160,Accepted,5,5,O,,MISJUDGE CLEARANCE,
35471278,0870000,MONTGOMERY CTY SHERIFF DEPT,Accepted,MONTGOMERY,,,OLD OWINGSVILLE,RD,,KY0686,INDIAN MOUND,,,,,38.07154395,-83.91674214,1.09,10/18/2025,1134,2,2,0,0,CLEAR,DRY,FALSE,ANGLE COLLISION - OTHER,ANGLE,STRAIGHT & LEVEL,DAYLIGHT,,,45961.50162,FALSE,282,Accepted,5,5,O,,INATTENTION,
35471279,0870000,MONTGOMERY CTY SHERIFF DEPT,Accepted,MONTGOMERY,US0460,,CAMARGO,RD,,KY0646,WHITAKER,,,,,38.02243355,-83.91641578,12.431,9/18/2025,1033,2,2,0,0,CLEAR,DRY,FALSE,OTHER INTERSECTION COLLISIONS,REAR END,STRAIGHT & HILLCREST,DAYLIGHT,,,45961.50166,FALSE,227,Accepted,5,5,O,,NOT UNDER PROPER CONTROL,