IncidentID,AgencyORI,AgencyName,IncidentStatusDesc,County,RdwyNumber,Street,RoadwayName,StreetSfx,StreetDir,IntersectionRdwy,IntersectionRdwyName,BetweenStRdwy1,BetweenStRdwyName1,BetweenStRdwy2,BetweenStRdwyName2,Latitude,Longitude,Milepoint,CollisionDate,CollisionTime,UnitsInvolved,MotorVehiclesInvolved,NumberKilled,NumberInjured,Weather,RdwyConditionCode,HitandRun,DirAnalysisCode,MannerofCollision,RdwyCharacter,LightCondition,RampFromRdwyId,RampToRdwyId,AcceptedDate,IsSecondaryCollision,OwnerBadge,IncidentStatus,InjurySeverityCde,KABCO Code,KABCO,Environmental_Factors,Human_Factors,Vehicular_Factors
35471284,0870000,MONTGOMERY CTY SHERIFF DEPT,Accepted,MONTGOMERY,,,BARNES,RD,,,,,,,,37.94998472,-83.95697881,0.124,10/20/2025,940,2,2,0,0,CLEAR,DRY,FALSE,1 VEHICLE PARKED POSITION (NOT PARKING LOT/DRIVEWAY),HEAD ON,CURVE & LEVEL,DAYLIGHT,,,45961.5018,FALSE,282,Accepted,5,5,O,GLARE (SUN),,
35471285,0870000,MONTGOMERY CTY SHERIFF DEPT,Accepted,MONTGOMERY,US0460,,MAIN,ST,,KY0213,BEDFORD,,,,,37.97730933,-83.85371178,17.279,10/20/2025,1339,2,2,0,0,CLEAR,DRY,FALSE,ANGLE COLLISION - OTHER,ANGLE,STRAIGHT & LEVEL,DAYLIGHT,,,45961.50183,FALSE,282,Accepted,5,5,O,,,
35471295,0870000,MONTGOMERY CTY SHERIFF DEPT,Accepted,MONTGOMERY,US0460,,PARIS,RD,,,,,,,,38.12375449,-84.06728614,0.143,10/14/2025,1858,1,1,0,0,CLEAR,DRY,FALSE,COLLISION WITH ANIMAL NON INTERSECTION,SINGLE VEHICLE,STRAIGHT & LEVEL,DUSK,,,45961.50221,FALSE,255,Accepted,5,5,O,ANIMALS ACTION,,
35473695,0870100,MT. STERLING POLICE DEPARTMENT,Accepted,MONTGOMERY,KY0686,499,INDIAN MOUND,DR,,,COMMONWEALTH,,,,,38.06739297,-83.95554883,0.713,10/29/2025,1808,2,2,0,2,RAINING,WET,FALSE,ANGLE COLLISION - OTHER,ANGLE,STRAIGHT & LEVEL,DAYLIGHT,,,45962.02506,FALSE,163,Accepted,3,3,B,"VIEW OBSTRUCTED, LIMITED DUE TO WEATHER CONDITIONS",MISJUDGE CLEARANCE,
35481970,0870000,MONTGOMERY CTY SHERIFF DEPT,Accepted,MONTGOMERY,KY0713,,SPENCER,PIKE,,,,,,,,38.05387268,-83.91575583,7.885,10/23/2025,1912,1,1,0,0,CLEAR,DRY,FALSE,COLLISION WITH ANIMAL NON INTERSECTION,SINGLE VEHICLE,STRAIGHT & LEVEL,DARK-HWY NOT LIGHTED,,,45964.54035,FALSE,248,Accepted,5,5,O,ANIMALS ACTION,,
35481971,0870000,MONTGOMERY CTY SHERIFF DEPT,Accepted,MONTGOMERY,US0460,,MAIN,ST,,,ROCKY BRANCH,,,,,37.9630233,-83.80079654,20.306,10/24/2025,1937,1,1,0,2,CLEAR,DRY,FALSE,OTHER INTERSECTION COLLISIONS,SINGLE VEHICLE,STRAIGHT & LEVEL,DARK-HWY LIGHTED/ON,,,45964.54039,FALSE,298,Accepted,3,3,B,,,
35481973,0870000,MONTGOMERY CTY SHERIFF DEPT,Accepted,MONTGOMERY,,,FOGG PIKE CONN,,,KY0686,INDIAN MOUND,,,,,38.04189446,-83.95074597,0.007,10/24/2025,1719,2,1,0,1,CLEAR,DRY,FALSE,COLLISION WITH PEDESTRIAN IN INTERSECTION,SINGLE VEHICLE,STRAIGHT & LEVEL,DAYLIGHT,,,45964.54045,FALSE,298,Accepted,5,3,B,,"INATTENTION, MISJUDGE CLEARANCE, NOT UNDER PROPER CONTROL",
35485144,0870100,MT. STERLING POLICE DEPARTMENT,Accepted,MONTGOMERY,,,CULPEPPER,DR,,,,,,,,38.07072312,-83.94688475,0.006,10/27/2025,1904,2,2,0,0,RAINING,WET,FALSE,1 VEHICLE ENTERING/LEAVING ENTRANCE,ANGLE,STRAIGHT & LEVEL,DARK-HWY LIGHTED/ON,,,45965.11328,FALSE,160,Accepted,5,5,O,,TURNING IMPROPERLY,
35485145,0870100,MT. STERLING POLICE DEPARTMENT,Accepted,MONTGOMERY,US0460,,MAYSVILLE,RD,,,,,,,,38.07717646,-83.94940369,8.065,10/27/2025,1546,2,2,0,0,RAINING,WET,FALSE,OTHER ROADWAY OR MID-BLOCK COLLISION,REAR END,STRAIGHT & LEVEL,DAYLIGHT,,,45965.11336,FALSE,160,Accepted,5,5,O,,INATTENTION,
35485147,0870100,MT. STERLING POLICE DEPARTMENT,Accepted,MONTGOMERY,KY0686,,INDIAN MOUND,DR,,,,,,,,38.07407565,-83.94817139,0.008,10/29/2025,2125,2,2,0,1,RAINING,WET,FALSE,OTHER ROADWAY OR MID-BLOCK COLLISION,OPPOSING LEFT TURN,STRAIGHT & LEVEL,DARK-HWY LIGHTED/ON,,,45965.11344,TRUE,159,Accepted,5,3,B,SLIPPERY SURFACE,FAILED TO YIELD RIGHT OF WAY,
35512468,0870100,MT. STERLING POLICE DEPARTMENT,Accepted,MONTGOMERY,,126,MADISON,SPGS,,,,,,,,38.04933879,-83.95382702,0.143,11/2/2025,936,2,2,0,0,CLOUDY,WET,FALSE,VEHICLE BACKING NON INTERSECTION,BACKING,STRAIGHT & GRADE,DAYLIGHT,,,45971.65863,FALSE,128,Accepted,5,5,O,,OTHER,
35515137,0870000,MONTGOMERY CTY SHERIFF DEPT,Accepted,MONTGOMERY,,312,MARY BRANCH,DR,,,,,,,,38.07423723,-83.89901785,0.059,10/22/2025,1140,2,2,0,0,CLEAR,DRY,FALSE,1 VEHICLE PARKED POSITION (NOT PARKING LOT/DRIVEWAY),BACKING,STRAIGHT & GRADE,DAYLIGHT,,,45972.44008,FALSE,238,Accepted,5,5,O,,MISJUDGE CLEARANCE,
35515141,0870000,MONTGOMERY CTY SHERIFF DEPT,Accepted,MONTGOMERY,,,OLD OWINGSVILLE,RD,,,,,,,,38.07760915,-83.90591711,0.358,10/17/2025,2042,1,1,0,0,CLEAR,DRY,FALSE,COLLISION WITH FIXED OBJECT NON - INTERSECTION - FIRST EVENT COLLISION 09 - 32 EXCLUDING 16,SINGLE VEHICLE,STRAIGHT & LEVEL,DARK-HWY NOT LIGHTED,,,45972.44018,FALSE,248,Accepted,5,5,O,,ALCOHOL INVOLVEMENT,
35515143,0870000,MONTGOMERY CTY SHERIFF DEPT,Accepted,MONTGOMERY,US0060,,OWINGSVILLE,RD,,,COMMERCE,,,,,38.07715711,-83.91313362,7.515,10/26/2025,1011,1,1,0,1,CLEAR,DRY,FALSE,COLLISION WITH FIXED OBJECT IN INTERSECTION - FIRST EVENT COLLISION 09 - 32,SINGLE VEHICLE,STRAIGHT & LEVEL,DAYLIGHT,,,45972.44024,FALSE,252,Accepted,5,4,C,,"MEDICATION, SICK",
35515145,0870000,MONTGOMERY CTY SHERIFF DEPT,Accepted,MONTGOMERY,US0460,,PARIS,RD,,,,,,,,38.12355199,-84.06608769,0.211,10/26/2025,108,1,1,0,0,CLEAR,DRY,FALSE,COLLISION WITH ANIMAL NON INTERSECTION,SINGLE VEHICLE,STRAIGHT & LEVEL,DARK-HWY NOT LIGHTED,,,45972.4403,FALSE,284,Accepted,5,5,O,,,
35515146,0870000,MONTGOMERY CTY SHERIFF DEPT,Accepted,MONTGOMERY,KY1991,,HINKSTON,PIKE,,,TWIN OAKS,,,,,38.09882824,-83.92019745,2.98,10/29/2025,1608,1,1,0,0,RAINING,WATER (STANDING OR MOVING),FALSE,COLLISION WITH FIXED OBJECT IN INTERSECTION - FIRST EVENT COLLISION 09 - 32,SINGLE VEHICLE,CURVE & HILLCREST,DAYLIGHT,,,45972.44033,FALSE,252,Accepted,5,5,O,SLIPPERY SURFACE,INATTENTION,
35515147,0870000,MONTGOMERY CTY SHERIFF DEPT,Accepted,MONTGOMERY,KY1050,5360,KY1050,,,,,,,,,37.92485572,-83.77531437,1.843,10/28/2025,622,1,1,0,0,FOG WITH RAIN,WET,FALSE,COLLISION WITH ANIMAL NON INTERSECTION,SINGLE VEHICLE,STRAIGHT & HILLCREST,DARK-HWY NOT LIGHTED,,,45972.44036,FALSE,227,Accepted,5,5,O,ANIMALS ACTION,,
35515148,0870000,MONTGOMERY CTY SHERIFF DEPT,Accepted,MONTGOMERY,KY0011,3685,MAYSVILLE,RD,,,,,,,,38.11094566,-83.95583959,11.512,10/30/2025,701,1,1,0,0,RAINING,WET,FALSE,COLLISION WITH ANIMAL NON INTERSECTION,SINGLE VEHICLE,STRAIGHT & LEVEL,DARK-HWY LIGHTED/OFF,,,45972.44039,FALSE,252,Accepted,5,5,O,ANIMALS ACTION,,
35515149,0870000,MONTGOMERY CTY SHERIFF DEPT,Accepted,MONTGOMERY,KY0713,,GRASSY LICK,RD,,,,,,,,38.06593901,-83.9747027,4.599,10/30/2025,733,2,2,0,0,CLOUDY,WET,TRUE,1 VEHICLE ENTERING/LEAVING ENTRANCE,ANGLE,CURVE & HILLCREST,DAWN,,,45972.44042,FALSE,282,Accepted,5,5,O,,,
35515150,0870000,MONTGOMERY CTY SHERIFF DEPT,Accepted,MONTGOMERY,KY0646,,KIDDVILLE,RD,,,,,,,,37.99114314,-83.97590244,9.667,10/28/2025,1100,2,2,0,0,CLOUDY,WET,FALSE,SIDESWIPE COLLISION - OPPOSITE DIRECTION,SIDESWIPE-OPPOSITE DIRECTION,CURVE & LEVEL,DAYLIGHT,,,45972.44045,FALSE,238,Accepted,5,5,O,,MISJUDGE CLEARANCE,
35515152,0870000,MONTGOMERY CTY SHERIFF DEPT,Accepted,MONTGOMERY,,1880,WELCH,RD,,,,,,,,37.96923149,-83.85914285,0.088,11/2/2025,1124,1,1,0,0,CLOUDY,WET,FALSE,RAN OFF ROADWAY (1 VEHICLE WITH/EARTH EMBANKMENT/DITCH),SINGLE VEHICLE,CURVE & LEVEL,DAYLIGHT,,,45972.4405,FALSE,238,Accepted,5,5,O,SLIPPERY SURFACE,"OVERCORRECTING/OVERSTEERING, TOO FAST FOR CONDITIONS",
35515437,0870000,MONTGOMERY CTY SHERIFF DEPT,Accepted,MONTGOMERY,,,FOX,RD,,,,,,,,37.98022635,-83.91123218,1.098,10/30/2025,2350,1,1,0,0,CLEAR,WET,FALSE,OTHER COLLISIONS ON SHOULDER,SINGLE VEHICLE,CURVE & LEVEL,DARK-HWY LIGHTED/OFF,,,45972.50984,FALSE,298,Accepted,5,5,O,,,
35515438,0870000,MONTGOMERY CTY SHERIFF DEPT,Accepted,MONTGOMERY,US0460,7220,MAIN,ST,,,,,,,,37.97820974,-83.85647553,17.11,11/4/2025,738,3,3,0,2,CLEAR,DRY,FALSE,REAR END IN TRAFFIC LANES BOTH VEHICLES MOVING,REAR END,STRAIGHT & LEVEL,DAYLIGHT,,,45972.50988,TRUE,252,Accepted,4,4,C,,"FOLLOWING TOO CLOSE, INATTENTION",
35515439,0870000,MONTGOMERY CTY SHERIFF DEPT,Accepted,MONTGOMERY,KY0011,,LEVEE,RD,,KY0646,KIDDVILLE,,,,,38.01011767,-83.94909959,7.055,11/5/2025,1823,2,2,0,1,CLOUDY,DRY,FALSE,ANGLE COLLISION - OTHER,ANGLE,CURVE & LEVEL,DARK-HWY LIGHTED/OFF,,,45972.50993,FALSE,252,Accepted,5,3,B,,FAILED TO YIELD RIGHT OF WAY,
35515440,0870000,MONTGOMERY CTY SHERIFF DEPT,Accepted,MONTGOMERY,KY0213,,KY213,,,,,,,,,37.93439665,-83.86504967,2.2,11/6/2025,739,1,1,0,1,CLEAR,DRY,FALSE,OTHER COLLISIONS ON SHOULDER,SINGLE VEHICLE,STRAIGHT & HILLCREST,DAYLIGHT,,,45972.50996,FALSE,282,Accepted,5,4,C,,FATIGUE,
35515441,0870000,MONTGOMERY CTY SHERIFF DEPT,Accepted,MONTGOMERY,KY0011,,LEVEE,RD,,,,,,,,37.94293974,-83.92911449,1.962,11/6/2025,840,1,1,0,1,CLEAR,DRY,FALSE,COLLISION WITH ANIMAL NON INTERSECTION,SINGLE VEHICLE,STRAIGHT & LEVEL,DAYLIGHT,,,45972.50999,FALSE,282,Accepted,4,4,C,ANIMALS ACTION,,
35515443,0870000,MONTGOMERY CTY SHERIFF DEPT,Accepted,MONTGOMERY,KY0686,,INDIAN MOUND,DR,,,,,,,,38.06283842,-83.95533931,1.032,11/3/2025,1859,2,2,0,0,CLEAR,DRY,FALSE,REAR END IN TRAFFIC LANES BOTH VEHICLES MOVING,REAR END,STRAIGHT & LEVEL,DARK-HWY LIGHTED/ON,,,45972.51003,FALSE,284,Accepted,5,5,O,,INATTENTION,
35515444,0870000,MONTGOMERY CTY SHERIFF DEPT,Accepted,MONTGOMERY,,,FOGG,PIKE,,,HELENA,,,,,38.03572625,-83.97080954,1.414,11/7/2025,1705,2,2,0,0,RAINING,WET,FALSE,ANGLE COLLISION - OTHER,ANGLE,STRAIGHT & LEVEL,DAYLIGHT,,,45972.51006,FALSE,252,Accepted,5,5,O,,INATTENTION,
35515445,0870000,MONTGOMERY CTY SHERIFF DEPT,Accepted,MONTGOMERY,KY0011,,MAYSVILLE,RD,,,,,,,,38.15062976,-83.95493458,14.49,11/8/2025,906,1,1,0,0,CLEAR,DRY,FALSE,COLLISION WITH ANIMAL NON INTERSECTION,SINGLE VEHICLE,CURVE & HILLCREST,DAYLIGHT,,,45972.51009,FALSE,282,Accepted,5,5,O,ANIMALS ACTION,,
35515448,0870000,MONTGOMERY CTY SHERIFF DEPT,Accepted,MONTGOMERY,US0060,3060,OWINGSVILLE,RD,,,,,,,,38.08536179,-83.90002476,8.432,11/9/2025,1338,2,2,0,0,"SLEET, HAIL, FREEZING RAIN",WET,FALSE,1 VEHICLE PARKED POSITION (NOT PARKING LOT/DRIVEWAY),SIDESWIPE-SAME DIRECTION,STRAIGHT & LEVEL,DAYLIGHT,,,45972.51016,FALSE,282,Accepted,5,5,O,,MISJUDGE CLEARANCE,
35534202,0870100,MT. STERLING POLICE DEPARTMENT,Accepted,MONTGOMERY,US0460,,MAYSVILLE,ST,N,,EVANS,,,,,38.0755725,-83.94889101,8.193,11/7/2025,858,2,2,0,0,CLEAR,DRY,FALSE,OTHER INTERSECTION COLLISIONS,REAR END,STRAIGHT & LEVEL,DAYLIGHT,,,45976.69096,FALSE,128,Accepted,5,5,O,,INATTENTION,
35534212,0870100,MT. STERLING POLICE DEPARTMENT,Accepted,MONTGOMERY,US0460,,MAYSVILLE,ST,N,,,,,,,38.07421658,-83.94837146,8.289,11/13/2025,1847,2,2,0,0,CLEAR,DRY,FALSE,OTHER ROADWAY OR MID-BLOCK COLLISION,OPPOSING LEFT TURN,STRAIGHT & LEVEL,DARK-HWY LIGHTED/ON,,,45976.6912,FALSE,167,Accepted,5,5,O,,FAILED TO YIELD RIGHT OF WAY,
35536931,0870100,MT. STERLING POLICE DEPARTMENT,Accepted,MONTGOMERY,US0060,,MAIN,ST,W,,,,,,,38.0542829,-83.95412302,4.367,11/10/2025,1230,2,2,0,0,RAINING,WET,FALSE,REAR END IN TRAFFIC LANES BOTH VEHICLES MOVING,REAR END,STRAIGHT & LEVEL,DAYLIGHT,,,45977.65583,FALSE,157,Accepted,5,5,O,,INATTENTION,
35559133,0870000,MONTGOMERY CTY SHERIFF DEPT,Accepted,MONTGOMERY,,,COLLINS,AVE,,,,,,,,38.0529039,-83.96549785,0.015,11/12/2025,2043,1,1,0,0,CLEAR,DRY,FALSE,COLLISION WITH ANIMAL NON INTERSECTION,SINGLE VEHICLE,STRAIGHT & LEVEL,DARK-HWY LIGHTED/OFF,,,45982.41306,FALSE,284,Accepted,5,5,O,,,
35559134,0870000,MONTGOMERY CTY SHERIFF DEPT,Accepted,MONTGOMERY,,,ALEXA,DR,,,LORENE,,,,,38.06538333,-83.95373714,0.098,11/3/2025,1149,2,2,0,0,CLEAR,DRY,FALSE,OPPOSING LEFT TURN,OPPOSING LEFT TURN,CURVE & LEVEL,DAYLIGHT,,,45982.41311,FALSE,252,Accepted,5,5,O,GLARE (SUN),INATTENTION,
35559136,0870000,MONTGOMERY CTY SHERIFF DEPT,Accepted,MONTGOMERY,KY0646,,KIDDVILLE,RD,,,,,,,,37.99845466,-83.96769816,10.383,10/16/2025,1045,2,2,0,0,CLEAR,DRY,FALSE,SIDESWIPE COLLISION - OPPOSITE DIRECTION,SIDESWIPE-OPPOSITE DIRECTION,CURVE & LEVEL,DAYLIGHT,,,45982.4132,FALSE,257,Accepted,5,5,O,,,
35559138,0870000,MONTGOMERY CTY SHERIFF DEPT,Accepted,MONTGOMERY,KY0011,,LEVEE,RD,,,,,,,,37.92321163,-83.91264386,0.275,10/6/2025,1735,1,1,0,0,CLEAR,DRY,FALSE,COLLISION WITH FIXED OBJECT NON - INTERSECTION - FIRST EVENT COLLISION 09 - 32 EXCLUDING 16,SINGLE VEHICLE,STRAIGHT & LEVEL,DAYLIGHT,,,45982.4133,FALSE,257,Accepted,5,5,O,,OVERCORRECTING/OVERSTEERING,
35559139,0870000,MONTGOMERY CTY SHERIFF DEPT,Accepted,MONTGOMERY,KY1331,,HOWARDS MILL,RD,,,,,,,,38.06465737,-83.84767227,3.47,11/10/2025,1640,1,1,0,0,CLOUDY,ICE,FALSE,OTHER ROADWAY OR MID-BLOCK COLLISION,SINGLE VEHICLE,CURVE & LEVEL,DUSK,,,45982.41334,FALSE,227,Accepted,5,5,O,SLIPPERY SURFACE,"NOT UNDER PROPER CONTROL, TOO FAST FOR CONDITIONS",
35560125,0870100,MT. STERLING POLICE DEPARTMENT,Accepted,MONTGOMERY,KY0686,,INDIAN MOUND,DR,,,,,,,,38.05159839,-83.95663246,1.81,11/20/2025,840,2,2,0,0,RAINING,WET,FALSE,REAR END IN TRAFFIC LANES BOTH VEHICLES MOVING,REAR END,STRAIGHT & LEVEL,DAYLIGHT,,,45982.64343,FALSE,139,Accepted,5,5,O,,INATTENTION,
35560127,0870100,MT. STERLING POLICE DEPARTMENT,Accepted,MONTGOMERY,,4,SYCAMORE,ST,N,,,,,,,38.05632974,-83.94520464,0.486,11/20/2025,1238,3,3,0,0,CLOUDY,DRY,FALSE,1 VEHICLE PARKED POSITION (NOT PARKING LOT/DRIVEWAY),REAR END,STRAIGHT & LEVEL,DAYLIGHT,,,45982.64349,FALSE,167,Accepted,5,5,O,,NOT UNDER PROPER CONTROL,
35563798,0870100,MT. STERLING POLICE DEPARTMENT,Accepted,MONTGOMERY,KY0686,,INDIAN MOUND,DR,,,,,,,,38.05971971,-83.95560578,1.256,11/21/2025,1625,2,2,0,0,RAINING,WET,FALSE,REAR END IN TRAFFIC LANES BOTH VEHICLES MOVING,REAR END,STRAIGHT & LEVEL,DAYLIGHT,,,45983.69956,FALSE,159,Accepted,5,5,O,SLIPPERY SURFACE,INATTENTION,
35563800,0870100,MT. STERLING POLICE DEPARTMENT,Accepted,MONTGOMERY,,,WHITLEDGE,HTS,,,,,,,,38.04633212,-83.95007488,0.047,11/17/2025,1631,2,2,0,0,CLEAR,DRY,FALSE,1 VEHICLE PARKED POSITION (NOT PARKING LOT/DRIVEWAY),BACKING,STRAIGHT & GRADE,DAYLIGHT,,,45983.69963,FALSE,152,Accepted,5,5,O,,MISJUDGE CLEARANCE,
35571179,0870200,MONTGOMERY CO SCHOOL DIST PD,Accepted,MONTGOMERY,,,MCCORMICK,RD,,,,,,,,37.99519284,-83.88743748,0.075,10/31/2024,725,2,2,0,1,CLOUDY,DRY,TRUE,SIDESWIPE COLLISION - OPPOSITE DIRECTION,SIDESWIPE-OPPOSITE DIRECTION,STRAIGHT & LEVEL,DARK-HWY LIGHTED/ON,,,45985.62173,FALSE,790,Accepted,3,3,B,,INATTENTION,
35579724,0870000,MONTGOMERY CTY SHERIFF DEPT,Accepted,MONTGOMERY,US0060,,OWINGSVILLE,RD,,,,,,,,38.06302035,-83.93080829,5.952,11/15/2025,1629,2,2,0,0,CLEAR,DRY,FALSE,1 VEHICLE PARKED POSITION (NOT PARKING LOT/DRIVEWAY),SIDESWIPE-OPPOSITE DIRECTION,STRAIGHT & LEVEL,DAYLIGHT,,,45987.52465,FALSE,238,Accepted,5,5,O,,LOST CONSCIOUSNESS/FAINTED,
35579725,0870000,MONTGOMERY CTY SHERIFF DEPT,Accepted,MONTGOMERY,XX0011,4062,MAYSVILLE,RD,,,,,,,,38.12804159,-83.95983495,2.313,10/13/2025,2226,2,2,0,0,CLEAR,DRY,FALSE,REAR END IN TRAFFIC LANES BOTH VEHICLES MOVING,REAR END,STRAIGHT & LEVEL,DARK-HWY LIGHTED/OFF,,,45987.5247,FALSE,298,Accepted,5,5,O,,NOT UNDER PROPER CONTROL,
35579727,0870000,MONTGOMERY CTY SHERIFF DEPT,Accepted,MONTGOMERY,US0460,,MAIN,ST,,,SCIENCE RIDGE,,,,,37.96783898,-83.82125658,19.097,11/18/2025,750,2,2,0,0,RAINING,WET,FALSE,OTHER INTERSECTION COLLISIONS,REAR END,STRAIGHT & HILLCREST,DAYLIGHT,,,45987.52478,FALSE,252,Accepted,5,5,O,SLIPPERY SURFACE,FOLLOWING TOO CLOSE,
35579728,0870000,MONTGOMERY CTY SHERIFF DEPT,Accepted,MONTGOMERY,US0060,,WINCHESTER,RD,,,,,,,,38.0531713,-83.96306923,3.894,11/14/2025,1741,2,2,0,0,CLEAR,DRY,FALSE,REAR END IN TRAFFIC LANES BOTH VEHICLES MOVING,REAR END,STRAIGHT & HILLCREST,DARK-HWY NOT LIGHTED,,,45987.52482,FALSE,227,Accepted,5,5,O,,NOT UNDER PROPER CONTROL,
35579732,0870000,MONTGOMERY CTY SHERIFF DEPT,Accepted,MONTGOMERY,,,FOGG,PIKE,,,TIMS,,,,,38.04058278,-83.96422335,0.917,11/20/2025,821,2,2,0,1,CLOUDY,WET,FALSE,OPPOSING LEFT TURN,OPPOSING LEFT TURN,STRAIGHT & LEVEL,DAYLIGHT,,,45987.52498,FALSE,252,Accepted,5,4,C,SLIPPERY SURFACE,,
35579733,0870000,MONTGOMERY CTY SHERIFF DEPT,Accepted,MONTGOMERY,US0060,1560,OWINGSVILLE,RD,,,,,,,,38.06789395,-83.93098306,6.311,11/19/2025,239,1,1,0,1,CLEAR,WET,FALSE,OTHER ROADWAY OR MID-BLOCK COLLISION,SINGLE VEHICLE,STRAIGHT & LEVEL,DARK-HWY LIGHTED/ON,,,45987.52505,FALSE,298,Accepted,3,3,B,,NOT UNDER PROPER CONTROL,TIRES
35583960,0870100,MT. STERLING POLICE DEPARTMENT,Accepted,MONTGOMERY,KY0686,,INDIAN MOUND,DR,,US0060,WINCHESTER,,,,,38.05460294,-83.95623888,1.603,11/26/2025,930,2,2,0,1,CLOUDY,DRY,FALSE,OTHER INTERSECTION COLLISIONS,REAR END,STRAIGHT & LEVEL,DAYLIGHT,,,45988.65135,FALSE,157,Accepted,5,4,C,,INATTENTION,
35583961,0870100,MT. STERLING POLICE DEPARTMENT,Accepted,MONTGOMERY,KY0686,,INDIAN MOUND,DR,,,,,,,,38.07367953,-83.95128617,0.192,11/22/2025,1215,2,2,0,5,CLOUDY,DRY,FALSE,1 VEHICLE ENTERING/LEAVING ENTRANCE,ANGLE,STRAIGHT & LEVEL,DAYLIGHT,,,45988.65138,FALSE,157,Accepted,4,4,C,,"FAILED TO YIELD RIGHT OF WAY, INATTENTION",
35583963,0870100,MT. STERLING POLICE DEPARTMENT,Accepted,MONTGOMERY,US0460,1005,MAYSVILLE,RD,,,,,,,,38.07988872,-83.94908679,7.827,11/15/2025,2313,2,2,0,0,CLEAR,DRY,TRUE,1 VEHICLE PARKED POSITION (NOT PARKING LOT/DRIVEWAY),BACKING,STRAIGHT & HILLCREST,DARK-HWY LIGHTED/ON,,,45988.65146,FALSE,160,Accepted,5,5,O,,DISTRACTION,
35586296,0870100,MT. STERLING POLICE DEPARTMENT,Accepted,MONTGOMERY,KY0686,,INDIAN MOUND,DR,,,,,,,,38.05991479,-83.95593527,1.237,11/21/2025,2002,2,2,0,0,RAINING,WET,FALSE,1 VEHICLE ENTERING/LEAVING ENTRANCE,ANGLE,STRAIGHT & LEVEL,DARK-HWY LIGHTED/ON,,,45989.62287,FALSE,165,Accepted,5,5,O,,FAILED TO YIELD RIGHT OF WAY,
35586367,0870100,MT. STERLING POLICE DEPARTMENT,Accepted,MONTGOMERY,,505,MEADOW,CT,,,,,,,,38.04907475,-83.95749955,0.005,11/27/2025,1914,2,2,0,0,CLEAR,DRY,FALSE,1 VEHICLE PARKED POSITION (NOT PARKING LOT/DRIVEWAY),BACKING,STRAIGHT & LEVEL,DARK-HWY NOT LIGHTED,,,45989.64324,FALSE,163,Accepted,5,5,O,IMPROPERLY PARKED VEHICLE(S),INATTENTION,
35586368,0870100,MT. STERLING POLICE DEPARTMENT,Accepted,MONTGOMERY,,130,SKYVIEW,DR,,,,,,,,38.03996161,-83.9365265,0.276,11/15/2025,1652,2,2,0,0,CLEAR,DRY,FALSE,1 VEHICLE PARKED POSITION (NOT PARKING LOT/DRIVEWAY),BACKING,STRAIGHT & LEVEL,DAYLIGHT,,,45989.64328,FALSE,163,Accepted,5,5,O,IMPROPERLY PARKED VEHICLE(S),INATTENTION,
35590010,0870100,MT. STERLING POLICE DEPARTMENT,Accepted,MONTGOMERY,US0460,,MAYSVILLE,ST,N,,,,,,,38.07556257,-83.94868499,8.181,11/28/2025,2138,2,2,0,0,CLEAR,DRY,FALSE,OTHER ROADWAY OR MID-BLOCK COLLISION,REAR END,STRAIGHT & LEVEL,DARK-HWY LIGHTED/ON,,,45990.89983,FALSE,165,Accepted,5,5,O,,INATTENTION,"WINDOWS, WINDSHIELD"
35594827,0870000,MONTGOMERY CTY SHERIFF DEPT,Accepted,MONTGOMERY,KY0011,,LEVEE,RD,,,,,,,,38.0197519,-83.94937791,7.782,11/17/2025,1531,2,1,0,0,CLEAR,DRY,FALSE,SIDESWIPE COLLISION - OPPOSITE DIRECTION,SIDESWIPE-OPPOSITE DIRECTION,CURVE & LEVEL,DAYLIGHT,,,45992.41241,FALSE,282,Accepted,5,5,O,,,
35596273,0870100,MT. STERLING POLICE DEPARTMENT,Accepted,MONTGOMERY,KY0011,,LEVEE,RD,,KY0686,INDIAN MOUND,,,,,38.04139244,-83.94780176,9.242,10/29/2025,1111,3,3,0,1,RAINING,WET,FALSE,OPPOSING LEFT TURN,OPPOSING LEFT TURN,STRAIGHT & LEVEL,DAYLIGHT,,,45992.6462,TRUE,162,Accepted,5,3,B,,INATTENTION,
35596277,0870100,MT. STERLING POLICE DEPARTMENT,Accepted,MONTGOMERY,US0060,600,WINCHESTER,RD,,,,,,,,38.05355251,-83.95933442,4.121,11/23/2025,1445,2,2,0,0,CLEAR,DRY,FALSE,REAR END IN TRAFFIC LANES BOTH VEHICLES MOVING,REAR END,STRAIGHT & LEVEL,DAYLIGHT,,,45992.64624,FALSE,162,Accepted,5,5,O,,LOST CONSCIOUSNESS/FAINTED,