IncidentID,AgencyORI,AgencyName,IncidentStatusDesc,County,RdwyNumber,Street,RoadwayName,StreetSfx,StreetDir,IntersectionRdwy,IntersectionRdwyName,BetweenStRdwy1,BetweenStRdwyName1,BetweenStRdwy2,BetweenStRdwyName2,Latitude,Longitude,Milepoint,CollisionDate,CollisionTime,UnitsInvolved,MotorVehiclesInvolved,NumberKilled,NumberInjured,Weather,RdwyConditionCode,HitandRun,DirAnalysisCode,MannerofCollision,RdwyCharacter,LightCondition,RampFromRdwyId,RampToRdwyId,AcceptedDate,IsSecondaryCollision,OwnerBadge,IncidentStatus,InjurySeverityCde,KABCO Code,KABCO,Environmental_Factors,Human_Factors,Vehicular_Factors
35600448,0870100,MT. STERLING POLICE DEPARTMENT,Accepted,MONTGOMERY,,,REESE,WAY,,,,,,,,38.06751572,-83.95449884,0.008,11/28/2025,1541,2,2,0,0,CLOUDY,DRY,FALSE,VEHICLE BACKING NON INTERSECTION,BACKING,STRAIGHT & LEVEL,DAYLIGHT,,,45993.63419,FALSE,160,Accepted,5,5,O,,INATTENTION,
35608650,0870100,MT. STERLING POLICE DEPARTMENT,Accepted,MONTGOMERY,,,REESE,WAY,,,GENBEACH,,,,,38.06724803,-83.95403492,0.076,12/4/2025,815,2,2,0,0,CLEAR,DRY,FALSE,ANGLE COLLISION - OTHER,ANGLE,STRAIGHT & LEVEL,DAYLIGHT,,,45995.60437,FALSE,152,Accepted,5,5,O,,FAILED TO YIELD RIGHT OF WAY,
35610622,0870100,MT. STERLING POLICE DEPARTMENT,Accepted,MONTGOMERY,,,SYCAMORE,ST,N,,,,,,,38.05929521,-83.94617334,0.211,12/4/2025,41,2,2,0,0,CLEAR,DRY,FALSE,1 VEHICLE PARKED POSITION (NOT PARKING LOT/DRIVEWAY),SIDESWIPE-SAME DIRECTION,STRAIGHT & LEVEL,DARK-HWY NOT LIGHTED,,,45995.93085,FALSE,154,Accepted,5,5,O,,"INATTENTION, MISJUDGE CLEARANCE",
35613634,0870000,MONTGOMERY CTY SHERIFF DEPT,Accepted,MONTGOMERY,US0460,,CAMARGO,RD,,,,,,,,38.04773996,-83.93749723,10.251,11/18/2025,2103,1,1,0,0,RAINING,WET,FALSE,COLLISION WITH FIXED OBJECT NON - INTERSECTION - FIRST EVENT COLLISION 09 - 32 EXCLUDING 16,SINGLE VEHICLE,STRAIGHT & LEVEL,OTHER,,,45996.67926,FALSE,284,Accepted,5,5,O,,INATTENTION,
35613636,0870000,MONTGOMERY CTY SHERIFF DEPT,Accepted,MONTGOMERY,US0460,,CAMARGO,RD,,,,,,,,38.03806534,-83.93289157,10.984,11/14/2025,1952,1,1,0,0,CLOUDY,DRY,FALSE,COLLISION WITH ANIMAL NON INTERSECTION,SINGLE VEHICLE,CURVE & LEVEL,DARK-HWY NOT LIGHTED,,,45996.6793,FALSE,248,Accepted,5,5,O,ANIMALS ACTION,,
35613639,0870000,MONTGOMERY CTY SHERIFF DEPT,Accepted,MONTGOMERY,KY0537,2025,BUNKER HILL,RD,,,,,,,,38.13829262,-83.98963618,2.269,11/13/2025,546,2,2,0,0,CLOUDY,DRY,FALSE,SIDESWIPE COLLISION - OPPOSITE DIRECTION,SIDESWIPE-OPPOSITE DIRECTION,STRAIGHT & LEVEL,DARK-HWY LIGHTED/OFF,,,45996.67935,FALSE,252,Accepted,5,5,O,,IMPROPER PASSING,MIRRORS
35613640,0870000,MONTGOMERY CTY SHERIFF DEPT,Accepted,MONTGOMERY,,,FOGG PIKE CONN,,,KY0686,INDIAN MOUND,,,,,38.04192595,-83.95080338,0.005,11/23/2025,1133,2,2,0,0,CLEAR,DRY,TRUE,OTHER INTERSECTION COLLISIONS,REAR END,STRAIGHT & LEVEL,DAYLIGHT,,,45996.67938,FALSE,282,Accepted,5,5,O,,,
35613648,0870000,MONTGOMERY CTY SHERIFF DEPT,Accepted,MONTGOMERY,KY0213,805,KY213,,S,,,,,,,37.96538785,-83.85825658,4.45,11/23/2025,1936,2,2,0,0,FOG,DRY,FALSE,1 VEHICLE ENTERING/LEAVING ENTRANCE,ANGLE,STRAIGHT & LEVEL,DARK-HWY LIGHTED/OFF,,,45996.67951,FALSE,298,Accepted,5,5,O,"IMPROPERLY PARKED VEHICLE(S), VIEW OBSTRUCTED, LIMITED DUE TO WEATHER CONDITIONS","FAILED TO KEEP PROPER LANE, IMPROPER BACKING, MISJUDGE CLEARANCE",
35620727,0870100,MT. STERLING POLICE DEPARTMENT,Accepted,MONTGOMERY,KY0686,,INDIAN MOUND,DR,,,,,,,,38.06732277,-83.95520633,0.723,12/6/2025,1134,2,2,0,1,CLOUDY,DRY,FALSE,1 VEHICLE ENTERING/LEAVING ENTRANCE,ANGLE,STRAIGHT & LEVEL,DAYLIGHT,,,45999.09802,FALSE,167,Accepted,5,2,A,,DISREGARD TRAFFIC CONTROL,
35623427,0870100,MT. STERLING POLICE DEPARTMENT,Accepted,MONTGOMERY,,,VANCE,DR,,KY0686,INDIAN MOUND,,,,,38.07382774,-83.9513366,0.016,12/1/2025,1402,2,2,0,0,CLEAR,DRY,FALSE,OTHER INTERSECTION COLLISIONS,REAR END,STRAIGHT & LEVEL,DAYLIGHT,,,45999.65749,FALSE,162,Accepted,5,5,O,,,
35652347,0870100,MT. STERLING POLICE DEPARTMENT,Accepted,MONTGOMERY,,224,LOCUST,ST,W,,,,,,,38.05428389,-83.94633625,0.43,12/14/2025,1710,1,1,0,0,CLEAR,DRY,TRUE,OTHER ROADWAY OR MID-BLOCK COLLISION,SINGLE VEHICLE,STRAIGHT & LEVEL,DAYLIGHT,,,46007.22613,FALSE,154,Accepted,5,5,O,SLIPPERY SURFACE,,
35652348,0870100,MT. STERLING POLICE DEPARTMENT,Accepted,MONTGOMERY,KY1991,,HINKSTON,PIKE,,,RIDGECREST,,,,,38.06900604,-83.93804647,0.48,12/15/2025,1834,2,2,0,0,CLEAR,DRY,FALSE,ANGLE COLLISION - OTHER,ANGLE,STRAIGHT & LEVEL,DARK-HWY LIGHTED/ON,,,46007.22615,FALSE,154,Accepted,5,5,O,,INATTENTION,
35662009,0870100,MT. STERLING POLICE DEPARTMENT,Accepted,MONTGOMERY,,,ACCESS,RD,,,,,,,,38.06754279,-83.9540118,0.216,12/15/2025,1231,2,2,0,0,CLEAR,DRY,FALSE,OTHER ROADWAY OR MID-BLOCK COLLISION,REAR END,STRAIGHT & LEVEL,DAYLIGHT,,,46009.01755,FALSE,128,Accepted,5,5,O,,OTHER,
35662010,0870100,MT. STERLING POLICE DEPARTMENT,Accepted,MONTGOMERY,KY0686,686,INDIAN MOUND,DR,,,,,,,,38.06199219,-83.95575058,1.091,12/17/2025,1554,2,2,0,0,CLEAR,DRY,FALSE,1 VEHICLE ENTERING/LEAVING ENTRANCE,ANGLE,STRAIGHT & LEVEL,DAYLIGHT,,,46009.01763,FALSE,108,Accepted,5,5,O,,"DISREGARD TRAFFIC CONTROL, FAILED TO YIELD RIGHT OF WAY",
35664579,0870100,MT. STERLING POLICE DEPARTMENT,Accepted,MONTGOMERY,US0060,,WINCHESTER,RD,,,,,,,,38.05374071,-83.95652713,4.314,12/17/2025,808,1,1,0,0,CLEAR,DRY,FALSE,COLLISION WITH FIXED OBJECT NON - INTERSECTION - FIRST EVENT COLLISION 09 - 32 EXCLUDING 16,SINGLE VEHICLE,STRAIGHT & LEVEL,DAYLIGHT,,,46009.66405,FALSE,139,Accepted,5,5,O,,INATTENTION,
35672927,0870100,MT. STERLING POLICE DEPARTMENT,Accepted,MONTGOMERY,US0060,,MAIN,ST,W,,,,,,,38.05646068,-83.94278403,5.033,12/20/2025,630,1,1,0,0,CLEAR,DRY,FALSE,OTHER ROADWAY OR MID-BLOCK COLLISION,SINGLE VEHICLE,STRAIGHT & LEVEL,DARK-HWY LIGHTED/ON,,,46011.96785,FALSE,157,Accepted,5,5,O,,CELL PHONE,
35674936,0870100,MT. STERLING POLICE DEPARTMENT,Accepted,MONTGOMERY,,150,EVANS,AVE,,,,,,,,38.0747806,-83.95037507,0.008,12/15/2025,1658,2,2,0,0,CLEAR,SNOW/SLUSH,FALSE,VEHICLE BACKING NON INTERSECTION,BACKING,STRAIGHT & LEVEL,DAYLIGHT,,,46012.70662,FALSE,163,Accepted,5,5,O,,INATTENTION,
35677346,0870000,MONTGOMERY CTY SHERIFF DEPT,Accepted,MONTGOMERY,,,CRESTVIEW,DR,,,,,,,,38.04432381,-83.9783687,0.15,11/26/2025,1826,2,2,0,0,CLEAR,DRY,FALSE,1 VEHICLE PARKED POSITION (NOT PARKING LOT/DRIVEWAY),BACKING,STRAIGHT & LEVEL,DARK-HWY NOT LIGHTED,,,46013.36257,FALSE,284,Accepted,5,5,O,,INATTENTION,
35677348,0870000,MONTGOMERY CTY SHERIFF DEPT,Accepted,MONTGOMERY,KY1331,,HOWARDS MILL,RD,,,HARPERS RIDGE,,,,,38.06560222,-83.85618691,2.974,5/2/2021,1718,1,1,0,1,CLEAR,DRY,FALSE,COLLISION WITH FIXED OBJECT IN INTERSECTION - FIRST EVENT COLLISION 09 - 32,SINGLE VEHICLE,STRAIGHT & HILLCREST,DAYLIGHT,,,46013.36266,FALSE,249,Accepted,5,3,B,,,BRAKES DEFECTIVE
35677349,0870000,MONTGOMERY CTY SHERIFF DEPT,Accepted,MONTGOMERY,US0460,7753,MAIN,ST,,,,,,,,37.98078001,-83.86306177,16.71,5/3/2021,1704,2,2,0,0,CLEAR,DRY,FALSE,1 VEHICLE ENTERING/LEAVING ENTRANCE,ANGLE,STRAIGHT & LEVEL,DAYLIGHT,,,46013.36274,FALSE,249,Accepted,5,5,O,,INATTENTION,
35677361,0870000,MONTGOMERY CTY SHERIFF DEPT,Accepted,MONTGOMERY,,777,PREWITT GRASSY LICK,RD,,,,,,,,38.05184177,-84.01526371,1.158,11/30/2025,1042,1,1,0,0,CLEAR,DRY,FALSE,RAN OFF ROADWAY (1 VEHICLE WITH/EARTH EMBANKMENT/DITCH),SINGLE VEHICLE,CURVE & LEVEL,DAYLIGHT,,,46013.36306,FALSE,238,Accepted,5,5,O,,NOT UNDER PROPER CONTROL,
35683133,0870100,MT. STERLING POLICE DEPARTMENT,Accepted,MONTGOMERY,,103,SHORT,ST,,,,,,,,38.04992436,-83.93893936,0.009,12/20/2025,2255,2,2,0,0,CLEAR,DRY,TRUE,1 VEHICLE PARKED POSITION (NOT PARKING LOT/DRIVEWAY),SIDESWIPE-OPPOSITE DIRECTION,STRAIGHT & LEVEL,DARK-HWY LIGHTED/OFF,,,46014.62667,FALSE,159,Accepted,5,5,O,,FAILED TO KEEP PROPER LANE,
35683134,0870100,MT. STERLING POLICE DEPARTMENT,Accepted,MONTGOMERY,KY0686,,INDIAN MOUND,DR,,,,,,,,38.0710492,-83.9551217,0.465,12/22/2025,1214,2,2,0,1,CLEAR,DRY,FALSE,OTHER ROADWAY OR MID-BLOCK COLLISION,OPPOSING LEFT TURN,CURVE & GRADE,DAYLIGHT,,,46014.62671,FALSE,167,Accepted,4,4,C,,INATTENTION,
35700285,0870000,MONTGOMERY CTY SHERIFF DEPT,Accepted,MONTGOMERY,US0060,1802,WINCHESTER,RD,,,,,,,,38.0509176,-83.97428133,3.303,11/28/2025,1,1,1,0,0,CLEAR,DRY,TRUE,OTHER ROADWAY OR MID-BLOCK COLLISION,SINGLE VEHICLE,CURVE & LEVEL,DARK-HWY LIGHTED/ON,,,46020.69763,FALSE,298,Accepted,5,5,O,,"ALCOHOL INVOLVEMENT, FAILED TO KEEP PROPER LANE, NOT UNDER PROPER CONTROL",
35700292,0870000,MONTGOMERY CTY SHERIFF DEPT,Accepted,MONTGOMERY,,,MCCORMICK,RD,,,,,,,,38.00924285,-83.87026079,0.349,12/8/2025,1350,1,1,0,0,CLEAR,SNOW/SLUSH,FALSE,RAN OFF ROADWAY (1 VEHICLE WITH/EARTH EMBANKMENT/DITCH),SINGLE VEHICLE,CURVE & LEVEL,DAYLIGHT,,,46020.69775,FALSE,238,Accepted,5,5,O,,NOT UNDER PROPER CONTROL,
35703795,0870100,MT. STERLING POLICE DEPARTMENT,Accepted,MONTGOMERY,,134,SIDNEY,DR,,,,,,,,38.06460911,-83.93765998,0.174,12/28/2025,1856,2,2,0,0,CLEAR,DRY,FALSE,1 VEHICLE PARKED POSITION (NOT PARKING LOT/DRIVEWAY),BACKING,STRAIGHT & LEVEL,DARK-HWY LIGHTED/OFF,,,46021.61894,FALSE,144,Accepted,5,5,O,,MISJUDGE CLEARANCE,
35705480,0870100,MT. STERLING POLICE DEPARTMENT,Accepted,MONTGOMERY,KY0686,,INDIAN MOUND,DR,,,,,,,,38.06261954,-83.95574055,1.048,12/26/2025,1800,2,2,0,0,CLEAR,DRY,FALSE,SIDESWIPE COLLISION - SAME DIRECTION,SIDESWIPE-SAME DIRECTION,STRAIGHT & LEVEL,DARK-HWY LIGHTED/ON,,,46021.93161,FALSE,154,Accepted,5,5,O,,"FAILED TO KEEP PROPER LANE, INATTENTION",
35705481,0870100,MT. STERLING POLICE DEPARTMENT,Accepted,MONTGOMERY,,,COBBLER,LN,E,,,,,,,38.0387804,-83.93877647,0.076,12/30/2025,1721,2,2,0,0,CLEAR,DRY,FALSE,VEHICLE BACKING NON INTERSECTION,BACKING,STRAIGHT & LEVEL,DAYLIGHT,,,46021.93164,FALSE,108,Accepted,5,5,O,,IMPROPER BACKING,
35710903,0870000,MONTGOMERY CTY SHERIFF DEPT,Accepted,MONTGOMERY,,1829,ARLINGTON,AVE,,,BEACHMONT,,,,,38.07775119,-83.90445444,0.061,12/10/2025,1739,2,2,0,0,"SLEET, HAIL, FREEZING RAIN",WET,FALSE,COLLISION WITH FIXED OBJECT IN INTERSECTION - FIRST EVENT COLLISION 09 - 32,ANGLE,STRAIGHT & LEVEL,DARK-HWY LIGHTED/ON,,,46023.56865,FALSE,298,Accepted,5,5,O,,"FAILED TO YIELD RIGHT OF WAY, INATTENTION, NOT UNDER PROPER CONTROL",
35710906,0870000,MONTGOMERY CTY SHERIFF DEPT,Accepted,MONTGOMERY,,,HARPERS RIDGE,RD,,KY1331,HOWARDS MILL,,,,,38.06552083,-83.85613875,4.203,12/12/2025,807,1,1,0,0,SNOWING,SNOW/SLUSH,FALSE,COLLISION WITH FIXED OBJECT IN INTERSECTION - FIRST EVENT COLLISION 09 - 32,SINGLE VEHICLE,STRAIGHT & GRADE,DAWN,,,46023.56874,FALSE,238,Accepted,5,5,O,SLIPPERY SURFACE,TOO FAST FOR CONDITIONS,
35710910,0870000,MONTGOMERY CTY SHERIFF DEPT,Accepted,MONTGOMERY,US0460,,CAMARGO,RD,,,WILLOUGHBY HEIGHTS,,,,,37.98769352,-83.87622034,15.823,12/12/2025,1539,2,2,0,0,CLOUDY,WET,FALSE,OTHER INTERSECTION COLLISIONS,REAR END,STRAIGHT & GRADE,DAYLIGHT,,,46023.5688,FALSE,238,Accepted,5,5,O,,"FATIGUE, INATTENTION",
35710916,0870000,MONTGOMERY CTY SHERIFF DEPT,Accepted,MONTGOMERY,KY0011,,LEVEE,RD,,,,,,,,37.9904709,-83.94108973,5.541,12/14/2025,1149,2,2,0,1,CLEAR,WET,FALSE,OTHER ROADWAY OR MID-BLOCK COLLISION,REAR END,STRAIGHT & LEVEL,DAYLIGHT,,,46023.56894,FALSE,238,Accepted,3,3,B,,INATTENTION,
35710918,0870000,MONTGOMERY CTY SHERIFF DEPT,Accepted,MONTGOMERY,,,OREAR,RD,,,,,,,,37.95257591,-83.94310715,0.393,12/12/2025,351,1,1,0,1,SNOWING,ICE,FALSE,OTHER ROADWAY OR MID-BLOCK COLLISION,SINGLE VEHICLE,STRAIGHT & GRADE,DARK-HWY LIGHTED/OFF,,,46023.56902,FALSE,298,Accepted,5,4,C,SLIPPERY SURFACE,,
35710920,0870000,MONTGOMERY CTY SHERIFF DEPT,Accepted,MONTGOMERY,US0060,,WINCHESTER,RD,,,,,,,,38.0493104,-83.97730872,3.106,12/15/2025,1622,1,1,0,0,CLEAR,DRY,FALSE,OTHER COLLISIONS ON SHOULDER,SINGLE VEHICLE,STRAIGHT & LEVEL,DAYLIGHT,,,46023.56908,FALSE,282,Accepted,5,5,O,,DISTRACTION,
35710921,0870000,MONTGOMERY CTY SHERIFF DEPT,Accepted,MONTGOMERY,US0460,,CAMARGO,RD,,,,,,,,38.02207343,-83.91609385,12.437,12/4/2025,1600,2,2,0,0,RAINING,WET,FALSE,1 VEHICLE ENTERING/LEAVING ENTRANCE,ANGLE,STRAIGHT & LEVEL,DAYLIGHT,,,46023.56911,FALSE,257,Accepted,5,5,O,,INATTENTION,
35710922,0870000,MONTGOMERY CTY SHERIFF DEPT,Accepted,MONTGOMERY,,196,BRISTOL,LN,,,,,,,,38.0716293,-83.89313295,0.633,12/17/2025,1407,2,2,0,0,CLEAR,DRY,FALSE,1 VEHICLE PARKED POSITION (NOT PARKING LOT/DRIVEWAY),BACKING,STRAIGHT & LEVEL,DAYLIGHT,,,46023.56914,FALSE,238,Accepted,5,5,O,,MISJUDGE CLEARANCE,
35710925,0870000,MONTGOMERY CTY SHERIFF DEPT,Accepted,MONTGOMERY,,605,DOE RUN,DR,,,,,,,,38.07270407,-83.91860228,0.086,12/18/2025,1402,2,2,0,0,CLOUDY,DRY,FALSE,1 VEHICLE PARKED POSITION (NOT PARKING LOT/DRIVEWAY),BACKING,STRAIGHT & LEVEL,DAYLIGHT,,,46023.56921,FALSE,238,Accepted,5,5,O,,"DISTRACTION, INATTENTION",
35710929,0870000,MONTGOMERY CTY SHERIFF DEPT,Accepted,MONTGOMERY,KY0713,,SPENCER,PIKE,,,,,,,,38.02199873,-83.78450079,16.194,12/19/2025,1817,1,1,0,0,CLEAR,DRY,FALSE,COLLISION WITH ANIMAL NON INTERSECTION,SINGLE VEHICLE,STRAIGHT & LEVEL,DARK-HWY NOT LIGHTED,,,46023.56927,FALSE,298,Accepted,5,5,O,ANIMALS ACTION,,
35710930,0870000,MONTGOMERY CTY SHERIFF DEPT,Accepted,MONTGOMERY,US0460,,MAIN,ST,,,,,,,,37.97920853,-83.85944907,16.934,12/19/2025,1007,1,1,0,1,CLOUDY,DRY,FALSE,OTHER COLLISIONS ON SHOULDER,SINGLE VEHICLE,CURVE & HILLCREST,DAYLIGHT,,,46023.5693,FALSE,282,Accepted,5,2,A,,LOST CONSCIOUSNESS/FAINTED,
35710931,0870000,MONTGOMERY CTY SHERIFF DEPT,Accepted,MONTGOMERY,KY0011,6899,LEVEE,RD,,,,,,,,37.96144933,-83.93916918,3.388,12/20/2025,1621,2,2,0,0,CLEAR,DRY,FALSE,REAR END IN TRAFFIC LANES BOTH VEHICLES MOVING,REAR END,STRAIGHT & LEVEL,DAYLIGHT,,,46023.56933,FALSE,252,Accepted,5,5,O,,"EMOTIONAL, FOLLOWING TOO CLOSE",
35710933,0870000,MONTGOMERY CTY SHERIFF DEPT,Accepted,MONTGOMERY,,,MAPLE RIDGE,RD,,,,,,,,38.05236997,-83.97306375,0.034,12/10/2025,1100,2,2,0,0,RAINING,WET,FALSE,1 VEHICLE PARKED POSITION (NOT PARKING LOT/DRIVEWAY),BACKING,STRAIGHT & LEVEL,DAYLIGHT,,,46023.56937,FALSE,257,Accepted,5,5,O,,INATTENTION,
35710935,0870000,MONTGOMERY CTY SHERIFF DEPT,Accepted,MONTGOMERY,US0460,,CAMARGO,RD,,,,,,,,37.99153758,-83.88087832,15.454,12/19/2025,1851,1,1,0,0,CLEAR,DRY,FALSE,COLLISION WITH ANIMAL NON INTERSECTION,SINGLE VEHICLE,STRAIGHT & LEVEL,DAYLIGHT,,,46023.5694,FALSE,284,Accepted,5,5,O,,,
35710936,0870000,MONTGOMERY CTY SHERIFF DEPT,Accepted,MONTGOMERY,US0060,,OWINGSVILLE,RD,,,,,,,,38.07465709,-83.9187288,7.178,12/18/2025,1239,2,2,0,0,CLOUDY,DRY,FALSE,REAR END IN TRAFFIC LANES BOTH VEHICLES MOVING,REAR END,STRAIGHT & LEVEL,DAYLIGHT,,,46023.56943,FALSE,227,Accepted,5,5,O,,NOT UNDER PROPER CONTROL,
35710937,0870000,MONTGOMERY CTY SHERIFF DEPT,Accepted,MONTGOMERY,US0060,,WINCHESTER,RD,,,,,,,,38.03247877,-84.02331744,0.206,12/17/2025,1743,1,1,0,0,CLEAR,DRY,FALSE,COLLISION WITH ANIMAL NON INTERSECTION,SINGLE VEHICLE,STRAIGHT & LEVEL,DARK-HWY NOT LIGHTED,,,46023.56946,FALSE,227,Accepted,5,5,O,ANIMALS ACTION,,
35710938,0870000,MONTGOMERY CTY SHERIFF DEPT,Accepted,MONTGOMERY,KY0011,,LEVEE,RD,,,,,,,,37.99808163,-83.94184832,6.099,12/18/2025,1900,1,1,0,0,RAINING,WET,FALSE,COLLISION WITH FIXED OBJECT NON - INTERSECTION - FIRST EVENT COLLISION 09 - 32 EXCLUDING 16,SINGLE VEHICLE,CURVE & LEVEL,DARK (UNKNOWN ROADWAY LIGHTING),,,46023.5695,FALSE,250,Accepted,5,5,O,"VIEW OBSTRUCTED, LIMITED DUE TO WEATHER CONDITIONS",,
35711342,0870100,MT. STERLING POLICE DEPARTMENT,Accepted,MONTGOMERY,,109,WINGTIP,WAY,,,,,,,,38.07445704,-83.94798012,0.019,12/31/2025,1717,2,2,0,0,CLEAR,DRY,FALSE,REAR END IN TRAFFIC LANES BOTH VEHICLES MOVING,REAR END,STRAIGHT & LEVEL,DUSK,,,46023.68049,FALSE,163,Accepted,5,5,O,,MISJUDGE CLEARANCE,
35713876,0870000,MONTGOMERY CTY SHERIFF DEPT,Accepted,MONTGOMERY,US0060,,WINCHESTER,RD,,,,,,,,38.03536969,-84.01390828,0.754,12/23/2025,1439,2,2,0,0,CLOUDY,DRY,FALSE,OTHER ROADWAY OR MID-BLOCK COLLISION,REAR END,STRAIGHT & LEVEL,DAYLIGHT,,,46024.46022,FALSE,238,Accepted,5,5,O,BACKUP DUE TO REGULAR CONGESTION,INATTENTION,
35713877,0870000,MONTGOMERY CTY SHERIFF DEPT,Accepted,MONTGOMERY,US0460,,CAMARGO,RD,,,COUNTRY HEIGHTS,,,,,38.03357559,-83.92905556,11.363,12/24/2025,1513,2,2,0,0,CLOUDY,DRY,FALSE,OTHER INTERSECTION COLLISIONS,REAR END,STRAIGHT & LEVEL,DAYLIGHT,,,46024.46025,FALSE,252,Accepted,5,5,O,,FOLLOWING TOO CLOSE,
35721848,0870100,MT. STERLING POLICE DEPARTMENT,Accepted,MONTGOMERY,US0460,,MAYSVILLE,ST,N,,HIGH,,,,,38.05735039,-83.94241606,9.493,12/31/2025,1345,2,2,0,0,CLOUDY,DRY,FALSE,OTHER INTERSECTION COLLISIONS,REAR END,STRAIGHT & LEVEL,DAYLIGHT,,,46027.00022,FALSE,157,Accepted,5,5,O,,DISTRACTION,
35783241,0870000,MONTGOMERY CTY SHERIFF DEPT,Accepted,MONTGOMERY,US0460,,MAIN,ST,,,,,,,,37.96751056,-83.82231087,19.067,12/27/2025,1339,1,1,0,1,CLEAR,DRY,FALSE,OTHER ROADWAY OR MID-BLOCK COLLISION,SINGLE VEHICLE,STRAIGHT & GRADE,DAYLIGHT,,,46041.40978,FALSE,255,Accepted,5,2,A,,,
35783242,0870000,MONTGOMERY CTY SHERIFF DEPT,Accepted,MONTGOMERY,US0460,,MAIN,ST,,,,,,,,37.96715983,-83.8211466,19.138,12/27/2025,1351,2,2,0,0,CLEAR,DRY,FALSE,SIDESWIPE COLLISION - SAME DIRECTION,SIDESWIPE-SAME DIRECTION,STRAIGHT & GRADE,DAYLIGHT,,,46041.40984,FALSE,255,Accepted,5,5,O,,"DISTRACTION, INATTENTION",
35783244,0870000,MONTGOMERY CTY SHERIFF DEPT,Accepted,MONTGOMERY,,,STEPSTONE,RD,,,TURLEY,,,,,38.08852888,-83.87447744,1.284,12/25/2025,1218,2,2,0,0,CLEAR,DRY,TRUE,SIDESWIPE-SAME DIRECTION,SIDESWIPE-SAME DIRECTION,STRAIGHT & HILLCREST,DAYLIGHT,,,46041.40988,FALSE,298,Accepted,5,5,O,,"ALCOHOL INVOLVEMENT, FAILED TO YIELD RIGHT OF WAY, IMPROPER PASSING",
35783246,0870000,MONTGOMERY CTY SHERIFF DEPT,Accepted,MONTGOMERY,US0060,,WINCHESTER,RD,,KY0686,INDIAN MOUND,,,,,38.05384297,-83.95674276,4.315,12/29/2025,1157,2,2,0,0,CLOUDY,DRY,FALSE,OTHER INTERSECTION COLLISIONS,REAR END,STRAIGHT & LEVEL,DAYLIGHT,,,46041.40993,FALSE,252,Accepted,5,5,O,,NOT UNDER PROPER CONTROL,
35783255,0870000,MONTGOMERY CTY SHERIFF DEPT,Accepted,MONTGOMERY,KY0646,1411,WHITAKER,LN,,,,,,,,38.02473238,-83.91270404,13.962,12/29/2025,2330,2,2,0,0,BLOWING SAND/SOIL/DIRT/SNOW,DRY,FALSE,1 VEHICLE ENTERING/LEAVING ENTRANCE,ANGLE,STRAIGHT & LEVEL,DARK (UNKNOWN ROADWAY LIGHTING),,,46041.41014,FALSE,257,Accepted,5,5,O,,,
35783292,0870000,MONTGOMERY CTY SHERIFF DEPT,Accepted,MONTGOMERY,US0460,,CAMARGO,RD,,,,,,,,38.00037999,-83.898343,14.251,1/6/2025,648,3,3,0,0,CLEAR,WET,FALSE,REAR END IN TRAFFIC LANES BOTH VEHICLES MOVING,REAR END,STRAIGHT & LEVEL,DARK-HWY LIGHTED/ON,,,46041.41098,FALSE,255,Accepted,5,5,O,,NOT UNDER PROPER CONTROL,
35808526,0870000,MONTGOMERY CTY SHERIFF DEPT,Accepted,MONTGOMERY,KY0686,,INDIAN MOUND,DR,,US0060,WINCHESTER,,,,,38.05380766,-83.95625068,1.66,4/19/2025,1500,2,2,1,2,CLEAR,DRY,FALSE,ANGLE COLLISION - OTHER,ANGLE,STRAIGHT & LEVEL,DAYLIGHT,,,46048.4642,FALSE,249,Accepted,3,1,K,,"DISREGARD TRAFFIC CONTROL, EXCEEDED STATED SPEED LIMIT, FAILED TO YIELD RIGHT OF WAY",
35816893,KSP0800,"KY STATE POLICE, POST 08",Accepted,MONTGOMERY,US0460,,CAMARGO,RD,,,,,,,,38.01349162,-83.90824779,13.195,1/23/2025,1116,2,2,0,1,CLEAR,DRY,FALSE,REAR END IN TRAFFIC LANES BOTH VEHICLES MOVING,REAR END,STRAIGHT & LEVEL,DAYLIGHT,,,46051.38577,FALSE,168,Accepted,5,4,C,,INATTENTION,
35829656,0870000,MONTGOMERY CTY SHERIFF DEPT,Accepted,MONTGOMERY,KY1991,4869,HINKSTON,PIKE,,,,,,,,38.12370891,-83.91518669,5.165,12/30/2025,52,1,1,0,3,SNOWING,DRY,FALSE,COLLISION WITH FIXED OBJECT NON - INTERSECTION - FIRST EVENT COLLISION 09 - 32 EXCLUDING 16,SINGLE VEHICLE,STRAIGHT & LEVEL,DARK-HWY NOT LIGHTED,,,46055.5918,FALSE,257,Accepted,3,3,B,,NOT UNDER PROPER CONTROL,
35876318,0870000,MONTGOMERY CTY SHERIFF DEPT,Accepted,MONTGOMERY,US0460,3961,PARIS,RD,,,,,,,,38.10879067,-84.03221404,2.43,8/15/2025,416,1,1,0,0,CLEAR,DRY,FALSE,COLLISION WITH ANIMAL NON INTERSECTION,SINGLE VEHICLE,STRAIGHT & LEVEL,DARK-HWY NOT LIGHTED,,,46066.67337,FALSE,298,Accepted,5,5,O,ANIMALS ACTION,,